갈래,업체명,권역,시도,업체명,허가현황,자료출처
수집·운반,(주)남동에너지,강원권역,강원특별자치도,(주)남동에너지,수집·운반업 · 처리방법 수집·운반 · 원주지방환경청,14 폐기물처리업체 전국취합
수집·운반,(주)태봉산업,강원권역,강원특별자치도,(주)태봉산업,수집·운반업 · 처리방법 수집·운반 · 원주지방환경청,14 폐기물처리업체 전국취합
수집·운반,(주)황소-운반,강원권역,강원특별자치도,(주)황소-운반,수집·운반업 · 처리방법 수집·운반 · 원주지방환경청,14 폐기물처리업체 전국취합
수집·운반,(합)부흥환경,강원권역,강원특별자치도,(합)부흥환경,수집·운반업 · 처리방법 수집·운반 · 원주지방환경청,14 폐기물처리업체 전국취합
수집·운반,(합자)에스엠에코,강원권역,강원특별자치도,(합자)에스엠에코,수집·운반업 · 처리방법 수집·운반 · 원주지방환경청,14 폐기물처리업체 전국취합
수집·운반,니즈환경,강원권역,강원특별자치도,니즈환경,수집·운반업 · 처리방법 수집·운반 · 원주지방환경청,14 폐기물처리업체 전국취합
수집·운반,명진산업주식회사,강원권역,강원특별자치도,명진산업주식회사,수집·운반업 · 처리방법 수집·운반 · 원주지방환경청,14 폐기물처리업체 전국취합
수집·운반,신광환경합자회사,강원권역,강원특별자치도,신광환경합자회사,수집·운반업 · 처리방법 수집·운반 · 원주지방환경청,14 폐기물처리업체 전국취합
수집·운반,중부신대한정유산업(주),강원권역,강원특별자치도,중부신대한정유산업(주),수집·운반업 · 처리방법 수집·운반 · 원주지방환경청,14 폐기물처리업체 전국취합
수집·운반,지우건설(주),강원권역,강원특별자치도,지우건설(주),수집·운반업 · 처리방법 수집·운반 · 원주지방환경청,14 폐기물처리업체 전국취합
수집·운반,천지에너텍,강원권역,강원특별자치도,천지에너텍,수집·운반업 · 처리방법 수집·운반 · 원주지방환경청,14 폐기물처리업체 전국취합
수집·운반,하나그린(주),강원권역,강원특별자치도,하나그린(주),수집·운반업 · 처리방법 수집·운반 · 원주지방환경청,14 폐기물처리업체 전국취합
수집·운반,행운기업주식회사(지정운반),강원권역,강원특별자치도,행운기업주식회사(지정운반),수집·운반업 · 처리방법 수집·운반 · 원주지방환경청,14 폐기물처리업체 전국취합
수집·운반,형제에너지(주),강원권역,강원특별자치도,형제에너지(주),수집·운반업 · 처리방법 수집·운반 · 원주지방환경청,14 폐기물처리업체 전국취합
수집·운반,(주)강명산업사,경상권역,경상남도,(주)강명산업사,수집·운반업 · 처리방법 수집·운반 · 낙동강유역환경청 / 중간 재활용업 · 처리방법 재활용,14 폐기물처리업체 전국취합
수집·운반,(주)그린에코텍,경상권역,경상남도,(주)그린에코텍,수집·운반업 · 처리방법 수집·운반 · 낙동강유역환경청,14 폐기물처리업체 전국취합
수집·운반,(주)그린환경,경상권역,경상남도,(주)그린환경,수집·운반업 · 처리방법 수집·운반 · 낙동강유역환경청,14 폐기물처리업체 전국취합
수집·운반,(주)금화로지스,경상권역,경상남도,(주)금화로지스,수집·운반업 · 처리방법 수집·운반 · 낙동강유역환경청,14 폐기물처리업체 전국취합
수집·운반,(주)만수,경상권역,경상남도,(주)만수,수집·운반업 · 처리방법 수집·운반 · 낙동강유역환경청,14 폐기물처리업체 전국취합
수집·운반,(주)삼우오엔이,경상권역,경상남도,(주)삼우오엔이,수집·운반업 · 처리방법 수집·운반 · 낙동강유역환경청,14 폐기물처리업체 전국취합
수집·운반,(주)새나라환경(운반),경상권역,경상남도,(주)새나라환경(운반),수집·운반업 · 처리방법 수집·운반 · 낙동강유역환경청,14 폐기물처리업체 전국취합
수집·운반,(주)승현알엔티,경상권역,경상남도,(주)승현알엔티,수집·운반업 · 처리방법 수집·운반 · 낙동강유역환경청,14 폐기물처리업체 전국취합
수집·운반,(주)아시아환경,경상권역,경상남도,(주)아시아환경,수집·운반업 · 처리방법 수집·운반 · 낙동강유역환경청,14 폐기물처리업체 전국취합
수집·운반,(주)에스제이랜드,경상권역,경상남도,(주)에스제이랜드,수집·운반업 · 처리방법 수집·운반 · 낙동강유역환경청,14 폐기물처리업체 전국취합
수집·운반,(주)에코원,경상권역,경상남도,(주)에코원,수집·운반업 · 처리방법 수집·운반 · 낙동강유역환경청,14 폐기물처리업체 전국취합
수집·운반,(주)엠에스,경상권역,경상남도,(주)엠에스,수집·운반업 · 처리방법 수집·운반 · 낙동강유역환경청,14 폐기물처리업체 전국취합
수집·운반,(주)오엔이(ONE),경상권역,경상남도,(주)오엔이(ONE),수집·운반업 · 처리방법 수집·운반 · 낙동강유역환경청,14 폐기물처리업체 전국취합
수집·운반,(주)우리환경(창원),경상권역,경상남도,(주)우리환경(창원),수집·운반업 · 처리방법 수집·운반 · 낙동강유역환경청,14 폐기물처리업체 전국취합
수집·운반,(주)이알,경상권역,경상남도,(주)이알,수집·운반업 · 처리방법 수집·운반 · 낙동강유역환경청 / 종합 재활용업 · 처리방법 재활용,14 폐기물처리업체 전국취합
수집·운반,(주)장산환경,경상권역,경상남도,(주)장산환경,수집·운반업 · 처리방법 수집·운반 · 낙동강유역환경청,14 폐기물처리업체 전국취합
수집·운반,(주)재경산업,경상권역,경상남도,(주)재경산업,수집·운반업 · 처리방법 수집·운반 · 낙동강유역환경청 / 종합 재활용업 · 처리방법 재활용,14 폐기물처리업체 전국취합
수집·운반,(주)조은에스앤씨,경상권역,경상남도,(주)조은에스앤씨,수집·운반업 · 처리방법 수집·운반 · 낙동강유역환경청,14 폐기물처리업체 전국취합
수집·운반,(주)지구환경,경상권역,경상남도,(주)지구환경,수집·운반업 · 처리방법 수집·운반 · 낙동강유역환경청,14 폐기물처리업체 전국취합
수집·운반,(주)지에스로직스,경상권역,경상남도,(주)지에스로직스,수집·운반업 · 처리방법 수집·운반 · 낙동강유역환경청,14 폐기물처리업체 전국취합
수집·운반,(주)태경산업환경,경상권역,경상남도,(주)태경산업환경,수집·운반업 · 처리방법 수집·운반 · 낙동강유역환경청,14 폐기물처리업체 전국취합
수집·운반,(주)태종기업,경상권역,경상남도,(주)태종기업,수집·운반업 · 처리방법 수집·운반 · 낙동강유역환경청,14 폐기물처리업체 전국취합
수집·운반,(주)태창크린텍,경상권역,경상남도,(주)태창크린텍,수집·운반업 · 처리방법 수집·운반 · 낙동강유역환경청,14 폐기물처리업체 전국취합
수집·운반,(주)해암물류,경상권역,경상남도,(주)해암물류,수집·운반업 · 처리방법 수집·운반 · 낙동강유역환경청,14 폐기물처리업체 전국취합
수집·운반,KC환경서비스(주)창원사업부,경상권역,경상남도,KC환경서비스(주)창원사업부,수집·운반업 · 처리방법 수집·운반 · 낙동강유역환경청 / 중간처분업 · 처리방법 소각 · 낙동강유역환경청 / 중간 재활용업 · 처리방법 재활용,14 폐기물처리업체 전국취합
수집·운반,가야이앤애스(가야E`S),경상권역,경상남도,가야이앤애스(가야E`S),수집·운반업 · 처리방법 수집·운반 · 낙동강유역환경청,14 폐기물처리업체 전국취합
수집·운반,경상환경energy,경상권역,경상남도,경상환경energy,수집·운반업 · 처리방법 수집·운반 · 낙동강유역환경청,14 폐기물처리업체 전국취합
수집·운반,그린나래,경상권역,경상남도,그린나래,수집·운반업 · 처리방법 수집·운반 · 낙동강유역환경청,14 폐기물처리업체 전국취합
수집·운반,김해환경,경상권역,경상남도,김해환경,수집·운반업 · 처리방법 수집·운반 · 낙동강유역환경청,14 폐기물처리업체 전국취합
수집·운반,남도환경(주),경상권역,경상남도,남도환경(주),수집·운반업 · 처리방법 수집·운반 · 낙동강유역환경청,14 폐기물처리업체 전국취합
수집·운반,대동산업,경상권역,경상남도,대동산업,수집·운반업 · 처리방법 수집·운반 · 낙동강유역환경청,14 폐기물처리업체 전국취합
수집·운반,대양이엔티,경상권역,경상남도,대양이엔티,수집·운반업 · 처리방법 수집·운반 · 낙동강유역환경청,14 폐기물처리업체 전국취합
수집·운반,디유환경,경상권역,경상남도,디유환경,수집·운반업 · 처리방법 수집·운반 · 낙동강유역환경청 / 중간 재활용업 · 처리방법 재활용,14 폐기물처리업체 전국취합
수집·운반,미래환경(김해),경상권역,경상남도,미래환경(김해),수집·운반업 · 처리방법 수집·운반 · 낙동강유역환경청,14 폐기물처리업체 전국취합
수집·운반,보원에코,경상권역,경상남도,보원에코,수집·운반업 · 처리방법 수집·운반 · 낙동강유역환경청,14 폐기물처리업체 전국취합
수집·운반,부용환경물류(주),경상권역,경상남도,부용환경물류(주),수집·운반업 · 처리방법 수집·운반 · 낙동강유역환경청,14 폐기물처리업체 전국취합
수집·운반,세종환경,경상권역,경상남도,세종환경,수집·운반업 · 처리방법 수집·운반 · 낙동강유역환경청,14 폐기물처리업체 전국취합
수집·운반,시온환경,경상권역,경상남도,시온환경,수집·운반업 · 처리방법 수집·운반 · 낙동강유역환경청,14 폐기물처리업체 전국취합
수집·운반,신성환경,경상권역,경상남도,신성환경,수집·운반업 · 처리방법 수집·운반 · 낙동강유역환경청,14 폐기물처리업체 전국취합
수집·운반,에이스환경,경상권역,경상남도,에이스환경,수집·운반업 · 처리방법 수집·운반 · 낙동강유역환경청,14 폐기물처리업체 전국취합
수집·운반,오케이환경(주),경상권역,경상남도,오케이환경(주),수집·운반업 · 처리방법 수집·운반 · 낙동강유역환경청,14 폐기물처리업체 전국취합
수집·운반,용현산업,경상권역,경상남도,용현산업,수집·운반업 · 처리방법 수집·운반 · 낙동강유역환경청,14 폐기물처리업체 전국취합
수집·운반,제이엠에너지,경상권역,경상남도,제이엠에너지,수집·운반업 · 처리방법 수집·운반 · 낙동강유역환경청,14 폐기물처리업체 전국취합
수집·운반,주식회사 나라환경,경상권역,경상남도,주식회사 나라환경,수집·운반업 · 처리방법 수집·운반 · 낙동강유역환경청,14 폐기물처리업체 전국취합
수집·운반,주식회사 이알엠,경상권역,경상남도,주식회사 이알엠,수집·운반업 · 처리방법 수집·운반 · 낙동강유역환경청,14 폐기물처리업체 전국취합
수집·운반,주식회사 제일자원(운반),경상권역,경상남도,주식회사 제일자원(운반),수집·운반업 · 처리방법 수집·운반 · 낙동강유역환경청,14 폐기물처리업체 전국취합
수집·운반,청해티엔에스,경상권역,경상남도,청해티엔에스,수집·운반업 · 처리방법 수집·운반 · 낙동강유역환경청,14 폐기물처리업체 전국취합
수집·운반,청호이엔지,경상권역,경상남도,청호이엔지,수집·운반업 · 처리방법 수집·운반 · 낙동강유역환경청,14 폐기물처리업체 전국취합
수집·운반,태경환경(함안),경상권역,경상남도,태경환경(함안),수집·운반업 · 처리방법 수집·운반 · 낙동강유역환경청,14 폐기물처리업체 전국취합
수집·운반,하나환경 주식회사,경상권역,경상남도,하나환경 주식회사,수집·운반업 · 처리방법 수집·운반 · 낙동강유역환경청,14 폐기물처리업체 전국취합
수집·운반,한솔환경산업(주),경상권역,경상남도,한솔환경산업(주),수집·운반업 · 처리방법 수집·운반 · 낙동강유역환경청,14 폐기물처리업체 전국취합
수집·운반,한스틸,경상권역,경상남도,한스틸,수집·운반업 · 처리방법 수집·운반 · 낙동강유역환경청 / 중간 재활용업 · 처리방법 재활용,14 폐기물처리업체 전국취합
수집·운반,현대케미칼,경상권역,경상남도,현대케미칼,수집·운반업 · 처리방법 수집·운반 · 낙동강유역환경청,14 폐기물처리업체 전국취합
수집·운반,(주)서원이엔티,경상권역,경상북도,(주)서원이엔티,수집·운반업 · 처리방법 수집·운반 · 대구지방환경청,14 폐기물처리업체 전국취합
수집·운반,(주)안석개발(운반자),경상권역,경상북도,(주)안석개발(운반자),수집·운반업 · 처리방법 수집·운반 · 대구지방환경청,14 폐기물처리업체 전국취합
수집·운반,(주)에스에이치로지스-,경상권역,경상북도,(주)에스에이치로지스-,수집·운반업 · 처리방법 수집·운반 · 대구지방환경청,14 폐기물처리업체 전국취합
수집·운반,(주)유진씨엔디,경상권역,경상북도,(주)유진씨엔디,수집·운반업 · 처리방법 수집·운반 · 대구지방환경청,14 폐기물처리업체 전국취합
수집·운반,(주)자연환경,경상권역,경상북도,(주)자연환경,수집·운반업 · 처리방법 수집·운반 · 대구지방환경청,14 폐기물처리업체 전국취합
수집·운반,(주)중앙환경산업,경상권역,경상북도,(주)중앙환경산업,수집·운반업 · 처리방법 수집·운반 · 대구지방환경청,14 폐기물처리업체 전국취합
수집·운반,"(주)태흥환경개발(운,처리자)",경상권역,경상북도,"(주)태흥환경개발(운,처리자)",수집·운반업 · 처리방법 수집·운반 · 대구지방환경청,14 폐기물처리업체 전국취합
수집·운반,(주)티케이케미칼수지공장,경상권역,경상북도,(주)티케이케미칼수지공장,수집·운반업 · 처리방법 수집·운반 · 대구지방환경청 / 중간처분업 · 처리방법 기타 · 대구지방환경청,14 폐기물처리업체 전국취합
수집·운반,경북환경에너지주식회사,경상권역,경상북도,경북환경에너지주식회사,수집·운반업 · 처리방법 수집·운반 · 대구지방환경청 / 중간처분업 · 처리방법 소각 · 대구지방환경청,14 폐기물처리업체 전국취합
수집·운반,금오 리싸이클,경상권역,경상북도,금오 리싸이클,수집·운반업 · 처리방법 수집·운반 · 대구지방환경청,14 폐기물처리업체 전국취합
수집·운반,금오환경개발,경상권역,경상북도,금오환경개발,수집·운반업 · 처리방법 수집·운반 · 대구지방환경청,14 폐기물처리업체 전국취합
수집·운반,대금환경,경상권역,경상북도,대금환경,수집·운반업 · 처리방법 수집·운반 · 대구지방환경청,14 폐기물처리업체 전국취합
수집·운반,성진환경(운반),경상권역,경상북도,성진환경(운반),수집·운반업 · 처리방법 수집·운반 · 대구지방환경청,14 폐기물처리업체 전국취합
수집·운반,에이치에스씨케미칼,경상권역,경상북도,에이치에스씨케미칼,수집·운반업 · 처리방법 수집·운반 · 대구지방환경청,14 폐기물처리업체 전국취합
수집·운반,주은산업(주)-지정,경상권역,경상북도,주은산업(주)-지정,수집·운반업 · 처리방법 수집·운반 · 대구지방환경청,14 폐기물처리업체 전국취합
수집·운반,한일정유(주)(운반),경상권역,경상북도,한일정유(주)(운반),수집·운반업 · 처리방법 수집·운반 · 대구지방환경청,14 폐기물처리업체 전국취합
수집·운반,현대환경(주),경상권역,경상북도,현대환경(주),수집·운반업 · 처리방법 수집·운반 · 대구지방환경청,14 폐기물처리업체 전국취합
수집·운반,홍익산업,경상권역,경상북도,홍익산업,수집·운반업 · 처리방법 수집·운반 · 대구지방환경청,14 폐기물처리업체 전국취합
수집·운반,(주)녹색환경산업사,경상권역,대구광역시,(주)녹색환경산업사,수집·운반업 · 처리방법 수집·운반 · 대구지방환경청,14 폐기물처리업체 전국취합
수집·운반,(주)환경코리아,경상권역,대구광역시,(주)환경코리아,수집·운반업 · 처리방법 수집·운반 · 대구지방환경청 / 중간처분업 · 처리방법 기타 · 대구지방환경청,14 폐기물처리업체 전국취합
수집·운반,대경환경,경상권역,대구광역시,대경환경,수집·운반업 · 처리방법 수집·운반 · 대구지방환경청,14 폐기물처리업체 전국취합
수집·운반,(주)동아유화,경상권역,부산광역시,(주)동아유화,수집·운반업 · 처리방법 수집·운반 · 낙동강유역환경청,14 폐기물처리업체 전국취합
수집·운반,(주)매일환경,경상권역,부산광역시,(주)매일환경,수집·운반업 · 처리방법 수집·운반 · 낙동강유역환경청,14 폐기물처리업체 전국취합
수집·운반,(주)명진로지스,경상권역,부산광역시,(주)명진로지스,수집·운반업 · 처리방법 수집·운반 · 낙동강유역환경청,14 폐기물처리업체 전국취합
수집·운반,(주)미천환경,경상권역,부산광역시,(주)미천환경,수집·운반업 · 처리방법 수집·운반 · 낙동강유역환경청,14 폐기물처리업체 전국취합
수집·운반,(주)세원씨오,경상권역,부산광역시,(주)세원씨오,수집·운반업 · 처리방법 수집·운반 · 낙동강유역환경청,14 폐기물처리업체 전국취합
수집·운반,(주)세환건영,경상권역,부산광역시,(주)세환건영,수집·운반업 · 처리방법 수집·운반 · 낙동강유역환경청,14 폐기물처리업체 전국취합
수집·운반,(주)오션클린서비스,경상권역,부산광역시,(주)오션클린서비스,수집·운반업 · 처리방법 수집·운반 · 낙동강유역환경청,14 폐기물처리업체 전국취합
수집·운반,(주)용호환경,경상권역,부산광역시,(주)용호환경,수집·운반업 · 처리방법 수집·운반 · 낙동강유역환경청,14 폐기물처리업체 전국취합
수집·운반,(주)은성이엔씨,경상권역,부산광역시,(주)은성이엔씨,수집·운반업 · 처리방법 수집·운반 · 낙동강유역환경청,14 폐기물처리업체 전국취합
수집·운반,(주)지오환경(강서구),경상권역,부산광역시,(주)지오환경(강서구),수집·운반업 · 처리방법 수집·운반 · 낙동강유역환경청 / 종합 재활용업 · 처리방법 재활용,14 폐기물처리업체 전국취합
수집·운반,(주)티아이맥,경상권역,부산광역시,(주)티아이맥,수집·운반업 · 처리방법 수집·운반 · 낙동강유역환경청,14 폐기물처리업체 전국취합
수집·운반,동건환경,경상권역,부산광역시,동건환경,수집·운반업 · 처리방법 수집·운반 · 낙동강유역환경청,14 폐기물처리업체 전국취합
수집·운반,명성통운(주),경상권역,부산광역시,명성통운(주),수집·운반업 · 처리방법 수집·운반 · 낙동강유역환경청,14 폐기물처리업체 전국취합
수집·운반,신세기기업(주),경상권역,부산광역시,신세기기업(주),수집·운반업 · 처리방법 수집·운반 · 낙동강유역환경청,14 폐기물처리업체 전국취합
수집·운반,우봉이엔티,경상권역,부산광역시,우봉이엔티,수집·운반업 · 처리방법 수집·운반 · 낙동강유역환경청,14 폐기물처리업체 전국취합
수집·운반,유담환경,경상권역,부산광역시,유담환경,수집·운반업 · 처리방법 수집·운반 · 낙동강유역환경청,14 폐기물처리업체 전국취합
수집·운반,육육로지스틱스(주),경상권역,부산광역시,육육로지스틱스(주),수집·운반업 · 처리방법 수집·운반 · 낙동강유역환경청,14 폐기물처리업체 전국취합
수집·운반,지테크환경주식회사,경상권역,부산광역시,지테크환경주식회사,수집·운반업 · 처리방법 수집·운반 · 낙동강유역환경청,14 폐기물처리업체 전국취합
수집·운반,태봉산업(주)(운반자),경상권역,부산광역시,태봉산업(주)(운반자),수집·운반업 · 처리방법 수집·운반 · 낙동강유역환경청,14 폐기물처리업체 전국취합
수집·운반,한국특수환경,경상권역,부산광역시,한국특수환경,수집·운반업 · 처리방법 수집·운반 · 낙동강유역환경청,14 폐기물처리업체 전국취합
수집·운반,한성산업,경상권역,부산광역시,한성산업,수집·운반업 · 처리방법 수집·운반 · 낙동강유역환경청,14 폐기물처리업체 전국취합
수집·운반,한울로지스틱스,경상권역,부산광역시,한울로지스틱스,수집·운반업 · 처리방법 수집·운반 · 낙동강유역환경청,14 폐기물처리업체 전국취합
수집·운반,현대실업,경상권역,부산광역시,현대실업,수집·운반업 · 처리방법 수집·운반 · 낙동강유역환경청,14 폐기물처리업체 전국취합
수집·운반,흥한환경개발(주),경상권역,부산광역시,흥한환경개발(주),수집·운반업 · 처리방법 수집·운반 · 낙동강유역환경청,14 폐기물처리업체 전국취합
수집·운반,(유)봉산물류,경상권역,울산광역시,(유)봉산물류,수집·운반업 · 처리방법 수집·운반 · 낙동강유역환경청,14 폐기물처리업체 전국취합
수집·운반,(주)그린환경로직스,경상권역,울산광역시,(주)그린환경로직스,수집·운반업 · 처리방법 수집·운반 · 낙동강유역환경청,14 폐기물처리업체 전국취합
수집·운반,(주)대동에너지,경상권역,울산광역시,(주)대동에너지,수집·운반업 · 처리방법 수집·운반 · 낙동강유역환경청,14 폐기물처리업체 전국취합
수집·운반,(주)명신정유(운반자),경상권역,울산광역시,(주)명신정유(운반자),수집·운반업 · 처리방법 수집·운반 · 낙동강유역환경청 / 중간 재활용업 · 처리방법 재활용,14 폐기물처리업체 전국취합
수집·운반,(주)블루엔텍,경상권역,울산광역시,(주)블루엔텍,수집·운반업 · 처리방법 수집·운반 · 낙동강유역환경청,14 폐기물처리업체 전국취합
수집·운반,(주)삼경에너지,경상권역,울산광역시,(주)삼경에너지,수집·운반업 · 처리방법 수집·운반 · 낙동강유역환경청,14 폐기물처리업체 전국취합
수집·운반,(주)에스지물류,경상권역,울산광역시,(주)에스지물류,수집·운반업 · 처리방법 수집·운반 · 낙동강유역환경청,14 폐기물처리업체 전국취합
수집·운반,(주)에코앤리소스,경상권역,울산광역시,(주)에코앤리소스,수집·운반업 · 처리방법 수집·운반 · 낙동강유역환경청 / 종합 재활용업 · 처리방법 재활용,14 폐기물처리업체 전국취합
수집·운반,(주)에코티엔엘,경상권역,울산광역시,(주)에코티엔엘,수집·운반업 · 처리방법 수집·운반 · 낙동강유역환경청,14 폐기물처리업체 전국취합
수집·운반,(주)영진화학,경상권역,울산광역시,(주)영진화학,수집·운반업 · 처리방법 수집·운반 · 낙동강유역환경청,14 폐기물처리업체 전국취합
수집·운반,(주)우영엔텍,경상권역,울산광역시,(주)우영엔텍,수집·운반업 · 처리방법 수집·운반 · 낙동강유역환경청,14 폐기물처리업체 전국취합
수집·운반,(주)정도이엔이,경상권역,울산광역시,(주)정도이엔이,수집·운반업 · 처리방법 수집·운반 · 낙동강유역환경청,14 폐기물처리업체 전국취합
수집·운반,(주)케이지엑스,경상권역,울산광역시,(주)케이지엑스,수집·운반업 · 처리방법 수집·운반 · 낙동강유역환경청,14 폐기물처리업체 전국취합
수집·운반,(주)한창환경,경상권역,울산광역시,(주)한창환경,수집·운반업 · 처리방법 수집·운반 · 낙동강유역환경청,14 폐기물처리업체 전국취합
수집·운반,NC울산(주)-운반자,경상권역,울산광역시,NC울산(주)-운반자,수집·운반업 · 처리방법 수집·운반 · 낙동강유역환경청,14 폐기물처리업체 전국취합
수집·운반,대신에너지,경상권역,울산광역시,대신에너지,수집·운반업 · 처리방법 수집·운반 · 낙동강유역환경청,14 폐기물처리업체 전국취합
수집·운반,덕진엔지니어링(주),경상권역,울산광역시,덕진엔지니어링(주),수집·운반업 · 처리방법 수집·운반 · 낙동강유역환경청,14 폐기물처리업체 전국취합
수집·운반,동광엘앤이(주),경상권역,울산광역시,동광엘앤이(주),수집·운반업 · 처리방법 수집·운반 · 낙동강유역환경청,14 폐기물처리업체 전국취합
수집·운반,삼양통운(주),경상권역,울산광역시,삼양통운(주),수집·운반업 · 처리방법 수집·운반 · 낙동강유역환경청,14 폐기물처리업체 전국취합
수집·운반,삼진공사,경상권역,울산광역시,삼진공사,수집·운반업 · 처리방법 수집·운반 · 낙동강유역환경청,14 폐기물처리업체 전국취합
수집·운반,신영산업(주),경상권역,울산광역시,신영산업(주),수집·운반업 · 처리방법 수집·운반 · 낙동강유역환경청,14 폐기물처리업체 전국취합
수집·운반,신흥에너텍(주),경상권역,울산광역시,신흥에너텍(주),수집·운반업 · 처리방법 수집·운반 · 낙동강유역환경청 / 종합 재활용업 · 처리방법 재활용,14 폐기물처리업체 전국취합
수집·운반,주식회사 케이에이치물류,경상권역,울산광역시,주식회사 케이에이치물류,수집·운반업 · 처리방법 수집·운반 · 낙동강유역환경청,14 폐기물처리업체 전국취합
수집·운반,지에코시스(주),경상권역,울산광역시,지에코시스(주),수집·운반업 · 처리방법 수집·운반 · 낙동강유역환경청,14 폐기물처리업체 전국취합
수집·운반,청록환경(주),경상권역,울산광역시,청록환경(주),수집·운반업 · 처리방법 수집·운반 · 낙동강유역환경청,14 폐기물처리업체 전국취합
수집·운반,태영이앤엘 주식회사,경상권역,울산광역시,태영이앤엘 주식회사,수집·운반업 · 처리방법 수집·운반 · 낙동강유역환경청,14 폐기물처리업체 전국취합
수집·운반,(주)HB에너지,수도권,경기도,(주)HB에너지,수집·운반업 · 처리방법 수집·운반 · 한강유역환경청,14 폐기물처리업체 전국취합
수집·운반,(주)경인환경,수도권,경기도,(주)경인환경,수집·운반업 · 처리방법 수집·운반 · 한강유역환경청,14 폐기물처리업체 전국취합
수집·운반,(주)그린써비스,수도권,경기도,(주)그린써비스,수집·운반업 · 처리방법 수집·운반 · 한강유역환경청,14 폐기물처리업체 전국취합
수집·운반,(주)네이처산업,수도권,경기도,(주)네이처산업,수집·운반업 · 처리방법 수집·운반 · 한강유역환경청,14 폐기물처리업체 전국취합
수집·운반,(주)뉴그린,수도권,경기도,(주)뉴그린,수집·운반업 · 처리방법 수집·운반 · 한강유역환경청 / 중간처분업 · 처리방법 소각 · 한강유역환경청 / 중간처분업 · 처리방법 기타 · 한강유역환경청,14 폐기물처리업체 전국취합
수집·운반,(주)뉴대성,수도권,경기도,(주)뉴대성,수집·운반업 · 처리방법 수집·운반 · 한강유역환경청,14 폐기물처리업체 전국취합
수집·운반,(주)대경이엔지,수도권,경기도,(주)대경이엔지,수집·운반업 · 처리방법 수집·운반 · 한강유역환경청 / 종합 재활용업 · 처리방법 재활용,14 폐기물처리업체 전국취합
수집·운반,(주)대청환경,수도권,경기도,(주)대청환경,수집·운반업 · 처리방법 수집·운반 · 한강유역환경청,14 폐기물처리업체 전국취합
수집·운반,(주)덕양,수도권,경기도,(주)덕양,수집·운반업 · 처리방법 수집·운반 · 한강유역환경청,14 폐기물처리업체 전국취합
수집·운반,(주)동우개발-지정,수도권,경기도,(주)동우개발-지정,수집·운반업 · 처리방법 수집·운반 · 한강유역환경청,14 폐기물처리업체 전국취합
수집·운반,(주)동현자원,수도권,경기도,(주)동현자원,수집·운반업 · 처리방법 수집·운반 · 한강유역환경청,14 폐기물처리업체 전국취합
수집·운반,(주)드림에코,수도권,경기도,(주)드림에코,수집·운반업 · 처리방법 수집·운반 · 한강유역환경청,14 폐기물처리업체 전국취합
수집·운반,(주)매디이엔지,수도권,경기도,(주)매디이엔지,수집·운반업 · 처리방법 수집·운반 · 한강유역환경청,14 폐기물처리업체 전국취합
수집·운반,(주)매일환경개발(지정),수도권,경기도,(주)매일환경개발(지정),수집·운반업 · 처리방법 수집·운반 · 한강유역환경청,14 폐기물처리업체 전국취합
수집·운반,(주)복천,수도권,경기도,(주)복천,수집·운반업 · 처리방법 수집·운반 · 한강유역환경청,14 폐기물처리업체 전국취합
수집·운반,(주)삼동그린,수도권,경기도,(주)삼동그린,수집·운반업 · 처리방법 수집·운반 · 한강유역환경청,14 폐기물처리업체 전국취합
수집·운반,(주)삼백건설.,수도권,경기도,(주)삼백건설.,수집·운반업 · 처리방법 수집·운반 · 한강유역환경청,14 폐기물처리업체 전국취합
수집·운반,(주)서해석유,수도권,경기도,(주)서해석유,수집·운반업 · 처리방법 수집·운반 · 한강유역환경청,14 폐기물처리업체 전국취합
수집·운반,(주)성림E.T,수도권,경기도,(주)성림E.T,수집·운반업 · 처리방법 수집·운반 · 한강유역환경청,14 폐기물처리업체 전국취합
수집·운반,(주)성림에너지(지정),수도권,경기도,(주)성림에너지(지정),수집·운반업 · 처리방법 수집·운반 · 한강유역환경청,14 폐기물처리업체 전국취합
수집·운반,(주)수연산업개발,수도권,경기도,(주)수연산업개발,수집·운반업 · 처리방법 수집·운반 · 한강유역환경청,14 폐기물처리업체 전국취합
수집·운반,(주)시온산업,수도권,경기도,(주)시온산업,수집·운반업 · 처리방법 수집·운반 · 한강유역환경청,14 폐기물처리업체 전국취합
수집·운반,(주)시온산업[구.(주)성일산업(주).방주환경]],수도권,경기도,(주)시온산업[구.(주)성일산업(주).방주환경]],수집·운반업 · 처리방법 수집·운반 · 한강유역환경청,14 폐기물처리업체 전국취합
수집·운반,(주)신호정유(오산),수도권,경기도,(주)신호정유(오산),수집·운반업 · 처리방법 수집·운반 · 한강유역환경청 / 종합 재활용업 · 처리방법 재활용,14 폐기물처리업체 전국취합
수집·운반,(주)씨에스그린,수도권,경기도,(주)씨에스그린,수집·운반업 · 처리방법 수집·운반 · 한강유역환경청,14 폐기물처리업체 전국취합
수집·운반,(주)씨에스에코,수도권,경기도,(주)씨에스에코,수집·운반업 · 처리방법 수집·운반 · 한강유역환경청 / 중간처분업 · 처리방법 기타 · 한강유역환경청,14 폐기물처리업체 전국취합
수집·운반,(주)아주환경연구소(운반),수도권,경기도,(주)아주환경연구소(운반),수집·운반업 · 처리방법 수집·운반 · 한강유역환경청,14 폐기물처리업체 전국취합
수집·운반,(주)에이에스엠,수도권,경기도,(주)에이에스엠,수집·운반업 · 처리방법 수집·운반 · 한강유역환경청,14 폐기물처리업체 전국취합
수집·운반,(주)에이엠,수도권,경기도,(주)에이엠,수집·운반업 · 처리방법 수집·운반 · 한강유역환경청,14 폐기물처리업체 전국취합
수집·운반,(주)에코존,수도권,경기도,(주)에코존,수집·운반업 · 처리방법 수집·운반 · 한강유역환경청,14 폐기물처리업체 전국취합
수집·운반,(주)엠케이그린에너지산업,수도권,경기도,(주)엠케이그린에너지산업,수집·운반업 · 처리방법 수집·운반 · 한강유역환경청,14 폐기물처리업체 전국취합
수집·운반,(주)용마환경,수도권,경기도,(주)용마환경,수집·운반업 · 처리방법 수집·운반 · 한강유역환경청,14 폐기물처리업체 전국취합
수집·운반,(주)원엔원,수도권,경기도,(주)원엔원,수집·운반업 · 처리방법 수집·운반 · 한강유역환경청,14 폐기물처리업체 전국취합
수집·운반,(주)이솔루션,수도권,경기도,(주)이솔루션,수집·운반업 · 처리방법 수집·운반 · 한강유역환경청,14 폐기물처리업체 전국취합
수집·운반,(주)일광자원,수도권,경기도,(주)일광자원,수집·운반업 · 처리방법 수집·운반 · 한강유역환경청,14 폐기물처리업체 전국취합
수집·운반,(주)일진환경자원,수도권,경기도,(주)일진환경자원,수집·운반업 · 처리방법 수집·운반 · 한강유역환경청,14 폐기물처리업체 전국취합
수집·운반,(주)자산이에스,수도권,경기도,(주)자산이에스,수집·운반업 · 처리방법 수집·운반 · 한강유역환경청,14 폐기물처리업체 전국취합
수집·운반,(주)자연산업,수도권,경기도,(주)자연산업,수집·운반업 · 처리방법 수집·운반 · 한강유역환경청,14 폐기물처리업체 전국취합
수집·운반,(주)재운환경산업,수도권,경기도,(주)재운환경산업,수집·운반업 · 처리방법 수집·운반 · 한강유역환경청,14 폐기물처리업체 전국취합
수집·운반,(주)정인산업개발,수도권,경기도,(주)정인산업개발,수집·운반업 · 처리방법 수집·운반 · 한강유역환경청,14 폐기물처리업체 전국취합
수집·운반,(주)지엔티,수도권,경기도,(주)지엔티,수집·운반업 · 처리방법 수집·운반 · 한강유역환경청,14 폐기물처리업체 전국취합
수집·운반,(주)지인테크,수도권,경기도,(주)지인테크,수집·운반업 · 처리방법 수집·운반 · 한강유역환경청,14 폐기물처리업체 전국취합
수집·운반,(주)진성건설에너지,수도권,경기도,(주)진성건설에너지,수집·운반업 · 처리방법 수집·운반 · 한강유역환경청 / 중간처분업 · 처리방법 기타 · 한강유역환경청 / 중간 재활용업 · 처리방법 재활용,14 폐기물처리업체 전국취합
수집·운반,(주)케이에스에너지(운반),수도권,경기도,(주)케이에스에너지(운반),수집·운반업 · 처리방법 수집·운반 · 한강유역환경청,14 폐기물처리업체 전국취합
수집·운반,(주)케이투제이개발,수도권,경기도,(주)케이투제이개발,수집·운반업 · 처리방법 수집·운반 · 한강유역환경청,14 폐기물처리업체 전국취합
수집·운반,(주)케이환경(지정),수도권,경기도,(주)케이환경(지정),수집·운반업 · 처리방법 수집·운반 · 한강유역환경청,14 폐기물처리업체 전국취합
수집·운반,(주)클린코리아,수도권,경기도,(주)클린코리아,수집·운반업 · 처리방법 수집·운반 · 한강유역환경청 / 종합 재활용업 · 처리방법 재활용,14 폐기물처리업체 전국취합
수집·운반,(주)클린코리아 경기사업소,수도권,경기도,(주)클린코리아 경기사업소,수집·운반업 · 처리방법 수집·운반 · 한강유역환경청,14 폐기물처리업체 전국취합
수집·운반,(주)클린환경,수도권,경기도,(주)클린환경,수집·운반업 · 처리방법 수집·운반 · 한강유역환경청,14 폐기물처리업체 전국취합
수집·운반,(주)탑에코,수도권,경기도,(주)탑에코,수집·운반업 · 처리방법 수집·운반 · 한강유역환경청 / 종합 재활용업 · 처리방법 재활용,14 폐기물처리업체 전국취합
수집·운반,(주)하나이앤에스(운반),수도권,경기도,(주)하나이앤에스(운반),수집·운반업 · 처리방법 수집·운반 · 한강유역환경청,14 폐기물처리업체 전국취합
수집·운반,(주)하이테크,수도권,경기도,(주)하이테크,수집·운반업 · 처리방법 수집·운반 · 한강유역환경청,14 폐기물처리업체 전국취합
수집·운반,(주)하이텍코리아,수도권,경기도,(주)하이텍코리아,수집·운반업 · 처리방법 수집·운반 · 한강유역환경청,14 폐기물처리업체 전국취합
수집·운반,(주)화성에너텍,수도권,경기도,(주)화성에너텍,수집·운반업 · 처리방법 수집·운반 · 한강유역환경청,14 폐기물처리업체 전국취합
수집·운반,거해지엔씨(주),수도권,경기도,거해지엔씨(주),수집·운반업 · 처리방법 수집·운반 · 한강유역환경청,14 폐기물처리업체 전국취합
수집·운반,경기환경,수도권,경기도,경기환경,수집·운반업 · 처리방법 수집·운반 · 한강유역환경청,14 폐기물처리업체 전국취합
수집·운반,고려상사,수도권,경기도,고려상사,수집·운반업 · 처리방법 수집·운반 · 한강유역환경청,14 폐기물처리업체 전국취합
수집·운반,고성피앤피,수도권,경기도,고성피앤피,수집·운반업 · 처리방법 수집·운반 · 한강유역환경청,14 폐기물처리업체 전국취합
수집·운반,광진데코(주),수도권,경기도,광진데코(주),수집·운반업 · 처리방법 수집·운반 · 한강유역환경청,14 폐기물처리업체 전국취합
수집·운반,기민이엔지(주),수도권,경기도,기민이엔지(주),수집·운반업 · 처리방법 수집·운반 · 한강유역환경청,14 폐기물처리업체 전국취합
수집·운반,기성산업환경(주),수도권,경기도,기성산업환경(주),수집·운반업 · 처리방법 수집·운반 · 한강유역환경청,14 폐기물처리업체 전국취합
수집·운반,까치환경(주)(운반),수도권,경기도,까치환경(주)(운반),수집·운반업 · 처리방법 수집·운반 · 한강유역환경청,14 폐기물처리업체 전국취합
수집·운반,꿈에그린(주),수도권,경기도,꿈에그린(주),수집·운반업 · 처리방법 수집·운반 · 한강유역환경청,14 폐기물처리업체 전국취합
수집·운반,나로환경,수도권,경기도,나로환경,수집·운반업 · 처리방법 수집·운반 · 한강유역환경청,14 폐기물처리업체 전국취합
수집·운반,남양그린(주),수도권,경기도,남양그린(주),수집·운반업 · 처리방법 수집·운반 · 한강유역환경청,14 폐기물처리업체 전국취합
수집·운반,대성리사이클,수도권,경기도,대성리사이클,수집·운반업 · 처리방법 수집·운반 · 한강유역환경청,14 폐기물처리업체 전국취합
수집·운반,대성자원 (수집운반),수도권,경기도,대성자원 (수집운반),수집·운반업 · 처리방법 수집·운반 · 한강유역환경청,14 폐기물처리업체 전국취합
수집·운반,대양그린산업,수도권,경기도,대양그린산업,수집·운반업 · 처리방법 수집·운반 · 한강유역환경청,14 폐기물처리업체 전국취합
수집·운반,대일개발(주),수도권,경기도,대일개발(주),수집·운반업 · 처리방법 수집·운반 · 한강유역환경청 / 중간처분업 · 처리방법 소각 · 한강유역환경청 / 중간처분업 · 처리방법 기타 · 한강유역환경청,14 폐기물처리업체 전국취합
수집·운반,대진개발(주),수도권,경기도,대진개발(주),수집·운반업 · 처리방법 수집·운반 · 한강유역환경청,14 폐기물처리업체 전국취합
수집·운반,덕산실업(주),수도권,경기도,덕산실업(주),수집·운반업 · 처리방법 수집·운반 · 한강유역환경청 / 종합 재활용업 · 처리방법 재활용,14 폐기물처리업체 전국취합
수집·운반,덕은인터라인정유(주),수도권,경기도,덕은인터라인정유(주),수집·운반업 · 처리방법 수집·운반 · 한강유역환경청 / 종합 재활용업 · 처리방법 재활용,14 폐기물처리업체 전국취합
수집·운반,동일특운(주),수도권,경기도,동일특운(주),수집·운반업 · 처리방법 수집·운반 · 한강유역환경청,14 폐기물처리업체 전국취합
수집·운반,디에이치산업(주),수도권,경기도,디에이치산업(주),수집·운반업 · 처리방법 수집·운반 · 한강유역환경청,14 폐기물처리업체 전국취합
수집·운반,디에이치환경(주),수도권,경기도,디에이치환경(주),수집·운반업 · 처리방법 수집·운반 · 한강유역환경청,14 폐기물처리업체 전국취합
수집·운반,미래폴,수도권,경기도,미래폴,수집·운반업 · 처리방법 수집·운반 · 한강유역환경청,14 폐기물처리업체 전국취합
수집·운반,미래환경(지정),수도권,경기도,미래환경(지정),수집·운반업 · 처리방법 수집·운반 · 한강유역환경청,14 폐기물처리업체 전국취합
수집·운반,부경산업(주),수도권,경기도,부경산업(주),수집·운반업 · 처리방법 수집·운반 · 한강유역환경청 / 중간처분업 · 처리방법 소각 · 한강유역환경청,14 폐기물처리업체 전국취합
수집·운반,비노텍(주),수도권,경기도,비노텍(주),수집·운반업 · 처리방법 수집·운반 · 한강유역환경청 / 중간처분업 · 처리방법 소각 · 한강유역환경청,14 폐기물처리업체 전국취합
수집·운반,서원환경,수도권,경기도,서원환경,수집·운반업 · 처리방법 수집·운반 · 한강유역환경청,14 폐기물처리업체 전국취합
수집·운반,성림유화(주),수도권,경기도,성림유화(주),수집·운반업 · 처리방법 수집·운반 · 한강유역환경청 / 중간처분업 · 처리방법 소각 · 한강유역환경청 / 중간처분업 · 처리방법 기타 · 한강유역환경청,14 폐기물처리업체 전국취합
수집·운반,세방정유(주),수도권,경기도,세방정유(주),수집·운반업 · 처리방법 수집·운반 · 한강유역환경청 / 종합 재활용업 · 처리방법 재활용,14 폐기물처리업체 전국취합
수집·운반,세방환경(주),수도권,경기도,세방환경(주),수집·운반업 · 처리방법 수집·운반 · 한강유역환경청,14 폐기물처리업체 전국취합
수집·운반,신대한정유산업(주),수도권,경기도,신대한정유산업(주),수집·운반업 · 처리방법 수집·운반 · 한강유역환경청 / 중간처분업 · 처리방법 소각 · 한강유역환경청 / 중간처분업 · 처리방법 기타 · 한강유역환경청 / 종합 재활용업 · 처리방법 재활용,14 폐기물처리업체 전국취합
수집·운반,신성화학,수도권,경기도,신성화학,수집·운반업 · 처리방법 수집·운반 · 한강유역환경청,14 폐기물처리업체 전국취합
수집·운반,아이엔지환경개발(주),수도권,경기도,아이엔지환경개발(주),수집·운반업 · 처리방법 수집·운반 · 한강유역환경청,14 폐기물처리업체 전국취합
수집·운반,에코환경,수도권,경기도,에코환경,수집·운반업 · 처리방법 수집·운반 · 한강유역환경청,14 폐기물처리업체 전국취합
수집·운반,예름사(주),수도권,경기도,예름사(주),수집·운반업 · 처리방법 수집·운반 · 한강유역환경청 / 종합 재활용업 · 처리방법 재활용,14 폐기물처리업체 전국취합
수집·운반,오복환경,수도권,경기도,오복환경,수집·운반업 · 처리방법 수집·운반 · 한강유역환경청,14 폐기물처리업체 전국취합
수집·운반,용문산업(주),수도권,경기도,용문산업(주),수집·운반업 · 처리방법 수집·운반 · 한강유역환경청,14 폐기물처리업체 전국취합
수집·운반,유진에너지(주),수도권,경기도,유진에너지(주),수집·운반업 · 처리방법 수집·운반 · 한강유역환경청,14 폐기물처리업체 전국취합
수집·운반,이엔래비스(주),수도권,경기도,이엔래비스(주),수집·운반업 · 처리방법 수집·운반 · 한강유역환경청,14 폐기물처리업체 전국취합
수집·운반,인바이오텍(주) 화성지점,수도권,경기도,인바이오텍(주) 화성지점,수집·운반업 · 처리방법 수집·운반 · 한강유역환경청 / 중간처분업 · 처리방법 기타 · 한강유역환경청,14 폐기물처리업체 전국취합
수집·운반,인영리싸이클링(주),수도권,경기도,인영리싸이클링(주),수집·운반업 · 처리방법 수집·운반 · 한강유역환경청 / 종합 재활용업 · 처리방법 재활용,14 폐기물처리업체 전국취합
수집·운반,일진환경(주),수도권,경기도,일진환경(주),수집·운반업 · 처리방법 수집·운반 · 한강유역환경청,14 폐기물처리업체 전국취합
수집·운반,주식회사 그린이앤씨,수도권,경기도,주식회사 그린이앤씨,수집·운반업 · 처리방법 수집·운반 · 한강유역환경청,14 폐기물처리업체 전국취합
수집·운반,주식회사 세진,수도권,경기도,주식회사 세진,수집·운반업 · 처리방법 수집·운반 · 한강유역환경청,14 폐기물처리업체 전국취합
수집·운반,주식회사 화인에코,수도권,경기도,주식회사 화인에코,수집·운반업 · 처리방법 수집·운반 · 한강유역환경청 / 종합 재활용업 · 처리방법 재활용,14 폐기물처리업체 전국취합
수집·운반,주식회사금왕산업개발,수도권,경기도,주식회사금왕산업개발,수집·운반업 · 처리방법 수집·운반 · 한강유역환경청,14 폐기물처리업체 전국취합
수집·운반,지알에스환경(주),수도권,경기도,지알에스환경(주),수집·운반업 · 처리방법 수집·운반 · 한강유역환경청,14 폐기물처리업체 전국취합
수집·운반,태양환경 주식회사,수도권,경기도,태양환경 주식회사,수집·운반업 · 처리방법 수집·운반 · 한강유역환경청,14 폐기물처리업체 전국취합
수집·운반,하나케이주식회사,수도권,경기도,하나케이주식회사,수집·운반업 · 처리방법 수집·운반 · 한강유역환경청,14 폐기물처리업체 전국취합
수집·운반,한국석유공업(주),수도권,경기도,한국석유공업(주),수집·운반업 · 처리방법 수집·운반 · 한강유역환경청,14 폐기물처리업체 전국취합
수집·운반,한국위험물환경기도술(주),수도권,경기도,한국위험물환경기도술(주),수집·운반업 · 처리방법 수집·운반 · 한강유역환경청,14 폐기물처리업체 전국취합
수집·운반,한국환경개발(주),수도권,경기도,한국환경개발(주),수집·운반업 · 처리방법 수집·운반 · 한강유역환경청 / 중간처분업 · 처리방법 소각 · 한강유역환경청 / 중간처분업 · 처리방법 기타 · 한강유역환경청,14 폐기물처리업체 전국취합
수집·운반,합자회사 서진,수도권,경기도,합자회사 서진,수집·운반업 · 처리방법 수집·운반 · 한강유역환경청,14 폐기물처리업체 전국취합
수집·운반,해성상사,수도권,경기도,해성상사,수집·운반업 · 처리방법 수집·운반 · 한강유역환경청,14 폐기물처리업체 전국취합
수집·운반,효원환경(주) 용인지점,수도권,경기도,효원환경(주) 용인지점,수집·운반업 · 처리방법 수집·운반 · 한강유역환경청,14 폐기물처리업체 전국취합
수집·운반,(주)경기개발에너지,수도권,서울특별시,(주)경기개발에너지,수집·운반업 · 처리방법 수집·운반 · 한강유역환경청,14 폐기물처리업체 전국취합
수집·운반,(주)경희,수도권,서울특별시,(주)경희,수집·운반업 · 처리방법 수집·운반 · 한강유역환경청,14 폐기물처리업체 전국취합
수집·운반,(주)녹색사람들,수도권,서울특별시,(주)녹색사람들,수집·운반업 · 처리방법 수집·운반 · 한강유역환경청,14 폐기물처리업체 전국취합
수집·운반,(주)동명엔터프라이즈,수도권,서울특별시,(주)동명엔터프라이즈,수집·운반업 · 처리방법 수집·운반 · 한강유역환경청,14 폐기물처리업체 전국취합
수집·운반,(주)동부티엔에스,수도권,서울특별시,(주)동부티엔에스,수집·운반업 · 처리방법 수집·운반 · 한강유역환경청,14 폐기물처리업체 전국취합
수집·운반,(주)마이누리,수도권,서울특별시,(주)마이누리,수집·운반업 · 처리방법 수집·운반 · 한강유역환경청,14 폐기물처리업체 전국취합
수집·운반,(주)삼표,수도권,서울특별시,(주)삼표,수집·운반업 · 처리방법 수집·운반 · 한강유역환경청,14 폐기물처리업체 전국취합
수집·운반,(주)서울산업컨설팅,수도권,서울특별시,(주)서울산업컨설팅,수집·운반업 · 처리방법 수집·운반 · 한강유역환경청,14 폐기물처리업체 전국취합
수집·운반,덕양엔지니어링(주),수도권,서울특별시,덕양엔지니어링(주),수집·운반업 · 처리방법 수집·운반 · 한강유역환경청,14 폐기물처리업체 전국취합
수집·운반,삼희환경,수도권,서울특별시,삼희환경,수집·운반업 · 처리방법 수집·운반 · 한강유역환경청,14 폐기물처리업체 전국취합
수집·운반,주식회사 에스티모빅,수도권,서울특별시,주식회사 에스티모빅,수집·운반업 · 처리방법 수집·운반 · 한강유역환경청,14 폐기물처리업체 전국취합
수집·운반,(주)가달이엔티,수도권,인천광역시,(주)가달이엔티,수집·운반업 · 처리방법 수집·운반 · 한강유역환경청,14 폐기물처리업체 전국취합
수집·운반,(주)남동이엔지,수도권,인천광역시,(주)남동이엔지,수집·운반업 · 처리방법 수집·운반 · 한강유역환경청,14 폐기물처리업체 전국취합
수집·운반,(주)드림월드개발,수도권,인천광역시,(주)드림월드개발,수집·운반업 · 처리방법 수집·운반 · 한강유역환경청,14 폐기물처리업체 전국취합
수집·운반,(주)북부환경,수도권,인천광역시,(주)북부환경,수집·운반업 · 처리방법 수집·운반 · 한강유역환경청,14 폐기물처리업체 전국취합
수집·운반,(주)삼화정유,수도권,인천광역시,(주)삼화정유,수집·운반업 · 처리방법 수집·운반 · 한강유역환경청 / 중간 재활용업 · 처리방법 재활용,14 폐기물처리업체 전국취합
수집·운반,(주)삼화정유(운반)경유시,수도권,인천광역시,(주)삼화정유(운반)경유시,수집·운반업 · 처리방법 수집·운반 · 한강유역환경청,14 폐기물처리업체 전국취합
수집·운반,(주)새움,수도권,인천광역시,(주)새움,수집·운반업 · 처리방법 수집·운반 · 한강유역환경청,14 폐기물처리업체 전국취합
수집·운반,(주)선방,수도권,인천광역시,(주)선방,수집·운반업 · 처리방법 수집·운반 · 한강유역환경청,14 폐기물처리업체 전국취합
수집·운반,(주)세명이앤지,수도권,인천광역시,(주)세명이앤지,수집·운반업 · 처리방법 수집·운반 · 한강유역환경청,14 폐기물처리업체 전국취합
수집·운반,(주)신대한환경,수도권,인천광역시,(주)신대한환경,수집·운반업 · 처리방법 수집·운반 · 한강유역환경청,14 폐기물처리업체 전국취합
수집·운반,(주)유니환경,수도권,인천광역시,(주)유니환경,수집·운반업 · 처리방법 수집·운반 · 한강유역환경청,14 폐기물처리업체 전국취합
수집·운반,(주)유성엔텍[구.유성엔텍],수도권,인천광역시,(주)유성엔텍[구.유성엔텍],수집·운반업 · 처리방법 수집·운반 · 한강유역환경청,14 폐기물처리업체 전국취합
수집·운반,(주)이지엔텍,수도권,인천광역시,(주)이지엔텍,수집·운반업 · 처리방법 수집·운반 · 한강유역환경청,14 폐기물처리업체 전국취합
수집·운반,(주)이피코리아,수도권,인천광역시,(주)이피코리아,수집·운반업 · 처리방법 수집·운반 · 한강유역환경청,14 폐기물처리업체 전국취합
수집·운반,(주)정인로지스,수도권,인천광역시,(주)정인로지스,수집·운반업 · 처리방법 수집·운반 · 한강유역환경청,14 폐기물처리업체 전국취합
수집·운반,(주)정화,수도권,인천광역시,(주)정화,수집·운반업 · 처리방법 수집·운반 · 한강유역환경청,14 폐기물처리업체 전국취합
수집·운반,(주)지앤에스환경,수도권,인천광역시,(주)지앤에스환경,수집·운반업 · 처리방법 수집·운반 · 한강유역환경청,14 폐기물처리업체 전국취합
수집·운반,(주)한강건설환경,수도권,인천광역시,(주)한강건설환경,수집·운반업 · 처리방법 수집·운반 · 한강유역환경청,14 폐기물처리업체 전국취합
수집·운반,(주)한정특수,수도권,인천광역시,(주)한정특수,수집·운반업 · 처리방법 수집·운반 · 한강유역환경청,14 폐기물처리업체 전국취합
수집·운반,(주)향우,수도권,인천광역시,(주)향우,수집·운반업 · 처리방법 수집·운반 · 한강유역환경청,14 폐기물처리업체 전국취합
수집·운반,(주)현성환경개발,수도권,인천광역시,(주)현성환경개발,수집·운반업 · 처리방법 수집·운반 · 한강유역환경청,14 폐기물처리업체 전국취합
수집·운반,경인환경에너지(주),수도권,인천광역시,경인환경에너지(주),수집·운반업 · 처리방법 수집·운반 · 한강유역환경청 / 중간처분업 · 처리방법 소각 · 한강유역환경청,14 폐기물처리업체 전국취합
수집·운반,광성환경(주),수도권,인천광역시,광성환경(주),수집·운반업 · 처리방법 수집·운반 · 한강유역환경청,14 폐기물처리업체 전국취합
수집·운반,그린텍(Green Tec),수도권,인천광역시,그린텍(Green Tec),수집·운반업 · 처리방법 수집·운반 · 한강유역환경청,14 폐기물처리업체 전국취합
수집·운반,나우엔텍,수도권,인천광역시,나우엔텍,수집·운반업 · 처리방법 수집·운반 · 한강유역환경청,14 폐기물처리업체 전국취합
수집·운반,남동에너지(주),수도권,인천광역시,남동에너지(주),수집·운반업 · 처리방법 수집·운반 · 한강유역환경청 / 종합 재활용업 · 처리방법 재활용,14 폐기물처리업체 전국취합
수집·운반,대성자원(검단점),수도권,인천광역시,대성자원(검단점),수집·운반업 · 처리방법 수집·운반 · 한강유역환경청,14 폐기물처리업체 전국취합
수집·운반,대한민국상이군경회 인천광역시지부 지정폐기물사업소,수도권,인천광역시,대한민국상이군경회 인천광역시지부 지정폐기물사업소,수집·운반업 · 처리방법 수집·운반 · 한강유역환경청,14 폐기물처리업체 전국취합
수집·운반,도명특송 주식회사,수도권,인천광역시,도명특송 주식회사,수집·운반업 · 처리방법 수집·운반 · 한강유역환경청,14 폐기물처리업체 전국취합
수집·운반,동국종합상사,수도권,인천광역시,동국종합상사,수집·운반업 · 처리방법 수집·운반 · 한강유역환경청,14 폐기물처리업체 전국취합
수집·운반,동양탱크산업,수도권,인천광역시,동양탱크산업,수집·운반업 · 처리방법 수집·운반 · 한강유역환경청,14 폐기물처리업체 전국취합
수집·운반,삼호환경(주),수도권,인천광역시,삼호환경(주),수집·운반업 · 처리방법 수집·운반 · 한강유역환경청,14 폐기물처리업체 전국취합
수집·운반,신오케미칼(주),수도권,인천광역시,신오케미칼(주),수집·운반업 · 처리방법 수집·운반 · 한강유역환경청 / 종합 재활용업 · 처리방법 재활용,14 폐기물처리업체 전국취합
수집·운반,에스지개발(주)(남동구),수도권,인천광역시,에스지개발(주)(남동구),수집·운반업 · 처리방법 수집·운반 · 한강유역환경청 / 종합 재활용업 · 처리방법 재활용,14 폐기물처리업체 전국취합
수집·운반,에이치환경,수도권,인천광역시,에이치환경,수집·운반업 · 처리방법 수집·운반 · 한강유역환경청,14 폐기물처리업체 전국취합
수집·운반,예담환경(주),수도권,인천광역시,예담환경(주),수집·운반업 · 처리방법 수집·운반 · 한강유역환경청,14 폐기물처리업체 전국취합
수집·운반,욱성산업(주),수도권,인천광역시,욱성산업(주),수집·운반업 · 처리방법 수집·운반 · 한강유역환경청,14 폐기물처리업체 전국취합
수집·운반,유성이엔텍,수도권,인천광역시,유성이엔텍,수집·운반업 · 처리방법 수집·운반 · 한강유역환경청,14 폐기물처리업체 전국취합
수집·운반,이가환경,수도권,인천광역시,이가환경,수집·운반업 · 처리방법 수집·운반 · 한강유역환경청,14 폐기물처리업체 전국취합
수집·운반,이경화학주식회사,수도권,인천광역시,이경화학주식회사,수집·운반업 · 처리방법 수집·운반 · 한강유역환경청 / 종합 재활용업 · 처리방법 재활용,14 폐기물처리업체 전국취합
수집·운반,인성코퍼레이션(주),수도권,인천광역시,인성코퍼레이션(주),수집·운반업 · 처리방법 수집·운반 · 한강유역환경청,14 폐기물처리업체 전국취합
수집·운반,인하환경,수도권,인천광역시,인하환경,수집·운반업 · 처리방법 수집·운반 · 한강유역환경청,14 폐기물처리업체 전국취합
수집·운반,주식회사 동원환경,수도권,인천광역시,주식회사 동원환경,수집·운반업 · 처리방법 수집·운반 · 한강유역환경청,14 폐기물처리업체 전국취합
수집·운반,주식회사 베르데산업,수도권,인천광역시,주식회사 베르데산업,수집·운반업 · 처리방법 수집·운반 · 한강유역환경청,14 폐기물처리업체 전국취합
수집·운반,진성산업개발(주),수도권,인천광역시,진성산업개발(주),수집·운반업 · 처리방법 수집·운반 · 한강유역환경청,14 폐기물처리업체 전국취합
수집·운반,(주)근영케미칼,전라권역,광주광역시,(주)근영케미칼,수집·운반업 · 처리방법 수집·운반 · 영산강유역환경청,14 폐기물처리업체 전국취합
수집·운반,(주)대림정유,전라권역,광주광역시,(주)대림정유,수집·운반업 · 처리방법 수집·운반 · 영산강유역환경청,14 폐기물처리업체 전국취합
수집·운반,(주)무등환경,전라권역,광주광역시,(주)무등환경,수집·운반업 · 처리방법 수집·운반 · 영산강유역환경청,14 폐기물처리업체 전국취합
수집·운반,(주)빛고을환경,전라권역,광주광역시,(주)빛고을환경,수집·운반업 · 처리방법 수집·운반 · 영산강유역환경청,14 폐기물처리업체 전국취합
수집·운반,(주)아이온,전라권역,광주광역시,(주)아이온,수집·운반업 · 처리방법 수집·운반 · 영산강유역환경청,14 폐기물처리업체 전국취합
수집·운반,(주)전남클린코리아,전라권역,광주광역시,(주)전남클린코리아,수집·운반업 · 처리방법 수집·운반 · 영산강유역환경청,14 폐기물처리업체 전국취합
수집·운반,(주)중경,전라권역,광주광역시,(주)중경,수집·운반업 · 처리방법 수집·운반 · 영산강유역환경청,14 폐기물처리업체 전국취합
수집·운반,(주)지구환경서비스,전라권역,광주광역시,(주)지구환경서비스,수집·운반업 · 처리방법 수집·운반 · 영산강유역환경청,14 폐기물처리업체 전국취합
수집·운반,DS스틸,전라권역,광주광역시,DS스틸,수집·운반업 · 처리방법 수집·운반 · 영산강유역환경청,14 폐기물처리업체 전국취합
수집·운반,자연환경(유),전라권역,광주광역시,자연환경(유),수집·운반업 · 처리방법 수집·운반 · 영산강유역환경청,14 폐기물처리업체 전국취합
수집·운반,(유)미림산업,전라권역,전라남도,(유)미림산업,수집·운반업 · 처리방법 수집·운반 · 영산강유역환경청,14 폐기물처리업체 전국취합
수집·운반,(유)천하환경,전라권역,전라남도,(유)천하환경,수집·운반업 · 처리방법 수집·운반 · 영산강유역환경청,14 폐기물처리업체 전국취합
수집·운반,(주)가나환경,전라권역,전라남도,(주)가나환경,수집·운반업 · 처리방법 수집·운반 · 영산강유역환경청,14 폐기물처리업체 전국취합
수집·운반,(주)그린(여수),전라권역,전라남도,(주)그린(여수),수집·운반업 · 처리방법 수집·운반 · 영산강유역환경청,14 폐기물처리업체 전국취합
수집·운반,(주)그린포트(여수),전라권역,전라남도,(주)그린포트(여수),수집·운반업 · 처리방법 수집·운반 · 영산강유역환경청,14 폐기물처리업체 전국취합
수집·운반,(주)녹색환경산업(여수),전라권역,전라남도,(주)녹색환경산업(여수),수집·운반업 · 처리방법 수집·운반 · 영산강유역환경청,14 폐기물처리업체 전국취합
수집·운반,(주)대신환경(전남여수),전라권역,전라남도,(주)대신환경(전남여수),수집·운반업 · 처리방법 수집·운반 · 영산강유역환경청,14 폐기물처리업체 전국취합
수집·운반,(주)명진,전라권역,전라남도,(주)명진,수집·운반업 · 처리방법 수집·운반 · 영산강유역환경청,14 폐기물처리업체 전국취합
수집·운반,(주)목포청결사,전라권역,전라남도,(주)목포청결사,수집·운반업 · 처리방법 수집·운반 · 영산강유역환경청,14 폐기물처리업체 전국취합
수집·운반,(주)상록,전라권역,전라남도,(주)상록,수집·운반업 · 처리방법 수집·운반 · 영산강유역환경청,14 폐기물처리업체 전국취합
수집·운반,(주)세윤,전라권역,전라남도,(주)세윤,수집·운반업 · 처리방법 수집·운반 · 영산강유역환경청,14 폐기물처리업체 전국취합
수집·운반,(주)순천에코환경,전라권역,전라남도,(주)순천에코환경,수집·운반업 · 처리방법 수집·운반 · 영산강유역환경청,14 폐기물처리업체 전국취합
수집·운반,(주)신정개발,전라권역,전라남도,(주)신정개발,수집·운반업 · 처리방법 수집·운반 · 영산강유역환경청,14 폐기물처리업체 전국취합
수집·운반,(주)에버그린,전라권역,전라남도,(주)에버그린,수집·운반업 · 처리방법 수집·운반 · 영산강유역환경청,14 폐기물처리업체 전국취합
수집·운반,(주)우성로지스틱,전라권역,전라남도,(주)우성로지스틱,수집·운반업 · 처리방법 수집·운반 · 영산강유역환경청,14 폐기물처리업체 전국취합
수집·운반,(주)제일이앤씨,전라권역,전라남도,(주)제일이앤씨,수집·운반업 · 처리방법 수집·운반 · 영산강유역환경청,14 폐기물처리업체 전국취합
수집·운반,(주)청해이엔티,전라권역,전라남도,(주)청해이엔티,수집·운반업 · 처리방법 수집·운반 · 영산강유역환경청,14 폐기물처리업체 전국취합
수집·운반,(주)퍼스트환경,전라권역,전라남도,(주)퍼스트환경,수집·운반업 · 처리방법 수집·운반 · 영산강유역환경청,14 폐기물처리업체 전국취합
수집·운반,(주)푸른환경,전라권역,전라남도,(주)푸른환경,수집·운반업 · 처리방법 수집·운반 · 영산강유역환경청,14 폐기물처리업체 전국취합
수집·운반,(주)한빛테크,전라권역,전라남도,(주)한빛테크,수집·운반업 · 처리방법 수집·운반 · 영산강유역환경청,14 폐기물처리업체 전국취합
수집·운반,대경에코서비스(주),전라권역,전라남도,대경에코서비스(주),수집·운반업 · 처리방법 수집·운반 · 영산강유역환경청,14 폐기물처리업체 전국취합
수집·운반,"대한민국특수임무유공자회 
광주광역시지부",전라권역,전라남도,"대한민국특수임무유공자회 
광주광역시지부",수집·운반업 · 처리방법 수집·운반 · 영산강유역환경청,14 폐기물처리업체 전국취합
수집·운반,바다환경(주)-목포,전라권역,전라남도,바다환경(주)-목포,수집·운반업 · 처리방법 수집·운반 · 영산강유역환경청,14 폐기물처리업체 전국취합
수집·운반,"백진환경(자)-운반,중간처리",전라권역,전라남도,"백진환경(자)-운반,중간처리",수집·운반업 · 처리방법 수집·운반 · 영산강유역환경청,14 폐기물처리업체 전국취합
수집·운반,범창에너지,전라권역,전라남도,범창에너지,수집·운반업 · 처리방법 수집·운반 · 영산강유역환경청,14 폐기물처리업체 전국취합
수집·운반,성암산업(주),전라권역,전라남도,성암산업(주),수집·운반업 · 처리방법 수집·운반 · 영산강유역환경청,14 폐기물처리업체 전국취합
수집·운반,승우산업개발(주),전라권역,전라남도,승우산업개발(주),수집·운반업 · 처리방법 수집·운반 · 영산강유역환경청 / 중간처분업 · 처리방법 기타 · 영산강유역환경청,14 폐기물처리업체 전국취합
수집·운반,씨앤에스(주),전라권역,전라남도,씨앤에스(주),수집·운반업 · 처리방법 수집·운반 · 영산강유역환경청,14 폐기물처리업체 전국취합
수집·운반,에코그린환경,전라권역,전라남도,에코그린환경,수집·운반업 · 처리방법 수집·운반 · 영산강유역환경청,14 폐기물처리업체 전국취합
수집·운반,유성리텍,전라권역,전라남도,유성리텍,수집·운반업 · 처리방법 수집·운반 · 영산강유역환경청,14 폐기물처리업체 전국취합
수집·운반,재원산업(주),전라권역,전라남도,재원산업(주),수집·운반업 · 처리방법 수집·운반 · 영산강유역환경청 / 종합 재활용업 · 처리방법 재활용,14 폐기물처리업체 전국취합
수집·운반,지구환경(주),전라권역,전라남도,지구환경(주),수집·운반업 · 처리방법 수집·운반 · 영산강유역환경청,14 폐기물처리업체 전국취합
수집·운반,케이씨환경서비스(주)(소각)-월내,전라권역,전라남도,케이씨환경서비스(주)(소각)-월내,수집·운반업 · 처리방법 수집·운반 · 영산강유역환경청 / 중간처분업 · 처리방법 소각 · 영산강유역환경청,14 폐기물처리업체 전국취합
수집·운반,퍼스텍(주),전라권역,전라남도,퍼스텍(주),수집·운반업 · 처리방법 수집·운반 · 영산강유역환경청,14 폐기물처리업체 전국취합
수집·운반,해동이앤티(주),전라권역,전라남도,해동이앤티(주),수집·운반업 · 처리방법 수집·운반 · 영산강유역환경청 / 최종 재활용업 · 처리방법 재활용 / 중간 재활용업 · 처리방법 재활용,14 폐기물처리업체 전국취합
수집·운반,(유)금솔,전라권역,전북특별자치도,(유)금솔,수집·운반업 · 처리방법 수집·운반 · 전북지방환경청,14 폐기물처리업체 전국취합
수집·운반,(유)대한이앤이(군산),전라권역,전북특별자치도,(유)대한이앤이(군산),수집·운반업 · 처리방법 수집·운반 · 전북지방환경청,14 폐기물처리업체 전국취합
수집·운반,(유)레오텍해운,전라권역,전북특별자치도,(유)레오텍해운,수집·운반업 · 처리방법 수집·운반 · 전북지방환경청,14 폐기물처리업체 전국취합
수집·운반,(유)삼우환경개발,전라권역,전북특별자치도,(유)삼우환경개발,수집·운반업 · 처리방법 수집·운반 · 전북지방환경청,14 폐기물처리업체 전국취합
수집·운반,(유)세강알엔씨,전라권역,전북특별자치도,(유)세강알엔씨,수집·운반업 · 처리방법 수집·운반 · 전북지방환경청,14 폐기물처리업체 전국취합
수집·운반,(유)승미,전라권역,전북특별자치도,(유)승미,수집·운반업 · 처리방법 수집·운반 · 전북지방환경청,14 폐기물처리업체 전국취합
수집·운반,(유)에스앤피,전라권역,전북특별자치도,(유)에스앤피,수집·운반업 · 처리방법 수집·운반 · 전북지방환경청 / 중간처분업 · 처리방법 기타 · 전북지방환경청,14 폐기물처리업체 전국취합
수집·운반,(유)이문산업,전라권역,전북특별자치도,(유)이문산업,수집·운반업 · 처리방법 수집·운반 · 전북지방환경청,14 폐기물처리업체 전국취합
수집·운반,(유)초원석면환경,전라권역,전북특별자치도,(유)초원석면환경,수집·운반업 · 처리방법 수집·운반 · 전북지방환경청,14 폐기물처리업체 전국취합
수집·운반,(유)클린환경산업,전라권역,전북특별자치도,(유)클린환경산업,수집·운반업 · 처리방법 수집·운반 · 전북지방환경청,14 폐기물처리업체 전국취합
수집·운반,(주)대림(임시보관장 경유),전라권역,전북특별자치도,(주)대림(임시보관장 경유),수집·운반업 · 처리방법 수집·운반 · 전북지방환경청,14 폐기물처리업체 전국취합
수집·운반,(주)대림-군산,전라권역,전북특별자치도,(주)대림-군산,수집·운반업 · 처리방법 수집·운반 · 전북지방환경청 / 종합 재활용업 · 처리방법 재활용,14 폐기물처리업체 전국취합
수집·운반,(주)일진도시환경,전라권역,전북특별자치도,(주)일진도시환경,수집·운반업 · 처리방법 수집·운반 · 전북지방환경청,14 폐기물처리업체 전국취합
수집·운반,범유산업(주),전라권역,전북특별자치도,범유산업(주),수집·운반업 · 처리방법 수집·운반 · 전북지방환경청,14 폐기물처리업체 전국취합
수집·운반,케이씨환경서비스(주)전주사업부,전라권역,전북특별자치도,케이씨환경서비스(주)전주사업부,수집·운반업 · 처리방법 수집·운반 · 전북지방환경청 / 중간처분업 · 처리방법 소각 · 전북지방환경청,14 폐기물처리업체 전국취합
수집·운반,삼성환경자원,전라권역,제주특별자치도,삼성환경자원,수집·운반업 · 처리방법 수집·운반 · 제주특별자치도,14 폐기물처리업체 전국취합
수집·운반,유성화학(주),전라권역,제주특별자치도,유성화학(주),수집·운반업 · 처리방법 수집·운반 · 제주특별자치도,14 폐기물처리업체 전국취합
수집·운반,주식회사 서부자원,전라권역,제주특별자치도,주식회사 서부자원,수집·운반업 · 처리방법 수집·운반 · 제주특별자치도,14 폐기물처리업체 전국취합
수집·운반,(유)세광,충청권역,대전광역시,(유)세광,수집·운반업 · 처리방법 수집·운반 · 금강유역환경청,14 폐기물처리업체 전국취합
수집·운반,(주)동양환경,충청권역,대전광역시,(주)동양환경,수집·운반업 · 처리방법 수집·운반 · 금강유역환경청 / 중간처분업 · 처리방법 소각 · 금강유역환경청 / 중간처분업 · 처리방법 기타 · 금강유역환경청,14 폐기물처리업체 전국취합
수집·운반,(주)성창환경산업,충청권역,대전광역시,(주)성창환경산업,수집·운반업 · 처리방법 수집·운반 · 금강유역환경청,14 폐기물처리업체 전국취합
수집·운반,(주)스마트환경건설,충청권역,대전광역시,(주)스마트환경건설,수집·운반업 · 처리방법 수집·운반 · 금강유역환경청,14 폐기물처리업체 전국취합
수집·운반,(주)청정함,충청권역,대전광역시,(주)청정함,수집·운반업 · 처리방법 수집·운반 · 금강유역환경청 / 중간처분업 · 처리방법 기타 · 금강유역환경청,14 폐기물처리업체 전국취합
수집·운반,(주)한사랑산업보건연구소,충청권역,대전광역시,(주)한사랑산업보건연구소,수집·운반업 · 처리방법 수집·운반 · 금강유역환경청,14 폐기물처리업체 전국취합
수집·운반,대룡환경산업(주),충청권역,대전광역시,대룡환경산업(주),수집·운반업 · 처리방법 수집·운반 · 금강유역환경청,14 폐기물처리업체 전국취합
수집·운반,대신산업개발(주),충청권역,대전광역시,대신산업개발(주),수집·운반업 · 처리방법 수집·운반 · 금강유역환경청,14 폐기물처리업체 전국취합
수집·운반,대전환경산업(주),충청권역,대전광역시,대전환경산업(주),수집·운반업 · 처리방법 수집·운반 · 금강유역환경청,14 폐기물처리업체 전국취합
수집·운반,대한환경산업(주),충청권역,대전광역시,대한환경산업(주),수집·운반업 · 처리방법 수집·운반 · 금강유역환경청,14 폐기물처리업체 전국취합
수집·운반,디에스산업,충청권역,대전광역시,디에스산업,수집·운반업 · 처리방법 수집·운반 · 금강유역환경청,14 폐기물처리업체 전국취합
수집·운반,성진환경(주),충청권역,대전광역시,성진환경(주),수집·운반업 · 처리방법 수집·운반 · 금강유역환경청,14 폐기물처리업체 전국취합
수집·운반,아프로(주),충청권역,대전광역시,아프로(주),수집·운반업 · 처리방법 수집·운반 · 금강유역환경청,14 폐기물처리업체 전국취합
수집·운반,유영산업(주),충청권역,대전광역시,유영산업(주),수집·운반업 · 처리방법 수집·운반 · 금강유역환경청,14 폐기물처리업체 전국취합
수집·운반,유정석면환경(주),충청권역,대전광역시,유정석면환경(주),수집·운반업 · 처리방법 수집·운반 · 금강유역환경청,14 폐기물처리업체 전국취합
수집·운반,주식회사 여강산업,충청권역,대전광역시,주식회사 여강산업,수집·운반업 · 처리방법 수집·운반 · 금강유역환경청,14 폐기물처리업체 전국취합
수집·운반,태전환경(주),충청권역,대전광역시,태전환경(주),수집·운반업 · 처리방법 수집·운반 · 금강유역환경청,14 폐기물처리업체 전국취합
수집·운반,(주)강우이앤이,충청권역,세종특별자치시,(주)강우이앤이,수집·운반업 · 처리방법 수집·운반 · 금강유역환경청,14 폐기물처리업체 전국취합
수집·운반,(주)대청이앤지(지정),충청권역,세종특별자치시,(주)대청이앤지(지정),수집·운반업 · 처리방법 수집·운반 · 금강유역환경청,14 폐기물처리업체 전국취합
수집·운반,유림환경(합),충청권역,세종특별자치시,유림환경(합),수집·운반업 · 처리방법 수집·운반 · 금강유역환경청,14 폐기물처리업체 전국취합
수집·운반,한국석유관리원,충청권역,세종특별자치시,한국석유관리원,수집·운반업 · 처리방법 수집·운반 · 금강유역환경청,14 폐기물처리업체 전국취합
수집·운반,(유)대한청정환경,충청권역,충청남도,(유)대한청정환경,수집·운반업 · 처리방법 수집·운반 · 금강유역환경청 / 폐기물 수집·운반업체 (서산센터 관할),03 지자체 관할 폐기물·중장비 업체 / 14 폐기물처리업체 전국취합
수집·운반,(유)정인이엔씨,충청권역,충청남도,(유)정인이엔씨,수집·운반업 · 처리방법 수집·운반 · 금강유역환경청,14 폐기물처리업체 전국취합
수집·운반,(주)그린토피아,충청권역,충청남도,(주)그린토피아,수집·운반업 · 처리방법 수집·운반 · 금강유역환경청,14 폐기물처리업체 전국취합
수집·운반,(주)대영환경,충청권역,충청남도,(주)대영환경,수집·운반업 · 처리방법 수집·운반 · 금강유역환경청,14 폐기물처리업체 전국취합
수집·운반,(주)동우,충청권역,충청남도,(주)동우,수집·운반업 · 처리방법 수집·운반 · 금강유역환경청,14 폐기물처리업체 전국취합
수집·운반,(주)드림개발,충청권역,충청남도,(주)드림개발,수집·운반업 · 처리방법 수집·운반 · 금강유역환경청 / 폐기물 수집·운반업체 (서산센터 관할),03 지자체 관할 폐기물·중장비 업체 / 14 폐기물처리업체 전국취합
수집·운반,(주)명진종합환경,충청권역,충청남도,(주)명진종합환경,수집·운반업 · 처리방법 수집·운반 · 금강유역환경청,14 폐기물처리업체 전국취합
수집·운반,(주)보경,충청권역,충청남도,(주)보경,수집·운반업 · 처리방법 수집·운반 · 금강유역환경청,14 폐기물처리업체 전국취합
수집·운반,(주)서광하이테크,충청권역,충청남도,(주)서광하이테크,수집·운반업 · 처리방법 수집·운반 · 금강유역환경청 / 중간처분업 · 처리방법 소각 · 금강유역환경청 / 종합 재활용업 · 처리방법 재활용,14 폐기물처리업체 전국취합
수집·운반,(주)성림이엔티,충청권역,충청남도,(주)성림이엔티,수집·운반업 · 처리방법 수집·운반 · 금강유역환경청,14 폐기물처리업체 전국취합
수집·운반,(주)성화환경,충청권역,충청남도,(주)성화환경,수집·운반업 · 처리방법 수집·운반 · 금강유역환경청 / 폐기물 수집·운반업체 (서산센터 관할),03 지자체 관할 폐기물·중장비 업체 / 14 폐기물처리업체 전국취합
수집·운반,(주)수목환경,충청권역,충청남도,(주)수목환경,수집·운반업 · 처리방법 수집·운반 · 금강유역환경청 / 폐기물 수집·운반업체 (서산센터 관할),03 지자체 관할 폐기물·중장비 업체 / 14 폐기물처리업체 전국취합
수집·운반,(주)신우(운반),충청권역,충청남도,(주)신우(운반),수집·운반업 · 처리방법 수집·운반 · 금강유역환경청,14 폐기물처리업체 전국취합
수집·운반,(주)알엔씨,충청권역,충청남도,(주)알엔씨,수집·운반업 · 처리방법 수집·운반 · 금강유역환경청 / 종합 재활용업 · 처리방법 재활용,14 폐기물처리업체 전국취합
수집·운반,(주)에스엠유화 천안지점,충청권역,충청남도,(주)에스엠유화 천안지점,수집·운반업 · 처리방법 수집·운반 · 금강유역환경청,14 폐기물처리업체 전국취합
수집·운반,(주)에코윈,충청권역,충청남도,(주)에코윈,수집·운반업 · 처리방법 수집·운반 · 금강유역환경청,14 폐기물처리업체 전국취합
수집·운반,(주)에코트랜스,충청권역,충청남도,(주)에코트랜스,수집·운반업 · 처리방법 수집·운반 · 금강유역환경청,14 폐기물처리업체 전국취합
수집·운반,(주)유진환경,충청권역,충청남도,(주)유진환경,수집·운반업 · 처리방법 수집·운반 · 금강유역환경청,14 폐기물처리업체 전국취합
수집·운반,(주)제이앤에스산업,충청권역,충청남도,(주)제이앤에스산업,수집·운반업 · 처리방법 수집·운반 · 금강유역환경청,14 폐기물처리업체 전국취합
수집·운반,(주)평송기업,충청권역,충청남도,(주)평송기업,수집·운반업 · 처리방법 수집·운반 · 금강유역환경청,14 폐기물처리업체 전국취합
수집·운반,(주)푸른환경,충청권역,충청남도,(주)푸른환경,폐기물 수집·운반업체 (서산센터 관할),03 지자체 관할 폐기물·중장비 업체
수집·운반,(주)하이그린,충청권역,충청남도,(주)하이그린,수집·운반업 · 처리방법 수집·운반 · 금강유역환경청,14 폐기물처리업체 전국취합
수집·운반,㈜대생이엔티,충청권역,충청남도,㈜대생이엔티,폐기물 수집·운반업체 (서산센터 관할),03 지자체 관할 폐기물·중장비 업체
수집·운반,㈜디제이환경산업,충청권역,충청남도,㈜디제이환경산업,폐기물 수집·운반업체 (서산센터 관할),03 지자체 관할 폐기물·중장비 업체
수집·운반,㈜스마트환경개발,충청권역,충청남도,㈜스마트환경개발,폐기물 수집·운반업체 (서산센터 관할),03 지자체 관할 폐기물·중장비 업체
수집·운반,㈜이노블루,충청권역,충청남도,㈜이노블루,폐기물 수집·운반업체 (서산센터 관할),03 지자체 관할 폐기물·중장비 업체
수집·운반,㈜태건환경건설,충청권역,충청남도,㈜태건환경건설,폐기물 수집·운반업체 (서산센터 관할),03 지자체 관할 폐기물·중장비 업체
수집·운반,그린엔특장(주),충청권역,충청남도,그린엔특장(주),수집·운반업 · 처리방법 수집·운반 · 금강유역환경청,14 폐기물처리업체 전국취합
수집·운반,나은환경산업㈜,충청권역,충청남도,나은환경산업㈜,폐기물 수집·운반업체 (서산센터 관할),03 지자체 관할 폐기물·중장비 업체
수집·운반,대산에코주식회사,충청권역,충청남도,대산에코주식회사,수집·운반업 · 처리방법 수집·운반 · 금강유역환경청,14 폐기물처리업체 전국취합
수집·운반,대진환경(주)(서산),충청권역,충청남도,대진환경(주)(서산),수집·운반업 · 처리방법 수집·운반 · 금강유역환경청,14 폐기물처리업체 전국취합
수집·운반,덕영건설㈜,충청권역,충청남도,덕영건설㈜,폐기물 수집·운반업체 (서산센터 관할),03 지자체 관할 폐기물·중장비 업체
수집·운반,동산환경,충청권역,충청남도,동산환경,폐기물 수집·운반업체 (서산센터 관할),03 지자체 관할 폐기물·중장비 업체
수집·운반,동양산업개발(주),충청권역,충청남도,동양산업개발(주),수집·운반업 · 처리방법 수집·운반 · 금강유역환경청,14 폐기물처리업체 전국취합
수집·운반,리뉴로지스인더 주식회사,충청권역,충청남도,리뉴로지스인더 주식회사,폐기물 수집·운반업체 (서산센터 관할),03 지자체 관할 폐기물·중장비 업체
수집·운반,미래환경(주),충청권역,충청남도,미래환경(주),수집·운반업 · 처리방법 수집·운반 · 금강유역환경청,14 폐기물처리업체 전국취합
수집·운반,베이스환경(주),충청권역,충청남도,베이스환경(주),수집·운반업 · 처리방법 수집·운반 · 금강유역환경청,14 폐기물처리업체 전국취합
수집·운반,삼홍조경건설,충청권역,충청남도,삼홍조경건설,수집·운반업 · 처리방법 수집·운반 · 금강유역환경청,14 폐기물처리업체 전국취합
수집·운반,삼화환경(주),충청권역,충청남도,삼화환경(주),수집·운반업 · 처리방법 수집·운반 · 금강유역환경청,14 폐기물처리업체 전국취합
수집·운반,상록수환경(주),충청권역,충청남도,상록수환경(주),수집·운반업 · 처리방법 수집·운반 · 금강유역환경청,14 폐기물처리업체 전국취합
수집·운반,시현환경건설㈜,충청권역,충청남도,시현환경건설㈜,폐기물 수집·운반업체 (서산센터 관할),03 지자체 관할 폐기물·중장비 업체
수집·운반,아주환경개발(주),충청권역,충청남도,아주환경개발(주),수집·운반업 · 처리방법 수집·운반 · 금강유역환경청 / 폐기물 수집·운반업체 (서산센터 관할),03 지자체 관할 폐기물·중장비 업체 / 14 폐기물처리업체 전국취합
수집·운반,에이스켐(주),충청권역,충청남도,에이스켐(주),수집·운반업 · 처리방법 수집·운반 · 금강유역환경청 / 종합 재활용업 · 처리방법 재활용,14 폐기물처리업체 전국취합
수집·운반,"연합환경(주)(건설,지정)",충청권역,충청남도,"연합환경(주)(건설,지정)",수집·운반업 · 처리방법 수집·운반 · 금강유역환경청,14 폐기물처리업체 전국취합
수집·운반,영진환경산업(주),충청권역,충청남도,영진환경산업(주),수집·운반업 · 처리방법 수집·운반 · 금강유역환경청,14 폐기물처리업체 전국취합
수집·운반,우선산업(주),충청권역,충청남도,우선산업(주),수집·운반업 · 처리방법 수집·운반 · 금강유역환경청,14 폐기물처리업체 전국취합
수집·운반,원광종합개발(주),충청권역,충청남도,원광종합개발(주),수집·운반업 · 처리방법 수집·운반 · 금강유역환경청,14 폐기물처리업체 전국취합
수집·운반,이삭환경,충청권역,충청남도,이삭환경,폐기물 수집·운반업체 (서산센터 관할),03 지자체 관할 폐기물·중장비 업체
수집·운반,이엔케미칼(주)당진지점,충청권역,충청남도,이엔케미칼(주)당진지점,수집·운반업 · 처리방법 수집·운반 · 금강유역환경청 / 중간처분업 · 처리방법 기타 · 금강유역환경청,14 폐기물처리업체 전국취합
수집·운반,이조환경㈜,충청권역,충청남도,이조환경㈜,폐기물 수집·운반업체 (서산센터 관할),03 지자체 관할 폐기물·중장비 업체
수집·운반,인바이오텍(주) 당진지점,충청권역,충청남도,인바이오텍(주) 당진지점,수집·운반업 · 처리방법 수집·운반 · 금강유역환경청 / 중간처분업 · 처리방법 기타 · 금강유역환경청 / 종합 재활용업 · 처리방법 재활용,14 폐기물처리업체 전국취합
수집·운반,자연보호환경(주),충청권역,충청남도,자연보호환경(주),수집·운반업 · 처리방법 수집·운반 · 금강유역환경청,14 폐기물처리업체 전국취합
수집·운반,제일환경산업(주),충청권역,충청남도,제일환경산업(주),수집·운반업 · 처리방법 수집·운반 · 금강유역환경청,14 폐기물처리업체 전국취합
수집·운반,조은이엔지(주),충청권역,충청남도,조은이엔지(주),수집·운반업 · 처리방법 수집·운반 · 금강유역환경청,14 폐기물처리업체 전국취합
수집·운반,주식회사 유진산업,충청권역,충청남도,주식회사 유진산업,폐기물 수집·운반업체 (서산센터 관할),03 지자체 관할 폐기물·중장비 업체
수집·운반,주식회사 클린당진,충청권역,충청남도,주식회사 클린당진,폐기물 수집·운반업체 (서산센터 관할),03 지자체 관할 폐기물·중장비 업체
수집·운반,주원건설(주),충청권역,충청남도,주원건설(주),수집·운반업 · 처리방법 수집·운반 · 금강유역환경청,14 폐기물처리업체 전국취합
수집·운반,코스람산업(주),충청권역,충청남도,코스람산업(주),수집·운반업 · 처리방법 수집·운반 · 금강유역환경청 / 종합 재활용업 · 처리방법 재활용,14 폐기물처리업체 전국취합
수집·운반,태림산업㈜,충청권역,충청남도,태림산업㈜,폐기물 수집·운반업체 (서산센터 관할),03 지자체 관할 폐기물·중장비 업체
수집·운반,하나환경(주),충청권역,충청남도,하나환경(주),수집·운반업 · 처리방법 수집·운반 · 금강유역환경청,14 폐기물처리업체 전국취합
수집·운반,한울환경주식회사,충청권역,충청남도,한울환경주식회사,수집·운반업 · 처리방법 수집·운반 · 금강유역환경청,14 폐기물처리업체 전국취합
수집·운반,현무환경(주),충청권역,충청남도,현무환경(주),수집·운반업 · 처리방법 수집·운반 · 금강유역환경청,14 폐기물처리업체 전국취합
수집·운반,화서유지상사,충청권역,충청남도,화서유지상사,폐기물 수집·운반업체 (서산센터 관할),03 지자체 관할 폐기물·중장비 업체
수집·운반,(주)금강티앤씨,충청권역,충청북도,(주)금강티앤씨,수집·운반업 · 처리방법 수집·운반 · 금강유역환경청,14 폐기물처리업체 전국취합
수집·운반,(주)대일기업,충청권역,충청북도,(주)대일기업,수집·운반업 · 처리방법 수집·운반 · 금강유역환경청,14 폐기물처리업체 전국취합
수집·운반,(주)대한철거산업(운반),충청권역,충청북도,(주)대한철거산업(운반),수집·운반업 · 처리방법 수집·운반 · 금강유역환경청,14 폐기물처리업체 전국취합
수집·운반,(주)디에스이엔지(지정),충청권역,충청북도,(주)디에스이엔지(지정),수집·운반업 · 처리방법 수집·운반 · 금강유역환경청,14 폐기물처리업체 전국취합
수집·운반,(주)디와이솔루션-지정운반,충청권역,충청북도,(주)디와이솔루션-지정운반,수집·운반업 · 처리방법 수집·운반 · 금강유역환경청,14 폐기물처리업체 전국취합
수집·운반,(주)디와이텍,충청권역,충청북도,(주)디와이텍,수집·운반업 · 처리방법 수집·운반 · 원주지방환경청,14 폐기물처리업체 전국취합
수집·운반,(주)문화환경개발(운반),충청권역,충청북도,(주)문화환경개발(운반),수집·운반업 · 처리방법 수집·운반 · 원주지방환경청,14 폐기물처리업체 전국취합
수집·운반,(주)범창,충청권역,충청북도,(주)범창,수집·운반업 · 처리방법 수집·운반 · 금강유역환경청 / 종합 재활용업 · 처리방법 재활용,14 폐기물처리업체 전국취합
수집·운반,(주)범창산업,충청권역,충청북도,(주)범창산업,수집·운반업 · 처리방법 수집·운반 · 원주지방환경청,14 폐기물처리업체 전국취합
수집·운반,(주)보건환경산업,충청권역,충청북도,(주)보건환경산업,수집·운반업 · 처리방법 수집·운반 · 금강유역환경청,14 폐기물처리업체 전국취합
수집·운반,(주)오성아이케이진천지점(1공장),충청권역,충청북도,(주)오성아이케이진천지점(1공장),수집·운반업 · 처리방법 수집·운반 · 금강유역환경청 / 종합 재활용업 · 처리방법 재활용,14 폐기물처리업체 전국취합
수집·운반,(주)중원인더스트리,충청권역,충청북도,(주)중원인더스트리,수집·운반업 · 처리방법 수집·운반 · 원주지방환경청,14 폐기물처리업체 전국취합
수집·운반,(주)진성리텍,충청권역,충청북도,(주)진성리텍,수집·운반업 · 처리방법 수집·운반 · 금강유역환경청 / 종합 재활용업 · 처리방법 재활용,14 폐기물처리업체 전국취합
수집·운반,(주)천지화학,충청권역,충청북도,(주)천지화학,수집·운반업 · 처리방법 수집·운반 · 금강유역환경청 / 종합 재활용업 · 처리방법 재활용,14 폐기물처리업체 전국취합
수집·운반,(주)충청환경,충청권역,충청북도,(주)충청환경,수집·운반업 · 처리방법 수집·운반 · 금강유역환경청,14 폐기물처리업체 전국취합
수집·운반,(주)한사랑산업보건연구소,충청권역,충청북도,(주)한사랑산업보건연구소,수집·운반업 · 처리방법 수집·운반 · 금강유역환경청,14 폐기물처리업체 전국취합
수집·운반,광도이앤씨(주),충청권역,충청북도,광도이앤씨(주),수집·운반업 · 처리방법 수집·운반 · 금강유역환경청 / 중간 재활용업 · 처리방법 재활용,14 폐기물처리업체 전국취합
수집·운반,대덕정유(주),충청권역,충청북도,대덕정유(주),수집·운반업 · 처리방법 수집·운반 · 금강유역환경청,14 폐기물처리업체 전국취합
수집·운반,대로이엔씨(주)-운반,충청권역,충청북도,대로이엔씨(주)-운반,수집·운반업 · 처리방법 수집·운반 · 금강유역환경청,14 폐기물처리업체 전국취합
수집·운반,대영산업(주),충청권역,충청북도,대영산업(주),수집·운반업 · 처리방법 수집·운반 · 원주지방환경청,14 폐기물처리업체 전국취합
수집·운반,미래이에스(주),충청권역,충청북도,미래이에스(주),수집·운반업 · 처리방법 수집·운반 · 금강유역환경청,14 폐기물처리업체 전국취합
수집·운반,미지산업(주),충청권역,충청북도,미지산업(주),수집·운반업 · 처리방법 수집·운반 · 금강유역환경청,14 폐기물처리업체 전국취합
수집·운반,반도환경(주),충청권역,충청북도,반도환경(주),수집·운반업 · 처리방법 수집·운반 · 금강유역환경청,14 폐기물처리업체 전국취합
수집·운반,주)대림 청주임시보관장소,충청권역,충청북도,주)대림 청주임시보관장소,수집·운반업 · 처리방법 수집·운반 · 전북지방환경청,14 폐기물처리업체 전국취합
수집·운반,주식회사 서윤산업,충청권역,충청북도,주식회사 서윤산업,수집·운반업 · 처리방법 수집·운반 · 금강유역환경청,14 폐기물처리업체 전국취합
수집·운반,주식회사에이치아이에너지,충청권역,충청북도,주식회사에이치아이에너지,수집·운반업 · 처리방법 수집·운반 · 금강유역환경청,14 폐기물처리업체 전국취합
수집·운반,천지에코(주),충청권역,충청북도,천지에코(주),수집·운반업 · 처리방법 수집·운반 · 금강유역환경청,14 폐기물처리업체 전국취합
수집·운반,천지이에스(주),충청권역,충청북도,천지이에스(주),수집·운반업 · 처리방법 수집·운반 · 금강유역환경청,14 폐기물처리업체 전국취합
수집·운반,케이지환경서비스주식회사,충청권역,충청북도,케이지환경서비스주식회사,수집·운반업 · 처리방법 수집·운반 · 금강유역환경청,14 폐기물처리업체 전국취합
수집·운반,해동산업개발,충청권역,충청북도,해동산업개발,수집·운반업 · 처리방법 수집·운반 · 금강유역환경청 / 종합 재활용업 · 처리방법 재활용,14 폐기물처리업체 전국취합
수집·운반,화신산업(주),충청권역,충청북도,화신산업(주),수집·운반업 · 처리방법 수집·운반 · 원주지방환경청,14 폐기물처리업체 전국취합
중간처분(소각),(주)동해이엠씨,강원권역,강원특별자치도,(주)동해이엠씨,중간처분업 · 처리방법 소각 · 원주지방환경청,14 폐기물처리업체 전국취합
중간처분(소각),(주)창원에너텍,경상권역,경상남도,(주)창원에너텍,중간처분업 · 처리방법 소각 · 낙동강유역환경청,14 폐기물처리업체 전국취합
중간처분(소각),(주)케이비아이국인산업(구미),경상권역,경상북도,(주)케이비아이국인산업(구미),중간처분업 · 처리방법 소각 · 대구지방환경청,14 폐기물처리업체 전국취합
중간처분(소각),네이처이앤티(주),경상권역,경상북도,네이처이앤티(주),중간처분업 · 처리방법 소각 · 대구지방환경청 / 최종처분업 · 처리방법 매립 · 대구지방환경청,14 폐기물처리업체 전국취합
중간처분(소각),정세환경기술(주),경상권역,경상북도,정세환경기술(주),중간처분업 · 처리방법 소각 · 대구지방환경청,14 폐기물처리업체 전국취합
중간처분(소각),(주)에너지네트웍,경상권역,부산광역시,(주)에너지네트웍,중간처분업 · 처리방법 소각 · 낙동강유역환경청,14 폐기물처리업체 전국취합
중간처분(소각),에이치엘비에너지주식회사,경상권역,부산광역시,에이치엘비에너지주식회사,중간처분업 · 처리방법 소각 · 낙동강유역환경청,14 폐기물처리업체 전국취합
중간처분(소각),(주)범우(울산),경상권역,울산광역시,(주)범우(울산),중간처분업 · 처리방법 소각 · 낙동강유역환경청,14 폐기물처리업체 전국취합
중간처분(소각),(주)유니큰 온산공장,경상권역,울산광역시,(주)유니큰 온산공장,중간처분업 · 처리방법 소각 · 낙동강유역환경청,14 폐기물처리업체 전국취합
중간처분(소각),(주)코엔텍,경상권역,울산광역시,(주)코엔텍,중간처분업 · 처리방법 소각 · 낙동강유역환경청 / 최종처분업 · 처리방법 매립 · 낙동강유역환경청,14 폐기물처리업체 전국취합
중간처분(소각),(주)토탈,경상권역,울산광역시,(주)토탈,중간처분업 · 처리방법 소각 · 낙동강유역환경청 / 종합 재활용업 · 처리방법 재활용,14 폐기물처리업체 전국취합
중간처분(소각),NC울산(주)-처리자,경상권역,울산광역시,NC울산(주)-처리자,중간처분업 · 처리방법 소각 · 낙동강유역환경청 / 중간 재활용업 · 처리방법 재활용,14 폐기물처리업체 전국취합
중간처분(소각),(주)가나에너지,수도권,경기도,(주)가나에너지,중간처분업 · 처리방법 소각 · 한강유역환경청,14 폐기물처리업체 전국취합
중간처분(소각),(주)그린스코,수도권,인천광역시,(주)그린스코,중간처분업 · 처리방법 소각 · 한강유역환경청,14 폐기물처리업체 전국취합
중간처분(소각),(주)이알지서비스,수도권,인천광역시,(주)이알지서비스,중간처분업 · 처리방법 소각 · 한강유역환경청,14 폐기물처리업체 전국취합
중간처분(소각),(주)케이비아이텍,수도권,인천광역시,(주)케이비아이텍,중간처분업 · 처리방법 소각 · 한강유역환경청,14 폐기물처리업체 전국취합
중간처분(소각),(주)와이엔텍,전라권역,전라남도,(주)와이엔텍,중간처분업 · 처리방법 소각 · 영산강유역환경청 / 중간처분업 · 처리방법 기타 · 영산강유역환경청 / 최종처분업 · 처리방법 매립 · 영산강유역환경청,14 폐기물처리업체 전국취합
중간처분(소각),케이씨환경서비스(주)여수사업부(중간)-화치,전라권역,전라남도,케이씨환경서비스(주)여수사업부(중간)-화치,중간처분업 · 처리방법 소각 · 영산강유역환경청,14 폐기물처리업체 전국취합
중간처분(소각),한솔이엠이(주)군산사업소,전라권역,전북특별자치도,한솔이엠이(주)군산사업소,중간처분업 · 처리방법 소각 · 전북지방환경청,14 폐기물처리업체 전국취합
중간처분(소각),(주)대성에코에너지센터,충청권역,충청남도,(주)대성에코에너지센터,중간처분업 · 처리방법 소각 · 금강유역환경청,14 폐기물처리업체 전국취합
중간처분(소각),(주)영흥산업환경,충청권역,충청남도,(주)영흥산업환경,중간처분업 · 처리방법 소각 · 금강유역환경청,14 폐기물처리업체 전국취합
중간처분(소각),충청환경에너지(주),충청권역,충청남도,충청환경에너지(주),중간처분업 · 처리방법 소각 · 금강유역환경청,14 폐기물처리업체 전국취합
중간처분(소각),(주)다나에너지솔루션,충청권역,충청북도,(주)다나에너지솔루션,중간처분업 · 처리방법 소각 · 금강유역환경청,14 폐기물처리업체 전국취합
중간처분(그 외),(주)봉수산업 김해사업소,경상권역,경상남도,(주)봉수산업 김해사업소,중간처분업 · 처리방법 기타 · 낙동강유역환경청 / 중간 재활용업 · 처리방법 재활용,14 폐기물처리업체 전국취합
중간처분(그 외),학산금속공업(주),경상권역,경상남도,학산금속공업(주),중간처분업 · 처리방법 기타 · 낙동강유역환경청 / 중간 재활용업 · 처리방법 재활용,14 폐기물처리업체 전국취합
중간처분(그 외),(주)보광,경상권역,경상북도,(주)보광,중간처분업 · 처리방법 기타 · 대구지방환경청,14 폐기물처리업체 전국취합
중간처분(그 외),오케이테크,경상권역,경상북도,오케이테크,중간처분업 · 처리방법 기타 · 대구지방환경청 / 종합 재활용업 · 처리방법 재활용,14 폐기물처리업체 전국취합
중간처분(그 외),(주)대흥금속,경상권역,대구광역시,(주)대흥금속,중간처분업 · 처리방법 기타 · 대구지방환경청,14 폐기물처리업체 전국취합
중간처분(그 외),(주)포앤테크,수도권,경기도,(주)포앤테크,중간처분업 · 처리방법 기타 · 한강유역환경청,14 폐기물처리업체 전국취합
중간처분(그 외),(주)하나이앤에스(처리),수도권,경기도,(주)하나이앤에스(처리),중간처분업 · 처리방법 기타 · 한강유역환경청 / 중간 재활용업 · 처리방법 재활용,14 폐기물처리업체 전국취합
중간처분(그 외),대덕피에스디(주),수도권,경기도,대덕피에스디(주),중간처분업 · 처리방법 기타 · 한강유역환경청,14 폐기물처리업체 전국취합
중간처분(그 외),대한케미칼(주),수도권,경기도,대한케미칼(주),중간처분업 · 처리방법 기타 · 한강유역환경청,14 폐기물처리업체 전국취합
중간처분(그 외),성림산업(주),수도권,경기도,성림산업(주),중간처분업 · 처리방법 기타 · 한강유역환경청 / 종합 재활용업 · 처리방법 재활용,14 폐기물처리업체 전국취합
중간처분(그 외),에스지개발(주)화성지점,수도권,경기도,에스지개발(주)화성지점,중간처분업 · 처리방법 기타 · 한강유역환경청,14 폐기물처리업체 전국취합
중간처분(그 외),에스티에코(주),수도권,경기도,에스티에코(주),중간처분업 · 처리방법 기타 · 한강유역환경청,14 폐기물처리업체 전국취합
중간처분(그 외),(유)와이에스산업,전라권역,전북특별자치도,(유)와이에스산업,중간처분업 · 처리방법 기타 · 전북지방환경청,14 폐기물처리업체 전국취합
중간처분(그 외),(주)태평에어앤워터,충청권역,충청남도,(주)태평에어앤워터,중간처분업 · 처리방법 기타 · 금강유역환경청,14 폐기물처리업체 전국취합
중간처분(그 외),(주)디와이솔루션-진천,충청권역,충청북도,(주)디와이솔루션-진천,중간처분업 · 처리방법 기타 · 금강유역환경청,14 폐기물처리업체 전국취합
중간처분(그 외),(주)썬에너지,충청권역,충청북도,(주)썬에너지,중간처분업 · 처리방법 기타 · 금강유역환경청 / 종합 재활용업 · 처리방법 재활용,14 폐기물처리업체 전국취합
중간처분(그 외),(주)천호금속 진천공장,충청권역,충청북도,(주)천호금속 진천공장,중간처분업 · 처리방법 기타 · 금강유역환경청 / 중간 재활용업 · 처리방법 재활용,14 폐기물처리업체 전국취합
종합재활용,(주)뉴보텍 문막공장,강원권역,강원특별자치도,(주)뉴보텍 문막공장,종합 재활용업 · 처리방법 재활용,14 폐기물처리업체 전국취합
종합재활용,사회복지법인 굿피플우리복지재단,강원권역,강원특별자치도,사회복지법인 굿피플우리복지재단,중간 재활용업 · 처리방법 재활용,14 폐기물처리업체 전국취합
종합재활용,(사)행복한 오늘,경상권역,경상남도,(사)행복한 오늘,중간 재활용업 · 처리방법 재활용,14 폐기물처리업체 전국취합
종합재활용,(주)BGR메탈,경상권역,경상남도,(주)BGR메탈,중간 재활용업 · 처리방법 재활용,14 폐기물처리업체 전국취합
종합재활용,(주)건양메탈,경상권역,경상남도,(주)건양메탈,종합 재활용업 · 처리방법 재활용,14 폐기물처리업체 전국취합
종합재활용,(주)다우링에너지,경상권역,경상남도,(주)다우링에너지,종합 재활용업 · 처리방법 재활용,14 폐기물처리업체 전국취합
종합재활용,(주)대영에너지,경상권역,경상남도,(주)대영에너지,종합 재활용업 · 처리방법 재활용,14 폐기물처리업체 전국취합
종합재활용,(주)동림산업,경상권역,경상남도,(주)동림산업,종합 재활용업 · 처리방법 재활용,14 폐기물처리업체 전국취합
종합재활용,(주)동방유화,경상권역,경상남도,(주)동방유화,종합 재활용업 · 처리방법 재활용,14 폐기물처리업체 전국취합
종합재활용,(주)동산리싸이클링,경상권역,경상남도,(주)동산리싸이클링,종합 재활용업 · 처리방법 재활용,14 폐기물처리업체 전국취합
종합재활용,(주)동서,경상권역,경상남도,(주)동서,중간 재활용업 · 처리방법 재활용,14 폐기물처리업체 전국취합
종합재활용,(주)동운크린텍,경상권역,경상남도,(주)동운크린텍,중간 재활용업 · 처리방법 재활용,14 폐기물처리업체 전국취합
종합재활용,(주)디케이유업,경상권역,경상남도,(주)디케이유업,중간 재활용업 · 처리방법 재활용,14 폐기물처리업체 전국취합
종합재활용,(주)미래텍,경상권역,경상남도,(주)미래텍,종합 재활용업 · 처리방법 재활용,14 폐기물처리업체 전국취합
종합재활용,(주)바이텍,경상권역,경상남도,(주)바이텍,중간 재활용업 · 처리방법 재활용,14 폐기물처리업체 전국취합
종합재활용,(주)비알피,경상권역,경상남도,(주)비알피,중간 재활용업 · 처리방법 재활용,14 폐기물처리업체 전국취합
종합재활용,(주)비에스씨,경상권역,경상남도,(주)비에스씨,중간 재활용업 · 처리방법 재활용,14 폐기물처리업체 전국취합
종합재활용,(주)삼육특수유제,경상권역,경상남도,(주)삼육특수유제,중간 재활용업 · 처리방법 재활용,14 폐기물처리업체 전국취합
종합재활용,(주)삼호에너지,경상권역,경상남도,(주)삼호에너지,중간 재활용업 · 처리방법 재활용,14 폐기물처리업체 전국취합
종합재활용,(주)세양루브,경상권역,경상남도,(주)세양루브,중간 재활용업 · 처리방법 재활용,14 폐기물처리업체 전국취합
종합재활용,(주)수성크린텍,경상권역,경상남도,(주)수성크린텍,중간 재활용업 · 처리방법 재활용,14 폐기물처리업체 전국취합
종합재활용,(주)신해테크,경상권역,경상남도,(주)신해테크,중간 재활용업 · 처리방법 재활용,14 폐기물처리업체 전국취합
종합재활용,(주)신화테크,경상권역,경상남도,(주)신화테크,종합 재활용업 · 처리방법 재활용,14 폐기물처리업체 전국취합
종합재활용,(주)아시아에너지(지정),경상권역,경상남도,(주)아시아에너지(지정),중간 재활용업 · 처리방법 재활용,14 폐기물처리업체 전국취합
종합재활용,(주)안평양산지점,경상권역,경상남도,(주)안평양산지점,종합 재활용업 · 처리방법 재활용,14 폐기물처리업체 전국취합
종합재활용,(주)어반오일,경상권역,경상남도,(주)어반오일,중간 재활용업 · 처리방법 재활용,14 폐기물처리업체 전국취합
종합재활용,(주)영신금속김해공장,경상권역,경상남도,(주)영신금속김해공장,중간 재활용업 · 처리방법 재활용,14 폐기물처리업체 전국취합
종합재활용,(주)유피,경상권역,경상남도,(주)유피,중간 재활용업 · 처리방법 재활용,14 폐기물처리업체 전국취합
종합재활용,(주)제이케이유화,경상권역,경상남도,(주)제이케이유화,중간 재활용업 · 처리방법 재활용,14 폐기물처리업체 전국취합
종합재활용,(주)제일자원,경상권역,경상남도,(주)제일자원,종합 재활용업 · 처리방법 재활용,14 폐기물처리업체 전국취합
종합재활용,(주)천강,경상권역,경상남도,(주)천강,종합 재활용업 · 처리방법 재활용,14 폐기물처리업체 전국취합
종합재활용,(주)케이지,경상권역,경상남도,(주)케이지,중간 재활용업 · 처리방법 재활용,14 폐기물처리업체 전국취합
종합재활용,(주)코바,경상권역,경상남도,(주)코바,종합 재활용업 · 처리방법 재활용,14 폐기물처리업체 전국취합
종합재활용,(주)태원케미칼,경상권역,경상남도,(주)태원케미칼,중간 재활용업 · 처리방법 재활용,14 폐기물처리업체 전국취합
종합재활용,(주)티에스케이프리텍 밀양지점,경상권역,경상남도,(주)티에스케이프리텍 밀양지점,중간 재활용업 · 처리방법 재활용,14 폐기물처리업체 전국취합
종합재활용,(주)혁진 김해공장,경상권역,경상남도,(주)혁진 김해공장,종합 재활용업 · 처리방법 재활용,14 폐기물처리업체 전국취합
종합재활용,(주)화창,경상권역,경상남도,(주)화창,종합 재활용업 · 처리방법 재활용,14 폐기물처리업체 전국취합
종합재활용,가야 이엔에스,경상권역,경상남도,가야 이엔에스,중간 재활용업 · 처리방법 재활용,14 폐기물처리업체 전국취합
종합재활용,경남제약(주),경상권역,경상남도,경남제약(주),중간 재활용업 · 처리방법 재활용,14 폐기물처리업체 전국취합
종합재활용,그린비 정유,경상권역,경상남도,그린비 정유,종합 재활용업 · 처리방법 재활용,14 폐기물처리업체 전국취합
종합재활용,대경케미칼(주),경상권역,경상남도,대경케미칼(주),종합 재활용업 · 처리방법 재활용,14 폐기물처리업체 전국취합
종합재활용,대림,경상권역,경상남도,대림,중간 재활용업 · 처리방법 재활용,14 폐기물처리업체 전국취합
종합재활용,대한민국상이군경회 김해사업소,경상권역,경상남도,대한민국상이군경회 김해사업소,종합 재활용업 · 처리방법 재활용,14 폐기물처리업체 전국취합
종합재활용,대한화학(처리),경상권역,경상남도,대한화학(처리),종합 재활용업 · 처리방법 재활용,14 폐기물처리업체 전국취합
종합재활용,대흥케미칼,경상권역,경상남도,대흥케미칼,중간 재활용업 · 처리방법 재활용,14 폐기물처리업체 전국취합
종합재활용,동광(주),경상권역,경상남도,동광(주),중간 재활용업 · 처리방법 재활용,14 폐기물처리업체 전국취합
종합재활용,동남RC,경상권역,경상남도,동남RC,중간 재활용업 · 처리방법 재활용,14 폐기물처리업체 전국취합
종합재활용,동양금속공업사,경상권역,경상남도,동양금속공업사,최종 재활용업 · 처리방법 재활용,14 폐기물처리업체 전국취합
종합재활용,디에너지주식회사,경상권역,경상남도,디에너지주식회사,종합 재활용업 · 처리방법 재활용,14 폐기물처리업체 전국취합
종합재활용,사단법인 장애인녹색일자리사랑회,경상권역,경상남도,사단법인 장애인녹색일자리사랑회,중간 재활용업 · 처리방법 재활용,14 폐기물처리업체 전국취합
종합재활용,서남환경에너지주식회사,경상권역,경상남도,서남환경에너지주식회사,중간 재활용업 · 처리방법 재활용,14 폐기물처리업체 전국취합
종합재활용,에너지산업,경상권역,경상남도,에너지산업,종합 재활용업 · 처리방법 재활용,14 폐기물처리업체 전국취합
종합재활용,에코플루이드,경상권역,경상남도,에코플루이드,중간 재활용업 · 처리방법 재활용,14 폐기물처리업체 전국취합
종합재활용,여주케미컬,경상권역,경상남도,여주케미컬,중간 재활용업 · 처리방법 재활용,14 폐기물처리업체 전국취합
종합재활용,옥성코아,경상권역,경상남도,옥성코아,중간 재활용업 · 처리방법 재활용,14 폐기물처리업체 전국취합
종합재활용,우성메탈,경상권역,경상남도,우성메탈,중간 재활용업 · 처리방법 재활용,14 폐기물처리업체 전국취합
종합재활용,우성에코텍(주)유테크 영남지점,경상권역,경상남도,우성에코텍(주)유테크 영남지점,종합 재활용업 · 처리방법 재활용,14 폐기물처리업체 전국취합
종합재활용,이레산업,경상권역,경상남도,이레산업,종합 재활용업 · 처리방법 재활용,14 폐기물처리업체 전국취합
종합재활용,주식회사 디에스아이,경상권역,경상남도,주식회사 디에스아이,종합 재활용업 · 처리방법 재활용,14 폐기물처리업체 전국취합
종합재활용,주식회사 이블루,경상권역,경상남도,주식회사 이블루,중간 재활용업 · 처리방법 재활용,14 폐기물처리업체 전국취합
종합재활용,준스틸텍,경상권역,경상남도,준스틸텍,중간 재활용업 · 처리방법 재활용,14 폐기물처리업체 전국취합
종합재활용,진우정유,경상권역,경상남도,진우정유,종합 재활용업 · 처리방법 재활용,14 폐기물처리업체 전국취합
종합재활용,태산테크,경상권역,경상남도,태산테크,중간 재활용업 · 처리방법 재활용,14 폐기물처리업체 전국취합
종합재활용,태성ENG,경상권역,경상남도,태성ENG,중간 재활용업 · 처리방법 재활용,14 폐기물처리업체 전국취합
종합재활용,태영케미컬(주),경상권역,경상남도,태영케미컬(주),중간 재활용업 · 처리방법 재활용,14 폐기물처리업체 전국취합
종합재활용,피엘비(PLB),경상권역,경상남도,피엘비(PLB),중간 재활용업 · 처리방법 재활용,14 폐기물처리업체 전국취합
종합재활용,하나DS,경상권역,경상남도,하나DS,중간 재활용업 · 처리방법 재활용,14 폐기물처리업체 전국취합
종합재활용,하성정유,경상권역,경상남도,하성정유,종합 재활용업 · 처리방법 재활용,14 폐기물처리업체 전국취합
종합재활용,한국포리머,경상권역,경상남도,한국포리머,종합 재활용업 · 처리방법 재활용,14 폐기물처리업체 전국취합
종합재활용,한일루켐(주),경상권역,경상남도,한일루켐(주),종합 재활용업 · 처리방법 재활용,14 폐기물처리업체 전국취합
종합재활용,현대드럼(지정폐기물),경상권역,경상남도,현대드럼(지정폐기물),종합 재활용업 · 처리방법 재활용,14 폐기물처리업체 전국취합
종합재활용,현대드럼투(주),경상권역,경상남도,현대드럼투(주),종합 재활용업 · 처리방법 재활용,14 폐기물처리업체 전국취합
종합재활용,홍징자원(주),경상권역,경상남도,홍징자원(주),중간 재활용업 · 처리방법 재활용,14 폐기물처리업체 전국취합
종합재활용,(주)녹색에너텍,경상권역,경상북도,(주)녹색에너텍,종합 재활용업 · 처리방법 재활용,14 폐기물처리업체 전국취합
종합재활용,(주)동산에스엔알 영천공장,경상권역,경상북도,(주)동산에스엔알 영천공장,종합 재활용업 · 처리방법 재활용,14 폐기물처리업체 전국취합
종합재활용,(주)보성산업환경,경상권역,경상북도,(주)보성산업환경,종합 재활용업 · 처리방법 재활용,14 폐기물처리업체 전국취합
종합재활용,(주)세기리텍,경상권역,경상북도,(주)세기리텍,종합 재활용업 · 처리방법 재활용,14 폐기물처리업체 전국취합
종합재활용,(주)세화이에스,경상권역,경상북도,(주)세화이에스,종합 재활용업 · 처리방법 재활용,14 폐기물처리업체 전국취합
종합재활용,(주)신디프,경상권역,경상북도,(주)신디프,종합 재활용업 · 처리방법 재활용,14 폐기물처리업체 전국취합
종합재활용,(주)영한금속,경상권역,경상북도,(주)영한금속,종합 재활용업 · 처리방법 재활용,14 폐기물처리업체 전국취합
종합재활용,(주)지엠텍 김천지점,경상권역,경상북도,(주)지엠텍 김천지점,종합 재활용업 · 처리방법 재활용,14 폐기물처리업체 전국취합
종합재활용,(주)클린솔루션,경상권역,경상북도,(주)클린솔루션,종합 재활용업 · 처리방법 재활용,14 폐기물처리업체 전국취합
종합재활용,DK메탈,경상권역,경상북도,DK메탈,종합 재활용업 · 처리방법 재활용,14 폐기물처리업체 전국취합
종합재활용,베페사징크코리아주식회사,경상권역,경상북도,베페사징크코리아주식회사,종합 재활용업 · 처리방법 재활용,14 폐기물처리업체 전국취합
종합재활용,벧엘산업,경상권역,경상북도,벧엘산업,종합 재활용업 · 처리방법 재활용,14 폐기물처리업체 전국취합
종합재활용,양정산업주식회사 경주지점,경상권역,경상북도,양정산업주식회사 경주지점,종합 재활용업 · 처리방법 재활용,14 폐기물처리업체 전국취합
종합재활용,주식회사 승헌 제2공장,경상권역,경상북도,주식회사 승헌 제2공장,종합 재활용업 · 처리방법 재활용,14 폐기물처리업체 전국취합
종합재활용,주식회사 징크옥사이드코퍼레이션,경상권역,경상북도,주식회사 징크옥사이드코퍼레이션,종합 재활용업 · 처리방법 재활용,14 폐기물처리업체 전국취합
종합재활용,타운마이닝캄파니(주),경상권역,경상북도,타운마이닝캄파니(주),종합 재활용업 · 처리방법 재활용,14 폐기물처리업체 전국취합
종합재활용,호경산업 영천공장,경상권역,경상북도,호경산업 영천공장,종합 재활용업 · 처리방법 재활용,14 폐기물처리업체 전국취합
종합재활용,사회복지법인 대한민국보훈복지재단(대산환경사업단),경상권역,대구광역시,사회복지법인 대한민국보훈복지재단(대산환경사업단),중간 재활용업 · 처리방법 재활용,14 폐기물처리업체 전국취합
종합재활용,진양상사,경상권역,대구광역시,진양상사,종합 재활용업 · 처리방법 재활용,14 폐기물처리업체 전국취합
종합재활용,(주)고려화학,경상권역,부산광역시,(주)고려화학,중간 재활용업 · 처리방법 재활용,14 폐기물처리업체 전국취합
종합재활용,(주)금산,경상권역,부산광역시,(주)금산,중간 재활용업 · 처리방법 재활용,14 폐기물처리업체 전국취합
종합재활용,(주)동방비에프,경상권역,부산광역시,(주)동방비에프,종합 재활용업 · 처리방법 재활용,14 폐기물처리업체 전국취합
종합재활용,(주)문창산업,경상권역,부산광역시,(주)문창산업,종합 재활용업 · 처리방법 재활용,14 폐기물처리업체 전국취합
종합재활용,(주)정산인터내셔널,경상권역,부산광역시,(주)정산인터내셔널,중간 재활용업 · 처리방법 재활용,14 폐기물처리업체 전국취합
종합재활용,대호수지,경상권역,부산광역시,대호수지,중간 재활용업 · 처리방법 재활용,14 폐기물처리업체 전국취합
종합재활용,동락화학공업사,경상권역,부산광역시,동락화학공업사,중간 재활용업 · 처리방법 재활용,14 폐기물처리업체 전국취합
종합재활용,새광엔텍,경상권역,부산광역시,새광엔텍,중간 재활용업 · 처리방법 재활용,14 폐기물처리업체 전국취합
종합재활용,천광산업,경상권역,부산광역시,천광산업,중간 재활용업 · 처리방법 재활용,14 폐기물처리업체 전국취합
종합재활용,한솔환경,경상권역,부산광역시,한솔환경,종합 재활용업 · 처리방법 재활용,14 폐기물처리업체 전국취합
종합재활용,(주)네오 - 1공장,경상권역,울산광역시,(주)네오 - 1공장,중간 재활용업 · 처리방법 재활용,14 폐기물처리업체 전국취합
종합재활용,(주)네오 - 2공장,경상권역,울산광역시,(주)네오 - 2공장,중간 재활용업 · 처리방법 재활용,14 폐기물처리업체 전국취합
종합재활용,(주)동신화학,경상권역,울산광역시,(주)동신화학,종합 재활용업 · 처리방법 재활용,14 폐기물처리업체 전국취합
종합재활용,(주)명신정유(처리자),경상권역,울산광역시,(주)명신정유(처리자),중간 재활용업 · 처리방법 재활용,14 폐기물처리업체 전국취합
종합재활용,(주)보성정유,경상권역,울산광역시,(주)보성정유,종합 재활용업 · 처리방법 재활용,14 폐기물처리업체 전국취합
종합재활용,(주)비봉케미칼,경상권역,울산광역시,(주)비봉케미칼,종합 재활용업 · 처리방법 재활용,14 폐기물처리업체 전국취합
종합재활용,(주)신흥유업,경상권역,울산광역시,(주)신흥유업,중간 재활용업 · 처리방법 재활용,14 폐기물처리업체 전국취합
종합재활용,(주)씨에스씨,경상권역,울산광역시,(주)씨에스씨,중간 재활용업 · 처리방법 재활용,14 폐기물처리업체 전국취합
종합재활용,(주)에너텍(울산),경상권역,울산광역시,(주)에너텍(울산),중간 재활용업 · 처리방법 재활용,14 폐기물처리업체 전국취합
종합재활용,(주)에코솔루텍,경상권역,울산광역시,(주)에코솔루텍,종합 재활용업 · 처리방법 재활용,14 폐기물처리업체 전국취합
종합재활용,(주)유수에너지,경상권역,울산광역시,(주)유수에너지,중간 재활용업 · 처리방법 재활용,14 폐기물처리업체 전국취합
종합재활용,(주)일진신소재,경상권역,울산광역시,(주)일진신소재,종합 재활용업 · 처리방법 재활용,14 폐기물처리업체 전국취합
종합재활용,(주)화성,경상권역,울산광역시,(주)화성,종합 재활용업 · 처리방법 재활용,14 폐기물처리업체 전국취합
종합재활용,GS에코메탈(주),경상권역,울산광역시,GS에코메탈(주),중간 재활용업 · 처리방법 재활용,14 폐기물처리업체 전국취합
종합재활용,고려아연(주) 온산제련소,경상권역,울산광역시,고려아연(주) 온산제련소,종합 재활용업 · 처리방법 재활용,14 폐기물처리업체 전국취합
종합재활용,대흥산업(주),경상권역,울산광역시,대흥산업(주),최종 재활용업 · 처리방법 재활용,14 폐기물처리업체 전국취합
종합재활용,덕화산업,경상권역,울산광역시,덕화산업,종합 재활용업 · 처리방법 재활용,14 폐기물처리업체 전국취합
종합재활용,명성기업(주),경상권역,울산광역시,명성기업(주),종합 재활용업 · 처리방법 재활용,14 폐기물처리업체 전국취합
종합재활용,명진산업,경상권역,울산광역시,명진산업,중간 재활용업 · 처리방법 재활용,14 폐기물처리업체 전국취합
종합재활용,삼영기업(주),경상권역,울산광역시,삼영기업(주),중간 재활용업 · 처리방법 재활용,14 폐기물처리업체 전국취합
종합재활용,수성에스피시티(주),경상권역,울산광역시,수성에스피시티(주),중간 재활용업 · 처리방법 재활용,14 폐기물처리업체 전국취합
종합재활용,엘에스니꼬 동제련(주),경상권역,울산광역시,엘에스니꼬 동제련(주),중간 재활용업 · 처리방법 재활용,14 폐기물처리업체 전국취합
종합재활용,예림케미칼필터,경상권역,울산광역시,예림케미칼필터,종합 재활용업 · 처리방법 재활용,14 폐기물처리업체 전국취합
종합재활용,온산서가산업,경상권역,울산광역시,온산서가산업,중간 재활용업 · 처리방법 재활용,14 폐기물처리업체 전국취합
종합재활용,우신산업,경상권역,울산광역시,우신산업,중간 재활용업 · 처리방법 재활용,14 폐기물처리업체 전국취합
종합재활용,한길(주),경상권역,울산광역시,한길(주),종합 재활용업 · 처리방법 재활용,14 폐기물처리업체 전국취합
종합재활용,한원정밀화학(주),경상권역,울산광역시,한원정밀화학(주),중간 재활용업 · 처리방법 재활용,14 폐기물처리업체 전국취합
종합재활용,(사)원전지역장애인고용창출협회 경기사무소,수도권,경기도,(사)원전지역장애인고용창출협회 경기사무소,중간 재활용업 · 처리방법 재활용,14 폐기물처리업체 전국취합
종합재활용,(사)한국지체장애인협회 김포사업소,수도권,경기도,(사)한국지체장애인협회 김포사업소,중간 재활용업 · 처리방법 재활용,14 폐기물처리업체 전국취합
종합재활용,(주)광진화학,수도권,경기도,(주)광진화학,종합 재활용업 · 처리방법 재활용,14 폐기물처리업체 전국취합
종합재활용,(주)광진화학엠티브이지점,수도권,경기도,(주)광진화학엠티브이지점,종합 재활용업 · 처리방법 재활용,14 폐기물처리업체 전국취합
종합재활용,(주)교우산업,수도권,경기도,(주)교우산업,종합 재활용업 · 처리방법 재활용,14 폐기물처리업체 전국취합
종합재활용,(주)교우산업 평택공장,수도권,경기도,(주)교우산업 평택공장,종합 재활용업 · 처리방법 재활용,14 폐기물처리업체 전국취합
종합재활용,(주)그린에너지,수도권,경기도,(주)그린에너지,종합 재활용업 · 처리방법 재활용,14 폐기물처리업체 전국취합
종합재활용,(주)대생산업,수도권,경기도,(주)대생산업,중간 재활용업 · 처리방법 재활용,14 폐기물처리업체 전국취합
종합재활용,(주)대양피앤티,수도권,경기도,(주)대양피앤티,종합 재활용업 · 처리방법 재활용,14 폐기물처리업체 전국취합
종합재활용,(주)드럼코리아,수도권,경기도,(주)드럼코리아,종합 재활용업 · 처리방법 재활용,14 폐기물처리업체 전국취합
종합재활용,(주)디엠코리아,수도권,경기도,(주)디엠코리아,종합 재활용업 · 처리방법 재활용,14 폐기물처리업체 전국취합
종합재활용,(주)리코코리아,수도권,경기도,(주)리코코리아,종합 재활용업 · 처리방법 재활용,14 폐기물처리업체 전국취합
종합재활용,(주)리크린폼,수도권,경기도,(주)리크린폼,종합 재활용업 · 처리방법 재활용,14 폐기물처리업체 전국취합
종합재활용,(주)삼우화학 안산지점,수도권,경기도,(주)삼우화학 안산지점,종합 재활용업 · 처리방법 재활용,14 폐기물처리업체 전국취합
종합재활용,(주)삼창유화,수도권,경기도,(주)삼창유화,종합 재활용업 · 처리방법 재활용,14 폐기물처리업체 전국취합
종합재활용,(주)상신금속,수도권,경기도,(주)상신금속,종합 재활용업 · 처리방법 재활용,14 폐기물처리업체 전국취합
종합재활용,(주)서울리사이클링,수도권,경기도,(주)서울리사이클링,중간 재활용업 · 처리방법 재활용,14 폐기물처리업체 전국취합
종합재활용,(주)서원,수도권,경기도,(주)서원,중간 재활용업 · 처리방법 재활용,14 폐기물처리업체 전국취합
종합재활용,(주)서원화성공장,수도권,경기도,(주)서원화성공장,종합 재활용업 · 처리방법 재활용,14 폐기물처리업체 전국취합
종합재활용,(주)수도권서부자원순환센터,수도권,경기도,(주)수도권서부자원순환센터,중간 재활용업 · 처리방법 재활용,14 폐기물처리업체 전국취합
종합재활용,(주)씨엠케이페인트사업부,수도권,경기도,(주)씨엠케이페인트사업부,종합 재활용업 · 처리방법 재활용,14 폐기물처리업체 전국취합
종합재활용,(주)에이치에스켐텍,수도권,경기도,(주)에이치에스켐텍,중간 재활용업 · 처리방법 재활용,14 폐기물처리업체 전국취합
종합재활용,(주)엔에이치리사이텍컴퍼니,수도권,경기도,(주)엔에이치리사이텍컴퍼니,종합 재활용업 · 처리방법 재활용,14 폐기물처리업체 전국취합
종합재활용,(주)연화인텍,수도권,경기도,(주)연화인텍,종합 재활용업 · 처리방법 재활용,14 폐기물처리업체 전국취합
종합재활용,(주)오엔알,수도권,경기도,(주)오엔알,종합 재활용업 · 처리방법 재활용,14 폐기물처리업체 전국취합
종합재활용,(주)우리산업,수도권,경기도,(주)우리산업,중간 재활용업 · 처리방법 재활용,14 폐기물처리업체 전국취합
종합재활용,(주)유민기업,수도권,경기도,(주)유민기업,종합 재활용업 · 처리방법 재활용,14 폐기물처리업체 전국취합
종합재활용,(주)중일,수도권,경기도,(주)중일,종합 재활용업 · 처리방법 재활용,14 폐기물처리업체 전국취합
종합재활용,(주)진흥전기,수도권,경기도,(주)진흥전기,중간 재활용업 · 처리방법 재활용,14 폐기물처리업체 전국취합
종합재활용,(주)창대이앤씨,수도권,경기도,(주)창대이앤씨,중간 재활용업 · 처리방법 재활용,14 폐기물처리업체 전국취합
종합재활용,(주)창우,수도권,경기도,(주)창우,종합 재활용업 · 처리방법 재활용,14 폐기물처리업체 전국취합
종합재활용,(주)케미온,수도권,경기도,(주)케미온,중간 재활용업 · 처리방법 재활용,14 폐기물처리업체 전국취합
종합재활용,(주)케이에스에너지,수도권,경기도,(주)케이에스에너지,종합 재활용업 · 처리방법 재활용,14 폐기물처리업체 전국취합
종합재활용,(주)클린솔루션,수도권,경기도,(주)클린솔루션,종합 재활용업 · 처리방법 재활용,14 폐기물처리업체 전국취합
종합재활용,(주)태원,수도권,경기도,(주)태원,종합 재활용업 · 처리방법 재활용,14 폐기물처리업체 전국취합
종합재활용,(주)태원 2공장,수도권,경기도,(주)태원 2공장,종합 재활용업 · 처리방법 재활용,14 폐기물처리업체 전국취합
종합재활용,(주)한국라이신화공사,수도권,경기도,(주)한국라이신화공사,종합 재활용업 · 처리방법 재활용,14 폐기물처리업체 전국취합
종합재활용,(주)한승비철금속,수도권,경기도,(주)한승비철금속,종합 재활용업 · 처리방법 재활용,14 폐기물처리업체 전국취합
종합재활용,(주)현대그린텍,수도권,경기도,(주)현대그린텍,종합 재활용업 · 처리방법 재활용,14 폐기물처리업체 전국취합
종합재활용,(주)화성씨제이,수도권,경기도,(주)화성씨제이,종합 재활용업 · 처리방법 재활용,14 폐기물처리업체 전국취합
종합재활용,경기알엔씨,수도권,경기도,경기알엔씨,중간 재활용업 · 처리방법 재활용,14 폐기물처리업체 전국취합
종합재활용,넥스테크(주),수도권,경기도,넥스테크(주),종합 재활용업 · 처리방법 재활용,14 폐기물처리업체 전국취합
종합재활용,대성과학,수도권,경기도,대성과학,종합 재활용업 · 처리방법 재활용,14 폐기물처리업체 전국취합
종합재활용,대양그린산업(주)-처리,수도권,경기도,대양그린산업(주)-처리,종합 재활용업 · 처리방법 재활용,14 폐기물처리업체 전국취합
종합재활용,대양산업(주),수도권,경기도,대양산업(주),종합 재활용업 · 처리방법 재활용,14 폐기물처리업체 전국취합
종합재활용,대영용기(주),수도권,경기도,대영용기(주),중간 재활용업 · 처리방법 재활용,14 폐기물처리업체 전국취합
종합재활용,대원화성(주),수도권,경기도,대원화성(주),중간 재활용업 · 처리방법 재활용,14 폐기물처리업체 전국취합
종합재활용,덕산약품공업(주),수도권,경기도,덕산약품공업(주),종합 재활용업 · 처리방법 재활용,14 폐기물처리업체 전국취합
종합재활용,덕산약품공업(주) 2공장,수도권,경기도,덕산약품공업(주) 2공장,종합 재활용업 · 처리방법 재활용,14 폐기물처리업체 전국취합
종합재활용,동광산업,수도권,경기도,동광산업,중간 재활용업 · 처리방법 재활용,14 폐기물처리업체 전국취합
종합재활용,동우화인켐(주)평택공장,수도권,경기도,동우화인켐(주)평택공장,종합 재활용업 · 처리방법 재활용,14 폐기물처리업체 전국취합
종합재활용,동진금속상사,수도권,경기도,동진금속상사,중간 재활용업 · 처리방법 재활용,14 폐기물처리업체 전국취합
종합재활용,두리텍,수도권,경기도,두리텍,중간 재활용업 · 처리방법 재활용,14 폐기물처리업체 전국취합
종합재활용,미래산업,수도권,경기도,미래산업,중간 재활용업 · 처리방법 재활용,14 폐기물처리업체 전국취합
종합재활용,미래파워텍,수도권,경기도,미래파워텍,중간 재활용업 · 처리방법 재활용,14 폐기물처리업체 전국취합
종합재활용,부여국제전기(주),수도권,경기도,부여국제전기(주),중간 재활용업 · 처리방법 재활용,14 폐기물처리업체 전국취합
종합재활용,비전테크 화성공장,수도권,경기도,비전테크 화성공장,종합 재활용업 · 처리방법 재활용,14 폐기물처리업체 전국취합
종합재활용,비투금속(주),수도권,경기도,비투금속(주),중간 재활용업 · 처리방법 재활용,14 폐기물처리업체 전국취합
종합재활용,사회복지법인 경신재단 파주지점,수도권,경기도,사회복지법인 경신재단 파주지점,중간 재활용업 · 처리방법 재활용,14 폐기물처리업체 전국취합
종합재활용,사회복지법인 시대희망복지재단,수도권,경기도,사회복지법인 시대희망복지재단,중간 재활용업 · 처리방법 재활용,14 폐기물처리업체 전국취합
종합재활용,사회복지법인 애국단체원 자원재활용사업단,수도권,경기도,사회복지법인 애국단체원 자원재활용사업단,중간 재활용업 · 처리방법 재활용,14 폐기물처리업체 전국취합
종합재활용,사회적협동조합 푸른하늘 불용품사업단,수도권,경기도,사회적협동조합 푸른하늘 불용품사업단,중간 재활용업 · 처리방법 재활용,14 폐기물처리업체 전국취합
종합재활용,상원기공,수도권,경기도,상원기공,중간 재활용업 · 처리방법 재활용,14 폐기물처리업체 전국취합
종합재활용,성신금속상사,수도권,경기도,성신금속상사,종합 재활용업 · 처리방법 재활용,14 폐기물처리업체 전국취합
종합재활용,시대희망복지재단동두천사업소(처리자),수도권,경기도,시대희망복지재단동두천사업소(처리자),중간 재활용업 · 처리방법 재활용,14 폐기물처리업체 전국취합
종합재활용,씨피켐(주),수도권,경기도,씨피켐(주),종합 재활용업 · 처리방법 재활용,14 폐기물처리업체 전국취합
종합재활용,에스엘(주)전곡지점,수도권,경기도,에스엘(주)전곡지점,종합 재활용업 · 처리방법 재활용,14 폐기물처리업체 전국취합
종합재활용,엘티씨(주),수도권,경기도,엘티씨(주),종합 재활용업 · 처리방법 재활용,14 폐기물처리업체 전국취합
종합재활용,우신화학(주),수도권,경기도,우신화학(주),종합 재활용업 · 처리방법 재활용,14 폐기물처리업체 전국취합
종합재활용,제일산업,수도권,경기도,제일산업,종합 재활용업 · 처리방법 재활용,14 폐기물처리업체 전국취합
종합재활용,조일케미칼,수도권,경기도,조일케미칼,중간 재활용업 · 처리방법 재활용,14 폐기물처리업체 전국취합
종합재활용,주식회사 고도리,수도권,경기도,주식회사 고도리,중간 재활용업 · 처리방법 재활용,14 폐기물처리업체 전국취합
종합재활용,주식회사 오성그린환경,수도권,경기도,주식회사 오성그린환경,종합 재활용업 · 처리방법 재활용,14 폐기물처리업체 전국취합
종합재활용,중부산업(주),수도권,경기도,중부산업(주),종합 재활용업 · 처리방법 재활용,14 폐기물처리업체 전국취합
종합재활용,지티산업,수도권,경기도,지티산업,중간 재활용업 · 처리방법 재활용,14 폐기물처리업체 전국취합
종합재활용,진우산업(주),수도권,경기도,진우산업(주),중간 재활용업 · 처리방법 재활용,14 폐기물처리업체 전국취합
종합재활용,케이씨환경산업(주),수도권,경기도,케이씨환경산업(주),중간 재활용업 · 처리방법 재활용,14 폐기물처리업체 전국취합
종합재활용,파스텔화학,수도권,경기도,파스텔화학,종합 재활용업 · 처리방법 재활용,14 폐기물처리업체 전국취합
종합재활용,평창산업(주),수도권,경기도,평창산업(주),중간 재활용업 · 처리방법 재활용,14 폐기물처리업체 전국취합
종합재활용,한강그린,수도권,경기도,한강그린,중간 재활용업 · 처리방법 재활용,14 폐기물처리업체 전국취합
종합재활용,한국자원트레이드,수도권,경기도,한국자원트레이드,종합 재활용업 · 처리방법 재활용,14 폐기물처리업체 전국취합
종합재활용,한수자원(주),수도권,경기도,한수자원(주),종합 재활용업 · 처리방법 재활용,14 폐기물처리업체 전국취합
종합재활용,해성리싸이클링,수도권,경기도,해성리싸이클링,중간 재활용업 · 처리방법 재활용,14 폐기물처리업체 전국취합
종합재활용,현대드럼산업(주),수도권,경기도,현대드럼산업(주),종합 재활용업 · 처리방법 재활용,14 폐기물처리업체 전국취합
종합재활용,현대에코라인(주),수도권,경기도,현대에코라인(주),종합 재활용업 · 처리방법 재활용,14 폐기물처리업체 전국취합
종합재활용,협동산업(주),수도권,경기도,협동산업(주),중간 재활용업 · 처리방법 재활용,14 폐기물처리업체 전국취합
종합재활용,(주)덕성,수도권,인천광역시,(주)덕성,종합 재활용업 · 처리방법 재활용,14 폐기물처리업체 전국취합
종합재활용,(주)미광금속,수도권,인천광역시,(주)미광금속,종합 재활용업 · 처리방법 재활용,14 폐기물처리업체 전국취합
종합재활용,(주)삼우화학,수도권,인천광역시,(주)삼우화학,종합 재활용업 · 처리방법 재활용,14 폐기물처리업체 전국취합
종합재활용,(주)상우케미칼,수도권,인천광역시,(주)상우케미칼,종합 재활용업 · 처리방법 재활용,14 폐기물처리업체 전국취합
종합재활용,(주)서경,수도권,인천광역시,(주)서경,종합 재활용업 · 처리방법 재활용,14 폐기물처리업체 전국취합
종합재활용,(주)에닉스,수도권,인천광역시,(주)에닉스,중간 재활용업 · 처리방법 재활용,14 폐기물처리업체 전국취합
종합재활용,(주)에코리사이클링(지정재활용),수도권,인천광역시,(주)에코리사이클링(지정재활용),종합 재활용업 · 처리방법 재활용,14 폐기물처리업체 전국취합
종합재활용,(주)일성화학,수도권,인천광역시,(주)일성화학,중간 재활용업 · 처리방법 재활용,14 폐기물처리업체 전국취합
종합재활용,(주)풍전비철,수도권,인천광역시,(주)풍전비철,종합 재활용업 · 처리방법 재활용,14 폐기물처리업체 전국취합
종합재활용,경외산업,수도권,인천광역시,경외산업,중간 재활용업 · 처리방법 재활용,14 폐기물처리업체 전국취합
종합재활용,대성금속(주)-종합재활용,수도권,인천광역시,대성금속(주)-종합재활용,종합 재활용업 · 처리방법 재활용,14 폐기물처리업체 전국취합
종합재활용,디엠시(주),수도권,인천광역시,디엠시(주),종합 재활용업 · 처리방법 재활용,14 폐기물처리업체 전국취합
종합재활용,삼정금속(주),수도권,인천광역시,삼정금속(주),종합 재활용업 · 처리방법 재활용,14 폐기물처리업체 전국취합
종합재활용,신명PM,수도권,인천광역시,신명PM,종합 재활용업 · 처리방법 재활용,14 폐기물처리업체 전국취합
종합재활용,신영산업사,수도권,인천광역시,신영산업사,종합 재활용업 · 처리방법 재활용,14 폐기물처리업체 전국취합
종합재활용,엘티메탈(주),수도권,인천광역시,엘티메탈(주),종합 재활용업 · 처리방법 재활용,14 폐기물처리업체 전국취합
종합재활용,인천화학(주),수도권,인천광역시,인천화학(주),종합 재활용업 · 처리방법 재활용,14 폐기물처리업체 전국취합
종합재활용,한국에너지기계,수도권,인천광역시,한국에너지기계,종합 재활용업 · 처리방법 재활용,14 폐기물처리업체 전국취합
종합재활용,(주)메탈링크,전라권역,광주광역시,(주)메탈링크,중간 재활용업 · 처리방법 재활용,14 폐기물처리업체 전국취합
종합재활용,(주)반도기연,전라권역,광주광역시,(주)반도기연,중간 재활용업 · 처리방법 재활용,14 폐기물처리업체 전국취합
종합재활용,(주)혁진정유,전라권역,광주광역시,(주)혁진정유,종합 재활용업 · 처리방법 재활용,14 폐기물처리업체 전국취합
종합재활용,남성수지,전라권역,광주광역시,남성수지,종합 재활용업 · 처리방법 재활용,14 폐기물처리업체 전국취합
종합재활용,유한회사 그린메탈,전라권역,광주광역시,유한회사 그린메탈,종합 재활용업 · 처리방법 재활용,14 폐기물처리업체 전국취합
종합재활용,호남자원(광산구),전라권역,광주광역시,호남자원(광산구),중간 재활용업 · 처리방법 재활용,14 폐기물처리업체 전국취합
종합재활용,(주)대유홀딩스 순천지점,전라권역,전라남도,(주)대유홀딩스 순천지점,종합 재활용업 · 처리방법 재활용,14 폐기물처리업체 전국취합
종합재활용,(주)동양메탈,전라권역,전라남도,(주)동양메탈,종합 재활용업 · 처리방법 재활용,14 폐기물처리업체 전국취합
종합재활용,(주)리스텍비즈,전라권역,전라남도,(주)리스텍비즈,종합 재활용업 · 처리방법 재활용,14 폐기물처리업체 전국취합
종합재활용,(주)삼우산업-여수,전라권역,전라남도,(주)삼우산업-여수,중간 재활용업 · 처리방법 재활용,14 폐기물처리업체 전국취합
종합재활용,(주)세일에너지,전라권역,전라남도,(주)세일에너지,종합 재활용업 · 처리방법 재활용,14 폐기물처리업체 전국취합
종합재활용,(주)에스엠유화,전라권역,전라남도,(주)에스엠유화,종합 재활용업 · 처리방법 재활용,14 폐기물처리업체 전국취합
종합재활용,(주)우리케미칼,전라권역,전라남도,(주)우리케미칼,종합 재활용업 · 처리방법 재활용,14 폐기물처리업체 전국취합
종합재활용,(주)위드에프,전라권역,전라남도,(주)위드에프,종합 재활용업 · 처리방법 재활용,14 폐기물처리업체 전국취합
종합재활용,(주)이앤에프,전라권역,전라남도,(주)이앤에프,종합 재활용업 · 처리방법 재활용,14 폐기물처리업체 전국취합
종합재활용,(주)제철세라믹,전라권역,전라남도,(주)제철세라믹,종합 재활용업 · 처리방법 재활용,14 폐기물처리업체 전국취합
종합재활용,(주)지에스디케이,전라권역,전라남도,(주)지에스디케이,종합 재활용업 · 처리방법 재활용,14 폐기물처리업체 전국취합
종합재활용,(주)케미렉스,전라권역,전라남도,(주)케미렉스,중간 재활용업 · 처리방법 재활용,14 폐기물처리업체 전국취합
종합재활용,(주)케이아이엔티,전라권역,전라남도,(주)케이아이엔티,종합 재활용업 · 처리방법 재활용,14 폐기물처리업체 전국취합
종합재활용,(주)클린랜드,전라권역,전라남도,(주)클린랜드,중간 재활용업 · 처리방법 재활용,14 폐기물처리업체 전국취합
종합재활용,이일산업(주),전라권역,전라남도,이일산업(주),종합 재활용업 · 처리방법 재활용,14 폐기물처리업체 전국취합
종합재활용,이켐주식회사,전라권역,전라남도,이켐주식회사,종합 재활용업 · 처리방법 재활용,14 폐기물처리업체 전국취합
종합재활용,주식회사 대산이엔지,전라권역,전라남도,주식회사 대산이엔지,중간 재활용업 · 처리방법 재활용,14 폐기물처리업체 전국취합
종합재활용,지더블유아이(주),전라권역,전라남도,지더블유아이(주),종합 재활용업 · 처리방법 재활용,14 폐기물처리업체 전국취합
종합재활용,지엔티(주),전라권역,전라남도,지엔티(주),중간 재활용업 · 처리방법 재활용,14 폐기물처리업체 전국취합
종합재활용,케이씨환경서비스(주)[재활용전문]-월내,전라권역,전라남도,케이씨환경서비스(주)[재활용전문]-월내,종합 재활용업 · 처리방법 재활용,14 폐기물처리업체 전국취합
종합재활용,(유)에코,전라권역,전북특별자치도,(유)에코,종합 재활용업 · 처리방법 재활용,14 폐기물처리업체 전국취합
종합재활용,(주)골든리버,전라권역,전북특별자치도,(주)골든리버,종합 재활용업 · 처리방법 재활용,14 폐기물처리업체 전국취합
종합재활용,(주)광진,전라권역,전북특별자치도,(주)광진,종합 재활용업 · 처리방법 재활용,14 폐기물처리업체 전국취합
종합재활용,(주)교우산업 군산지점,전라권역,전북특별자치도,(주)교우산업 군산지점,종합 재활용업 · 처리방법 재활용,14 폐기물처리업체 전국취합
종합재활용,(주)국제,전라권역,전북특별자치도,(주)국제,종합 재활용업 · 처리방법 재활용,14 폐기물처리업체 전국취합
종합재활용,(주)금강-정읍,전라권역,전북특별자치도,(주)금강-정읍,종합 재활용업 · 처리방법 재활용,14 폐기물처리업체 전국취합
종합재활용,(주)단석산업 군산1공장,전라권역,전북특별자치도,(주)단석산업 군산1공장,종합 재활용업 · 처리방법 재활용,14 폐기물처리업체 전국취합
종합재활용,(주)리엔켐,전라권역,전북특별자치도,(주)리엔켐,종합 재활용업 · 처리방법 재활용,14 폐기물처리업체 전국취합
종합재활용,(주)서해페트로,전라권역,전북특별자치도,(주)서해페트로,종합 재활용업 · 처리방법 재활용,14 폐기물처리업체 전국취합
종합재활용,(주)세호,전라권역,전북특별자치도,(주)세호,종합 재활용업 · 처리방법 재활용,14 폐기물처리업체 전국취합
종합재활용,(주)씨에스캠,전라권역,전북특별자치도,(주)씨에스캠,종합 재활용업 · 처리방법 재활용,14 폐기물처리업체 전국취합
종합재활용,(주)에스제이켐,전라권역,전북특별자치도,(주)에스제이켐,종합 재활용업 · 처리방법 재활용,14 폐기물처리업체 전국취합
종합재활용,(주)우기화학,전라권역,전북특별자치도,(주)우기화학,종합 재활용업 · 처리방법 재활용,14 폐기물처리업체 전국취합
종합재활용,(주)유광드럼,전라권역,전북특별자치도,(주)유광드럼,종합 재활용업 · 처리방법 재활용,14 폐기물처리업체 전국취합
종합재활용,(주)지티산업,전라권역,전북특별자치도,(주)지티산업,종합 재활용업 · 처리방법 재활용,14 폐기물처리업체 전국취합
종합재활용,(주)한농화성,전라권역,전북특별자치도,(주)한농화성,종합 재활용업 · 처리방법 재활용,14 폐기물처리업체 전국취합
종합재활용,동우화인켐(주),전라권역,전북특별자치도,동우화인켐(주),종합 재활용업 · 처리방법 재활용,14 폐기물처리업체 전국취합
종합재활용,성일하이메탈(주),전라권역,전북특별자치도,성일하이메탈(주),종합 재활용업 · 처리방법 재활용,14 폐기물처리업체 전국취합
종합재활용,성일하이텍(주),전라권역,전북특별자치도,성일하이텍(주),종합 재활용업 · 처리방법 재활용,14 폐기물처리업체 전국취합
종합재활용,에이블산업(주),전라권역,전북특별자치도,에이블산업(주),종합 재활용업 · 처리방법 재활용,14 폐기물처리업체 전국취합
종합재활용,효성케이디,전라권역,전북특별자치도,효성케이디,종합 재활용업 · 처리방법 재활용,14 폐기물처리업체 전국취합
종합재활용,대림자원,전라권역,제주특별자치도,대림자원,중간 재활용업 · 처리방법 재활용,14 폐기물처리업체 전국취합
종합재활용,유성에너지(주),전라권역,제주특별자치도,유성에너지(주),중간 재활용업 · 처리방법 재활용,14 폐기물처리업체 전국취합
종합재활용,(주)동양이앤씨,충청권역,대전광역시,(주)동양이앤씨,종합 재활용업 · 처리방법 재활용,14 폐기물처리업체 전국취합
종합재활용,대전공업사,충청권역,대전광역시,대전공업사,중간 재활용업 · 처리방법 재활용,14 폐기물처리업체 전국취합
종합재활용,보림산업,충청권역,대전광역시,보림산업,종합 재활용업 · 처리방법 재활용,14 폐기물처리업체 전국취합
종합재활용,유니온정유(주),충청권역,대전광역시,유니온정유(주),종합 재활용업 · 처리방법 재활용,14 폐기물처리업체 전국취합
종합재활용,한진트랜스,충청권역,대전광역시,한진트랜스,중간 재활용업 · 처리방법 재활용,14 폐기물처리업체 전국취합
종합재활용,(주)경동산업,충청권역,세종특별자치시,(주)경동산업,종합 재활용업 · 처리방법 재활용,14 폐기물처리업체 전국취합
종합재활용,(주)이원켐텍,충청권역,세종특별자치시,(주)이원켐텍,종합 재활용업 · 처리방법 재활용,14 폐기물처리업체 전국취합
종합재활용,금강리싸이클링,충청권역,세종특별자치시,금강리싸이클링,중간 재활용업 · 처리방법 재활용,14 폐기물처리업체 전국취합
종합재활용,(주)광진화학 당진지점,충청권역,충청남도,(주)광진화학 당진지점,종합 재활용업 · 처리방법 재활용,14 폐기물처리업체 전국취합
종합재활용,(주)동명케미칼,충청권역,충청남도,(주)동명케미칼,종합 재활용업 · 처리방법 재활용,14 폐기물처리업체 전국취합
종합재활용,(주)백제금속,충청권역,충청남도,(주)백제금속,종합 재활용업 · 처리방법 재활용,14 폐기물처리업체 전국취합
종합재활용,(주)세명테크,충청권역,충청남도,(주)세명테크,종합 재활용업 · 처리방법 재활용,14 폐기물처리업체 전국취합
종합재활용,(주)신암정유,충청권역,충청남도,(주)신암정유,종합 재활용업 · 처리방법 재활용,14 폐기물처리업체 전국취합
종합재활용,(주)이엠테크,충청권역,충청남도,(주)이엠테크,종합 재활용업 · 처리방법 재활용,14 폐기물처리업체 전국취합
종합재활용,(주)이한산업,충청권역,충청남도,(주)이한산업,종합 재활용업 · 처리방법 재활용,14 폐기물처리업체 전국취합
종합재활용,(주)제이에이치리테크,충청권역,충청남도,(주)제이에이치리테크,중간 재활용업 · 처리방법 재활용,14 폐기물처리업체 전국취합
종합재활용,(주)태성공영,충청권역,충청남도,(주)태성공영,종합 재활용업 · 처리방법 재활용,14 폐기물처리업체 전국취합
종합재활용,(주)태원 천안공장,충청권역,충청남도,(주)태원 천안공장,종합 재활용업 · 처리방법 재활용,14 폐기물처리업체 전국취합
종합재활용,(주)태원천안2공장,충청권역,충청남도,(주)태원천안2공장,종합 재활용업 · 처리방법 재활용,14 폐기물처리업체 전국취합
종합재활용,(주)한민,충청권역,충청남도,(주)한민,종합 재활용업 · 처리방법 재활용,14 폐기물처리업체 전국취합
종합재활용,넥스테크(주) 당진공장,충청권역,충청남도,넥스테크(주) 당진공장,종합 재활용업 · 처리방법 재활용,14 폐기물처리업체 전국취합
종합재활용,대덕정유(주)복수사업소,충청권역,충청남도,대덕정유(주)복수사업소,종합 재활용업 · 처리방법 재활용,14 폐기물처리업체 전국취합
종합재활용,램테크놀러지(주),충청권역,충청남도,램테크놀러지(주),종합 재활용업 · 처리방법 재활용,14 폐기물처리업체 전국취합
종합재활용,미주엔비켐(주) 석문,충청권역,충청남도,미주엔비켐(주) 석문,종합 재활용업 · 처리방법 재활용,14 폐기물처리업체 전국취합
종합재활용,바이켐(주),충청권역,충청남도,바이켐(주),종합 재활용업 · 처리방법 재활용,14 폐기물처리업체 전국취합
종합재활용,사회복지법인 미래재단,충청권역,충청남도,사회복지법인 미래재단,중간 재활용업 · 처리방법 재활용,14 폐기물처리업체 전국취합
종합재활용,사회복지법인 한국노인생활지원재단 재활용사업단,충청권역,충청남도,사회복지법인 한국노인생활지원재단 재활용사업단,중간 재활용업 · 처리방법 재활용,14 폐기물처리업체 전국취합
종합재활용,삼지금속공업(주) 예당공장,충청권역,충청남도,삼지금속공업(주) 예당공장,종합 재활용업 · 처리방법 재활용,14 폐기물처리업체 전국취합
종합재활용,서남환경에너지(주)대산공장,충청권역,충청남도,서남환경에너지(주)대산공장,종합 재활용업 · 처리방법 재활용,14 폐기물처리업체 전국취합
종합재활용,성일금속,충청권역,충청남도,성일금속,중간 재활용업 · 처리방법 재활용,14 폐기물처리업체 전국취합
종합재활용,시온텍논산공장,충청권역,충청남도,시온텍논산공장,종합 재활용업 · 처리방법 재활용,14 폐기물처리업체 전국취합
종합재활용,씨피켐 (주)2공장,충청권역,충청남도,씨피켐 (주)2공장,종합 재활용업 · 처리방법 재활용,14 폐기물처리업체 전국취합
종합재활용,아이피에이산업주식회사 대산공장,충청권역,충청남도,아이피에이산업주식회사 대산공장,종합 재활용업 · 처리방법 재활용,14 폐기물처리업체 전국취합
종합재활용,유니메드제약(주)(의료),충청권역,충청남도,유니메드제약(주)(의료),종합 재활용업 · 처리방법 재활용,14 폐기물처리업체 전국취합
종합재활용,주식회사 삼주 당진공장,충청권역,충청남도,주식회사 삼주 당진공장,종합 재활용업 · 처리방법 재활용,14 폐기물처리업체 전국취합
종합재활용,주식회사 연송,충청권역,충청남도,주식회사 연송,종합 재활용업 · 처리방법 재활용,14 폐기물처리업체 전국취합
종합재활용,충청화학에너지(주),충청권역,충청남도,충청화학에너지(주),종합 재활용업 · 처리방법 재활용,14 폐기물처리업체 전국취합
종합재활용,티알에스 주식회사,충청권역,충청남도,티알에스 주식회사,종합 재활용업 · 처리방법 재활용,14 폐기물처리업체 전국취합
종합재활용,한양산업개발(주),충청권역,충청남도,한양산업개발(주),종합 재활용업 · 처리방법 재활용,14 폐기물처리업체 전국취합
종합재활용,(사)청주산업단지관리공단,충청권역,충청북도,(사)청주산업단지관리공단,종합 재활용업 · 처리방법 재활용,14 폐기물처리업체 전국취합
종합재활용,(주)광메탈,충청권역,충청북도,(주)광메탈,중간 재활용업 · 처리방법 재활용,14 폐기물처리업체 전국취합
종합재활용,(주)광메탈 제2공장,충청권역,충청북도,(주)광메탈 제2공장,최종 재활용업 · 처리방법 재활용,14 폐기물처리업체 전국취합
종합재활용,(주)녹십자웰빙,충청권역,충청북도,(주)녹십자웰빙,종합 재활용업 · 처리방법 재활용,14 폐기물처리업체 전국취합
종합재활용,(주)미래리서스,충청권역,충청북도,(주)미래리서스,중간 재활용업 · 처리방법 재활용,14 폐기물처리업체 전국취합
종합재활용,(주)세송유화텍,충청권역,충청북도,(주)세송유화텍,종합 재활용업 · 처리방법 재활용,14 폐기물처리업체 전국취합
종합재활용,(주)세원산업,충청권역,충청북도,(주)세원산업,종합 재활용업 · 처리방법 재활용,14 폐기물처리업체 전국취합
종합재활용,(주)에코코리아,충청권역,충청북도,(주)에코코리아,중간 재활용업 · 처리방법 재활용,14 폐기물처리업체 전국취합
종합재활용,(주)영화,충청권역,충청북도,(주)영화,종합 재활용업 · 처리방법 재활용,14 폐기물처리업체 전국취합
종합재활용,(주)원테크,충청권역,충청북도,(주)원테크,종합 재활용업 · 처리방법 재활용,14 폐기물처리업체 전국취합
종합재활용,(주)유진유포리아,충청권역,충청북도,(주)유진유포리아,종합 재활용업 · 처리방법 재활용,14 폐기물처리업체 전국취합
종합재활용,(주)인코케미컬,충청권역,충청북도,(주)인코케미컬,종합 재활용업 · 처리방법 재활용,14 폐기물처리업체 전국취합
종합재활용,(주)지알엠(국내),충청권역,충청북도,(주)지알엠(국내),종합 재활용업 · 처리방법 재활용,14 폐기물처리업체 전국취합
종합재활용,(주)케이엠,충청권역,충청북도,(주)케이엠,종합 재활용업 · 처리방법 재활용,14 폐기물처리업체 전국취합
종합재활용,(주)티에스케이프리텍,충청권역,충청북도,(주)티에스케이프리텍,종합 재활용업 · 처리방법 재활용,14 폐기물처리업체 전국취합
종합재활용,대한민국고엽제전우회유류사업소,충청권역,충청북도,대한민국고엽제전우회유류사업소,종합 재활용업 · 처리방법 재활용,14 폐기물처리업체 전국취합
종합재활용,대한민국상이군경회 청주사업소(지정),충청권역,충청북도,대한민국상이군경회 청주사업소(지정),종합 재활용업 · 처리방법 재활용,14 폐기물처리업체 전국취합
종합재활용,미지산업(주)진천공장,충청권역,충청북도,미지산업(주)진천공장,종합 재활용업 · 처리방법 재활용,14 폐기물처리업체 전국취합
종합재활용,신성켐오일(주),충청권역,충청북도,신성켐오일(주),종합 재활용업 · 처리방법 재활용,14 폐기물처리업체 전국취합
종합재활용,영남기업,충청권역,충청북도,영남기업,종합 재활용업 · 처리방법 재활용,14 폐기물처리업체 전국취합
종합재활용,주식회사 그린코어,충청권역,충청북도,주식회사 그린코어,중간 재활용업 · 처리방법 재활용,14 폐기물처리업체 전국취합
종합재활용,주식회사 티에스케이프리텍 2공장,충청권역,충청북도,주식회사 티에스케이프리텍 2공장,종합 재활용업 · 처리방법 재활용,14 폐기물처리업체 전국취합
종합재활용,진솔화학(주),충청권역,충청북도,진솔화학(주),종합 재활용업 · 처리방법 재활용,14 폐기물처리업체 전국취합
종합재활용,케이디페트로주식회사,충청권역,충청북도,케이디페트로주식회사,종합 재활용업 · 처리방법 재활용,14 폐기물처리업체 전국취합
종합재활용,하나트랜스,충청권역,충청북도,하나트랜스,중간 재활용업 · 처리방법 재활용,14 폐기물처리업체 전국취합
종합재활용,향우실업(주) 음성1,충청권역,충청북도,향우실업(주) 음성1,종합 재활용업 · 처리방법 재활용,14 폐기물처리업체 전국취합
종합재활용,현대산업(주),충청권역,충청북도,현대산업(주),종합 재활용업 · 처리방법 재활용,14 폐기물처리업체 전국취합
종합재활용,협동산업(주)진천공장,충청권역,충청북도,협동산업(주)진천공장,종합 재활용업 · 처리방법 재활용,14 폐기물처리업체 전국취합
최종처분(매립),에코시스템(주),경상권역,경상남도,에코시스템(주),최종처분업 · 처리방법 매립 · 낙동강유역환경청,14 폐기물처리업체 전국취합
최종처분(매립),(주)와이에스텍,경상권역,경상북도,(주)와이에스텍,최종처분업 · 처리방법 매립 · 대구지방환경청,14 폐기물처리업체 전국취합
최종처분(매립),(주)이앤컴퍼니 구미지점,경상권역,경상북도,(주)이앤컴퍼니 구미지점,최종처분업 · 처리방법 매립 · 대구지방환경청,14 폐기물처리업체 전국취합
최종처분(매립),(주)제넨바이오 경주지점-지정,경상권역,경상북도,(주)제넨바이오 경주지점-지정,최종처분업 · 처리방법 매립 · 대구지방환경청,14 폐기물처리업체 전국취합
최종처분(매립),에코시스템(주) 포항,경상권역,경상북도,에코시스템(주) 포항,최종처분업 · 처리방법 매립 · 대구지방환경청,14 폐기물처리업체 전국취합
최종처분(매립),에코시스템(주)구미,경상권역,경상북도,에코시스템(주)구미,최종처분업 · 처리방법 매립 · 대구지방환경청,14 폐기물처리업체 전국취합
최종처분(매립),(주)유니큰,경상권역,울산광역시,(주)유니큰,최종처분업 · 처리방법 매립 · 낙동강유역환경청,14 폐기물처리업체 전국취합
최종처분(매립),(주)이에스티,경상권역,울산광역시,(주)이에스티,최종처분업 · 처리방법 매립 · 낙동강유역환경청,14 폐기물처리업체 전국취합
최종처분(매립),(주)진흥중공업(소각매립),수도권,경기도,(주)진흥중공업(소각매립),최종처분업 · 처리방법 매립 · 한강유역환경청,14 폐기물처리업체 전국취합
최종처분(매립),인선이엔티(주)광양,전라권역,전라남도,인선이엔티(주)광양,최종처분업 · 처리방법 매립 · 영산강유역환경청,14 폐기물처리업체 전국취합
최종처분(매립),케이씨환경서비스(주)여수사업부(최종)-화치,전라권역,전라남도,케이씨환경서비스(주)여수사업부(최종)-화치,최종처분업 · 처리방법 매립 · 영산강유역환경청,14 폐기물처리업체 전국취합
최종처분(매립),한맥테코산업(주)-여수,전라권역,전라남도,한맥테코산업(주)-여수,최종처분업 · 처리방법 매립 · 영산강유역환경청,14 폐기물처리업체 전국취합
최종처분(매립),(주)케이비아이국인산업(군산),전라권역,전북특별자치도,(주)케이비아이국인산업(군산),최종처분업 · 처리방법 매립 · 전북지방환경청,14 폐기물처리업체 전국취합
최종처분(매립),(주)보림씨에스,충청권역,충청남도,(주)보림씨에스,최종처분업 · 처리방법 매립 · 금강유역환경청,14 폐기물처리업체 전국취합
최종처분(매립),(주)세창이엔텍아산지점,충청권역,충청남도,(주)세창이엔텍아산지점,최종처분업 · 처리방법 매립 · 금강유역환경청,14 폐기물처리업체 전국취합
최종처분(매립),(주)에코비트 그린 충주,충청권역,충청북도,(주)에코비트 그린 충주,최종처분업 · 처리방법 매립 · 원주지방환경청,14 폐기물처리업체 전국취합
