연번,구분,시도,시군구,부서,주소,대표전화,보관장소,빈탱크로리,굴착기,암롤차,스키드로더,진공흡입차량,지게차,방독면,보호복,장갑,장화,소석회,마른모래,중탄산나트륨,흡착포,유처리제
1,광역,서울특별시,서울특별시,소방재난본부 재난대응과,서울특별시 중구 퇴계로26길 52,02-3706-1423,소방재난본부,-,-,-,-,-,-,-,458,39,45,86,-,195,-,-
2,광역,서울특별시,서울특별시,서울아리수본부 수질과,서울특별시 서대문구 서소문로 51,02-3146-1322,서울아리수본부,-,-,-,-,-,-,-,157,179,137,11390,-,-,69박스,-
3,광역,서울특별시,서울특별시,미래한강본부 수상관리과,서울특별시 성동구 강변북로 257,02-3780-0790,미래한강본부,-,-,-,-,-,-,-,-,-,-,-,-,-,154박스,-
4,광역,서울특별시,서울특별시,미래한강본부 녹지관리과,서울특별시 성동구 강변북로 257,02-3780-0845,미래한강본부,-,-,-,2,-,-,-,-,-,-,-,-,-,-,-
5,광역,서울특별시,서울특별시,서울대공원 조경과,경기도 과천시 대공원광장로 102,02-500-7512,서울대공원,-,-,-,1,-,-,-,-,-,-,-,-,-,-,-
6,광역,서울특별시,서울특별시,서울대공원 운영과,경기도 과천시 대공원광장로 102,02-500-7342,서울대공원,-,-,-,1,-,-,-,-,-,-,-,-,-,-,-
7,광역,서울특별시,서울특별시,강서도로사업소 기전과,서울특별시 강서구 양천로 237,02-2657-7962,강서도로사업소,-,-,-,1,-,-,-,-,-,-,-,-,-,-,-
8,광역,서울특별시,서울특별시,남부도로사업소 기전과,서울특별시 영등포구 도림로 145,02-3284-5434,남부도로사업소,-,-,-,1,-,-,-,-,-,-,-,-,-,-,-
9,광역,서울특별시,서울특별시,동부도로사업소 기전과,서울특별시 강남구 남부순환로 3142-33,02-2040-0330,동부도로사업소,-,-,-,1,-,-,-,-,-,-,-,-,-,-,-
10,광역,서울특별시,서울특별시,북부도로사업소 기전과,서울특별시 강북구 한천로 913,02-944-5474,북부도로사업소,-,-,-,1,-,-,-,-,-,-,-,-,-,-,-
11,광역,서울특별시,서울특별시,서부도로사업소 기전과,서울특별시 마포구 가양대로 203,02-300-8397,서부도로사업소,-,-,-,1,-,-,-,-,-,-,-,-,-,-,-
12,광역,서울특별시,서울특별시,성동도로사업소 기전과,서울특별시 성동구 자동차시장길 41,02-2210-1557,성동도로사업소,-,-,-,1,-,-,-,-,-,-,-,-,-,-,-
13,기초,서울특별시,강동구,기후환경과,서울시 강동구 성내로 25,02-3425-5922,-,-,-,-,-,6,-,-,-,-,-,-,-,-,-,-
14,기초,서울특별시,강북구,재난안전과,서울특별시 강북구 도봉로 323(용신빌딩) 10층,02-901-5878,강북구청 외,-,2,-,-,1,2,3,3,3,3,-,60,-,10박스,-
15,기초,서울특별시,강서구,기후환경과,서울특별시 강서구 양천로59길 38,02-2600-4014,강서구청,-,-,-,-,-,-,-,4,-,-,-,-,-,10박스,-
16,기초,서울특별시,광진구,환경과,서울특별시 광진구 아차산로 400,02-450-7805,광진구청 등,-,-,-,-,-,-,-,-,-,2,2,3,40,800,126
17,기초,서울특별시,광진구,청소과,서울특별시 광진구 천호대로 788,02-450-7604,광진구 행정차고지,-,2,5,,7,2,-,-,-,-,-,-,-,-,-
18,기초,서울특별시,구로구,환경과,서울특별시 구로구 가마산로 245,02-860-2875,구로구 항동 차고지(차량),-,-,-,-,6,-,-,-,,-,-,-,-,9박스,-
19,기초,서울특별시,구로구,환경과,서울특별시 구로구 가마산로 245,02-860-2875,환경과 창고(흡착포),-,-,-,-,-,-,-,-,-,-,-,-,-,"1,800개",-
20,기초,서울특별시,금천구,환경과,서울시 금천구 시흥대로73길 70,02-2627-1515,청사 등,-,-,-,2,-,1,12907,20,-,-,-,9875,25,"6박스(100매/박스), 4개(50m/개)",54
21,기초,서울특별시,노원구,녹색환경과,"서울 노원구 노해로 455, 9층",02-2116-3213,노원구청 등,-,-,4,1,4,-,-,-,3,7,-,-,-,6박스,-
22,기초,서울특별시,동대문구,안전재난과,서울특별시 동대문구 천호대로 145,02-2127-4500,각 동 주민센터,-,-,-,-,-,-,2006,-,-,-,-,-,-,-,-
23,기초,서울특별시,동대문구,보건행정과,서울특별시 동대문구 천호대로 145,02-2127-4142,구립전일청소년독서실,-,-,-,-,-,-,-,9192,1000,-,-,-,-,-,-
24,기초,서울특별시,동대문구,청소행정과,서울특별시 동대문구 천호대로 145,02-2127-4378,"휘경동 7-18, 휘경청소차고지",-,-,5,-,-,1,-,-,-,-,-,-,-,-,-
25,기초,서울특별시,동작구,환경과,서울특별시 동작구 장승배기로 70,02-820-1311,보라매공원 집하장 창고,-,-,,-,-,-,-,-,-,-,-,-,-,20박스,54
26,기초,서울특별시,마포구,깨끗한마포과,서울 마포구 월드컵로 212,02-3153-9232,청소차고지,-,-,4,1,-,1,-,-,-,-,-,-,-,-,-
27,기초,서울특별시,마포구,맑은환경과,서울 마포구 월드컵로 212,02-3153-9265,방제창고,-,-,-,-,-,-,-,-,-,20,-,-,-,22,27
28,기초,서울특별시,서대문구,기후환경과,서울 서대문구 연희로 248,02-330-8276,서대문구청,-,-,-,-,-,-,-,-,-,-,-,-,-,22박스,-
29,광역,서울특별시,서초구,안전도시과 기후환경과,서울 서초구 남부순환로 2584 서초구청,02-2155-7112 02-2155-6470,서초구청,-,-,-,1,-,1,-,-,-,-,-,-,-,-,-
30,기초,서울특별시,성동구,기후에너지과,서울시 성동구 고산자로 270,02-2286-5499,성동구청,-,-,-,-,-,-,-,-,17,27,-,-,-,9,-
31,기초,서울특별시,성북구,환경과,성북구 보문로 168,02-2241-3046,성북구청 환경과 등,-,-,-,-,-,-,-,-,-,-,-,-,-,80/1,-
32,기초,서울특별시,송파구,맑은환경과,서울특별시 송파구 올림픽로 326,02-2147-3272,송파구청 등,-,-,-,-,-,-,5,10,5,2,-,-,-,2박스,76
33,기초,서울특별시,양천구,청소행정과,서울특별시 양천구 목동동로 105,02-2620-3431,클린센터,-,1,1,-,5,1,8,8,8,8,-,-,-,-,-
34,기초,서울특별시,양천구,환경과,서울특별시 양천구 목동동로 105,02-2620-4856,목동유수지창고,-,-,-,-,-,-,10,10,10,10,-,-,-,27박스,-
35,기초,서울특별시,영등포구,환경과,"서울특별시 영등포구 선유동1로 80, 영등포구청 별관 3층 환경과",02-2670-3461,영등포구청 별관 5층 창고,-,-,-,-,-,-,-,-,-,3,-,-,-,12박스,-
36,기초,서울특별시,용산구,맑은환경과,서울특별시 용산구 녹사평대로 150,02-2199-7662,용산구청,-,-,-,-,-,-,-,-,-,-,-,-,-,700개,1000
37,기초,서울특별시,은평구,기후환경과,서울시 은평구 은평로 195,02-351-7622,불광천 방재창고,-,-,-,-,-,-,-,-,-,-,-,-,-,23박스,36kg
38,기초,서울특별시,은평구,안전관리과,서울시 은평구 은평로 195,02-351-7712,은평구청 등,-,-,-,-,-,-,16394,-,-,-,-,-,-,-,-
39,기초,서울특별시,중구,환경과,서울특별시 중구 창경궁로 17,02-3396-5615,"송정동 청소차고지, 구청내 창고 등",-,-,2,-,3,1,1008,300,-,-,-,-,-,2박스,-
40,기초,서울특별시,중랑구,맑은환경과,서울 중랑구 봉화산로 190,02-2094-2432,중랑구청,-,-,-,-,-,-,-,-,-,6,-,-,-,17,-
41,광역,세종특별자치시,세종특별자치시,환경정책과,"세종특별자치시 호려울로 19, 스마트허브Ⅲ (보람동)",044-300-4242,세종시청 등,-,-,-,-,-,-,5,5,4,3,-,-,-,2,486
42,기초,부산광역시,강서구,환경위생과,부산광역시 강서구 낙동북로 477,051-970-4165,창고 등,-,-,-,-,-,-,-,-,-,-,-,-,-,2,-
43,기초,부산광역시,금정구,환경위생과,부산광역시 금정구 중앙대로 1777,051-519-4396,환경위생과 창고,-,-,-,-,-,-,-,-,-,-,-,-,-,17박스,36
44,기초,부산광역시,금정구,안전관리과,부산광역시 금정구 중앙대로 1777,051-519-4477,금정구청 안전관리과,-,-,-,-,-,-,-,4000,-,-,-,-,-,-,-
45,기초,부산광역시,금정구,자원순환과,"부산광역시 금정구 중앙대로 1777(부곡동, 금정구청)",051-519-4461,금정구청 차고지,-,-,-,-,2,-,-,-,-,-,-,-,-,-,-
46,광역,부산광역시,기장군,환경위생과,부산광역시 기장군 기장대로 560,051-709-2725,기장군청,-,-,-,-,9,-,-,-,10,10,-,-,-,17,108
47,기초,부산광역시,남구,안전총괄과,부산광역시 남구 못골로 19,051-607-4646,남구청 1층 창고 등,-,-,-,-,-,2,207,660,-,167,-,-,-,-,-
48,기초,부산광역시,남구,환경위생과,부산광역시 남구 못골로 19,051-607-4395,남구청 지하1층,-,-,-,-,-,-,-,-,6,-,-,-,-,14박스,198L
49,기초,부산광역시,부산진구,환경위생과,부산광역시 부산진구 시민공원로 30,051-605-4395,부산진구청 등,-,-,-,-,-,-,-,-,-,-,-,-,-,26,648
50,기초,부산광역시,부산진구,안전도시과,부산광역시 부산진구 시민공원로 30,051-605-4134,부산진구청 등,-,-,-,-,-,-,"18,507",20,-,-,-,-,-,,
51,기초,부산광역시,북구,환경위생과,부산광역시 북구 낙동대로 1570번길 33 (구포동),051-309-4392,낙동대로 1570번길 33,-,-,-,-,-,-,10,10,10,10,-,-,-,10,90
52,기초,부산광역시,북구,도시관리과,부산광역시 북구 낙동대로 1570번길 33 (구포동),051-309-4712,덕천동 311-1 (도로정비 제2보관소),-,-,-,-,-,-,-,-,-,-,-,"1,000",-,-,-
53,기초,부산광역시,북구,자원순환과,부산광역시 북구 낙동대로 1570번길 33 (구포동),051-309-4455,만덕고개길 28,-,-,1,-,-,-,-,-,-,-,-,-,-,-,-
54,기초,부산광역시,북구,자원순환과,부산광역시 북구 낙동대로 1570번길 33 (구포동),051-309-4432,덕천동 755,-,-,-,-,2,-,-,-,-,-,-,-,-,-,-
55,기초,부산광역시,사상구,안전총괄과,부산광역시 사상구 학감대로 242,051-310-4132,학감대로242 (사상구청),-,-,-,-,-,-,246,12,12,12,-,-,-,,
56,기초,부산광역시,사상구,환경위생과,부산광역시 사상구 학감대로 242,051-310-4396,학감대로242 (사상구청),-,-,-,-,-,-,,5,10,16,-,-,-,78박스,774
57,기초,부산광역시,사상구,도시관리과,부산광역시 사상구 학감대로 242,051-310-4657,낙동대로943번길 205 (적치물보관소),-,-,-,-,-,-,,,,,-,"45,000",-,,
58,기초,부산광역시,사하구,환경위생과,부산광역시 사하구 낙동대로 398번길 12,051-220-4424,사하구청 등,-,-,-,-,-,-,"18,308개",40개,-,-,-,"모래주머니 10,000개",-,18박스,"분말 50kg, 액체 126L"
59,기초,부산광역시,서구,구민안전과,부산광역시 서구 구덕로 120,051-240-4646,민방위교육장,-,-,-,-,-,1,-,-,-,-,-,-,-,-,-
60,기초,부산광역시,서구,환경위생과,부산광역시 서구 구덕로 120,051-240-4398,서구청 신관 1층 창고,-,-,-,-,-,-,2,-,-,5,-,-,-,1,72L
61,기초,부산광역시,서구,청소행정과,부산광역시 서구 구덕로 120,051-240-4436,서구 에코센터,-,-,5,-,2,2,-,-,-,-,-,-,-,-,-
62,기초,부산광역시,수영구,안전관리과,부산광역시 수영구 남천동로 100,051-610-4645,수영구청 방재창고,-,-,-,-,-,-,-,720,720,-,-,-,-,3,-
63,기초,부산광역시,연제구,환경위생과,부산광역시 연제구 연제로 2,051-665-4395,연제구청 등,-,-,4,-,-,-,-,-,-,-,-,-,-,18,-
64,기초,부산광역시,영도구,청소행정과,부산광역시 영도구 태종로 423,051-419-4435,청소차량 차고지,-,-,-,-,2(청소차량),1,-,-,-,-,-,-,-,-,-
65,기초,부산광역시,영도구,청소행정과,부산광역시 영도구 태종로 423,051-419-4461,재활용 선별장,-,-,-,1,-,1,-,-,-,-,-,-,-,-,-
66,기초,부산광역시,영도구,환경위생과,부산광역시 영도구 태종로 423,051-419-4392,창고,-,-,-,-,-,-,-,3,6,6,-,-,-,9,180L
67,기초,부산광역시,중구,자원순환과,중구 중구로 120,051-600-4821,환경자원관리소,-,-,2,1,-,2,-,-,-,-,-,-,-,-,-
68,기초,부산광역시,해운대구,재난안전과,부산광역시 해운대구 중동2로 11,051-749-4648,우동 방재창고,-,-,-,-,-,-,-,-,50,30,-,"21,900",-,-,-
69,기초,부산광역시,해운대구,환경위생과,부산광역시 해운대구 센텀중앙로 170,051-749-4395,해운대구청 본관창고,-,-,-,-,-,-,2,-,10,-30,-,"-21,900",-,3,-
70,기초,인천광역시,중구(원도심),위생환경과,"인천 중구 신포로27번길 80, 동별관 3층",032-760-7402,위생환경과 지하창고,-,-,-,-,-,-,15,30,20,8,8,-,-,25박스,40
71,기초,인천광역시,중구(원도심),자원순환과,"인천 중구 신포로27번길 80, 동별관 2층",032-760-7416,인천 중구 서해대로180번길 58(원도심) 인천 중구 운남동 1131-41(영종용유),-,-,-,-,8,1,-,-,-,-,-,-,-,-,-
72,기초,인천광역시,중구(원도심),건설과,"인천 중구 신포로27번길 80, 북별관 2층",032-760-7434,-,-,-,-,-,-,-,-,-,-,-,-,-,-,-,-
73,기초,인천광역시,중구(영종·용유),친환경위생과,"인천 중구 운남서로 100, 국제도시관 4층",032-760-7738,친환경위생과 지하창고,-,-,-,-,-,-,-,2,50,7,-,5,-,30박스,70
74,기초,인천광역시,중구(영종·용유),기반시설과,"인천 중구 운남서로 100, 국제도시관 3층",032-760-8855,제설창고 등,-,1,-,2,-,-,-,-,-,4,-,-,-,-,-
75,기초,인천광역시,미추홀구,환경보전과,인천광역시 미추홀구 독정이로 95,032-880-5953,미추홀구청 등,,,,,,,,90,500,10,,,,17박스,90L
76,기초,인천광역시,연수구,환경보전과,인천광역시 연수구 원인재로 115,032-749-7942,연수구청 등,-,-,-,1,5,6,10,160,100,10,-,-,-,8박스,30
77,기초,인천광역시,남동구,환경보전과,인천광역시 남동구 소래로 633,032-453-2614,남동구청 등,0,0,0,0,0,0,30,5,16,3,80,,-,14박스,분말 : 50kg 액체 : 3통
78,기초,인천광역시,부평구,환경보전과,인천광역시 부평구 부평대로 168,032-509-6653,부평구청,-,-,-,-,-,-,7,11,5,10,120,-,-,9박스,36
79,기초,인천광역시,부평구,도로과,인천광역시 부평구 부평대로 168,032-509-6817,부평구청,-,1,-,-,-,-,-,-,-,-,-,-,-,-,-
80,기초,인천광역시,계양구,환경과,계산새로 88,032-450-5414,청사 내 창고,-,-,-,-,-,-,-,2,2,2,40,-,-,14box,20
81,기초,인천광역시,서구,환경관리과,인천광역시 서구 서곶로 307,032-560-4354,자체보유X,,2,,,,,15,,5,11,,,250,18박스,40L
82,기초,인천광역시,옹진군,환경위생과,인천광역시 미추홀구 매소홀로 120,032-899-2615,각 면사무소,0,0,20,-,4,8,0,520,10,5,-,-,-,90,"2,466"
83,기초,인천광역시,동구,환경위생과,인천광역시 동구 금곡로 67,032-770-7883,의회 지하창고,-,-,-,-,-,-,2,2,2,2,-,-,-,10,180
84,광역,대구광역시,대구광역시,물환경과,"대구광역시 북구 연암로 40, 산격청사 103동",053-803-4301,대구시청 등,-,-,-,-,-,-,-,13,65,28,560,-,-,50박스,200
85,기초,대구광역시,군위군,환경과,대구광역시 군위군 군위읍 군청로 200,054-380-7992,군위군 환경관리센터,-,2,-,-,-,1,2,7,2,1,-,75,-,-,-
86,기초,대구광역시,군위군,환경과,대구광역시 군위군 군위읍 군청로 200,054-380-7953,군위군 재난관리자원 비축 창고,-,-,-,-,-,-,-,-,-,-,40,-,-,3300/100,54
87,기초,대구광역시,군위군,환경과,대구광역시 군위군 군위읍 군청로 200,054-380-7945,군위군 재난관리자원 비축 창고,-,-,-,-,-,-,12,-,26,-,-,-,-,-,-
88,기초,대구광역시,남구,녹색환경과,대구광역시 남구 이천로 51,053-664-2576,남구청 창고,-,-,-,-,-,-,-,10,10,20,-,10,-,18박스,162
89,기초,대구광역시,달서구,기후환경과,"대구광역시 달서구 학산로 45, 달서구청",053-667-2602,달서구청 등,-,-,-,-,-,-,6,-,-,-,-,-,-,3900매,144L
90,기초,대구광역시,달성군,환경과,대구광역시 달성군 논공읍 달성군청로 33,053-668-2602,달성군청 창고,-,-,-,-,-,-,-,8,18,10,-,-,-,30,408
91,기초,대구광역시,동구,환경과,대구광역시 동구 아양로 207(신암동),053-662-2604,동구청,-,-,-,-,-,-,-,50,25,80,40,-,-,20,648
92,기초,대구광역시,북구,환경관리과,대구광역시 북구 옥산로 1(노원동1가),053-665-2605,북구청 등,-,-,-,-,-,-,17,17,17,11,60,-,-,15박스,540
93,기초,대구광역시,동구,생활환경과,대구광역시 서구 국채보상로 257,053-663-2605,방제창고 (달서천로 16-6),0,0,0,0,0,0,2,116,30,18,50,0,0,2300게/23박스,180
94,기초,대구광역시,중구,환경과,대구광역시 국채보상로139길 1,053-661-2583,중구청 등,0,0,0,0,3,0,17,76,16,12,-,0,-,25박스,180
95,기초,광주광역시,동구,기후환경과,광주광역시 동구 서남로 1,062-608-2492,동구청 등,0,0,0,0,0,0,4,0,0,6,0,0,0,12박스,37
96,기초,광주광역시,서구,환경보전과,광주광역시 서구 경열로 33,062-360-7659,기후환경과 비축창고,0,0,0,0,0,0,0,0,0,0,0,0,0,22,180
97,기초,광주광역시,남구,환경관리과,광주광역시 남구 봉선로 1,062-607-3642,구.보훈병원주차장,0,0,0,0,0,0,1,10,10,10,0,0,0,35박스,36
98,기초,광주광역시,북구,기후환경과,광주광역시 북구 우치로 77,062-410-6472,북구청 등,0,0,0,0,6,1,4,4,4,4,0,"40,000개(모래주머니)",0,14박스,180
99,기초,광주광역시,광산구,기후환경과,광주광역시 광산구 광산로29번길 15,062-960-8448,수완동 898,0,0,0,0,0,0,4,0,20,20,0,0,0,28,108
100,기초,대전광역시,동구,환경과,대전광역시 동구 가오동 425,042-251-4546,동구청 및 재활용선별센터 16개 동 및 가양동 창고,-,-,1,-,3,1,13857,-,-,-,-,-,-,11박스,60
101,기초,대전광역시,중구,기후환경과,대전광역시 중구 중앙로 100,042-606-7302,중구청 기후환경과 수질관리팀 창고,-,-,-,-,-,-,-,-,-,-,-,-,-,100개/17박스,50
102,기초,대전광역시,중구,재난안전과,대전광역시 중구 중앙로 100,042-606-7462,각 동 행정복지센터 및 민방위교육장,-,-,-,-,-,-,"12,578",-,-,-,-,-,-,-,-
103,기초,대전광역시,서구,건설과,대전광역시 서구 둔산서로100,042-288-3962,서구청 등,-,-,-,24,-,-,-,-,-,-,-,-,-,-,-
104,기초,대전광역시,서구,지역경제과,대전광역시 서구 둔산서로 100,042-288-2482,서구청,-,-,-,-,-,-,-,30,500,200,-,-,-,-,-
105,기초,대전광역시,서구,기후환경과,대전광역시 서구 둔산서로 100,042-288-3513,서구청,-,-,-,-,-,-,-,30,28,28,40,-,-,27개,80
106,기초,대전광역시,서구,자원순환과,대전광역시 서구 둔산서로 100,042-288-3582,정림동 1-7(차고지),-,-,-,-,5,-,-,-,146,146,-,-,-,-,-
107,기초,대전광역시,서구,갈마1동,대전광역시 서구 신갈마로 191,042-288-5396,갈마1동 행정복지센터 내,-,-,-,-,-,-,251,-,50,6,-,-,-,-,-
108,기초,대전광역시,서구,갈마2동,대전광역시 서구 대덕대로 147,042-288-5426,행정복지센터 지하창고,-,-,-,-,-,-,745,-,-,-,-,1800,-,-,-
109,기초,대전광역시,서구,괴정동,대전광역시 서구 가장로 57,042-288-5306,동 지하 및 건물 옆 창고,-,-,-,-,-,-,-,-,-,4,-,100,-,-,-
110,기초,대전광역시,서구,둔산2동,대전광역시 서구 둔산서로 80,042-288-5248,둔산2동행정복지센터,-,-,-,-,-,-,1079,-,10,3,-,-,-,-,-
111,기초,대전광역시,서구,용문동,대전광역시 서구 계룡로 626-1,042-288-5155,용문동 행정복지센터 창고,-,-,-,-,-,-,"1,144",-,-,-,-,-,-,-,-
112,기초,대전광역시,서구,도안동,대전광역시 서구 원도안로242번길 33,042-288-5696,창고,-,-,-,-,-,-,1510,-,-,20,-,-,-,-,-
113,기초,대전광역시,서구,가장동,대전광역시 서구 도산로 282,042-288-5335,가장동행정복지센터,-,-,-,-,-,-,500,-,-,10,-,-,-,-,-
114,기초,대전광역시,서구,월평1동,대전광역시 서구 월평서로 13,042-288-5456,월평1동 행정복지센터,-,-,-,-,-,-,50,-,-,-,-,-,-,-,-
115,기초,대전광역시,서구,월평3동,대전광역시 서구 청사로 27-9,042-288-5521,동 지하창고 등,-,-,-,-,-,-,1005,-,-,3,-,-,-,-,-
116,기초,대전광역시,서구,관저1동,대전광역시 서구 관저북로24,042-288-5612,청사 지하1층 창고,-,-,-,-,-,-,,-,10,3,-,-,-,-,-
117,기초,대전광역시,서구,관저2동,대전광역시 서구 관저중로82,042-288-5653,관저2동행정복지센터 청사,-,-,-,-,-,-,2278,-,30,2,-,100,-,-,-
118,기초,대전광역시,서구,탄방동,대전광역시 서구 탄방로7번길 97,042-288-5185,동행정복지센터 야외창고,-,-,-,-,-,-,,-,-,-,-,224,-,-,-
119,기초,대전광역시,서구,변동,대전광역시 서구 중반5길 133 (변동),042-288-5126,지하1층 창고,-,-,-,-,-,-,675,-,-,-,-,-,-,-,-
120,기초,대전광역시,서구,내동,대전광역시 서구 도솔로 247,042-288-5365,지하창고,-,-,-,-,-,-,781,-,-,4,-,-,-,-,-
121,기초,대전광역시,서구,도마1동,대전광역시 서구 도마3길 46,042-288-5038,지하 물품보관실 등,-,-,-,-,-,-,1126,-,-,20,-,-,-,-,-
122,기초,대전광역시,서구,정림동,대전광역시 서구 정림동로 10,042-288-5096,정림동행정복지센터,-,-,-,-,-,-,350,-,100,-,-,200,-,-,-
123,기초,대전광역시,유성구,푸른환경과,대전광역시 유성구 대학로 211,042-611-2309,유성구청 등,-,-,-,-,-,-,2,2,17,15,-,-,-,13,640
124,기초,대전광역시,유성구,건설과,대전광역시 유성구 대학로 211,042-611-2486,유성구청 등,-,1,-,-,-,-,-,-,-,-,-,-,-,-,-
125,기초,대전광역시,대덕구,환경과,대전광역시 대덕구 대전로1033번길 20,042-608-6865,수질오염방재창고,-,-,-,-,-,-,-,32,51,43,-,-,-,33,40
126,기초,대전광역시,대덕구,자원농생명과,대전광역시 대덕구 대전로1033번길 20,042-633-4303,자원순환센터,-,-,1,1,-,-,-,-,-,-,-,-,-,-,-
127,기초,대전광역시,대덕구,건설과,대전광역시 대덕구 대전로1033번길 20,042-608-5215,제설창고,-,1,-,-,-,-,-,-,-,-,-,-,-,-,-
128,기초,대전광역시,대덕구,회덕동,대전광역시 대덕구 대전로 1376,042-608-5667,회덕동 민방위 창고,-,-,-,-,-,-,762,-,-,7,-,-,-,140,-
129,기초,대전광역시,대덕구,법1동,대전광역시 대덕구 계족로663번길 36,042-608-5746,민방위 창고,-,-,-,-,-,-,651,-,-,16,-,-,-,-,-
130,기초,대전광역시,대덕구,송촌동,대전광역시 대덕구 동춘당로94번길 11,042-608-5704,송촌동 민방위창고 등,-,-,-,-,-,-,"1,098",-,-,-,-,-,-,-,-
131,기초,대전광역시,대덕구,중리동,대전광역시 대덕구 대덕구 중리남로47,042-608-5725,중리동 창고,-,-,-,-,-,-,"1,185",-,100,5,-,20,-,45,-
132,기초,대전광역시,대덕구,비래동,대전광역시 대덕구 비래동로10,042-608-5686,비래동 민방위창고,-,-,-,-,-,-,731,-,-,-,-,-,-,-,-
133,광역,대전광역시,-,농업기술센터 지도개발과,대전광역시 유성구 교촌대정로 97,042-270-6914,창고,-,2,-,1,-,1,-,-,-,-,-,-,-,-,-
134,광역,대전광역시,-,건설관리본부 시설정비과,대전광역시 서구 둔산로 100,042-270-8891,창고,-,2,-,2,-,-,-,-,-,-,-,-,-,-,-
135,광역,대전광역시,-,상수도사업본부 신탄진정수사업소,대전광역시 대덕구 신탄진로756번안길 223,042-715-6512,창고,-,-,-,1,-,1,30,-,-,-,-,-,-,-,-
136,광역,대전광역시,-,상수도사업본부 월평정수사업소,대전광역시 서구 신갈마로141번길 82,042-715-6412,창고,-,-,-,-,-,-,52,14,-,-,-,-,-,8,-
137,광역,대전광역시,-,상수도사업본부 수질연구소,대전광역시 대덕구 송촌로 50,042-715-6654,창고,-,-,-,-,-,-,20,-,-,-,-,-,-,-,-
138,광역,대전광역시,-,상수도사업본부 동부사업소,대전광역시 동구 동대전로 292,042-715-6654,창고,-,-,-,-,-,-,20,-,-,-,-,-,-,-,-
139,광역,대전광역시,-,상수도사업본부 대덕사업소,대전광역시 대덕구 계족산로 20,042-715-6763,창고,-,-,-,-,-,-,17,-,-,-,-,-,-,-,-
140,광역,대전광역시,-,상수도사업본부 관리과,대전광역시 서구 신갈마로141번길 80,042-715-6053,창고,-,-,-,-,-,-,65,-,-,-,-,-,-,-,-
141,광역,대전광역시,-,상수도사업본부 송촌정수사업소,대전광역시 대덕구 계족산로 20,042-715-6315,창고,-,-,-,-,-,-,-,2,-,-,-,-,-,-,-
142,광역,대전광역시,-,시민안전실 사회재난과,대전광역시 서구 둔산로 100,042-270-4982,창고,-,-,-,-,-,-,-,20,100,20,-,-,-,-,-
143,광역,대전광역시,-,생태하천과,대전광역시 서구 둔산로 100,042-270-5672,창고,-,-,-,-,-,-,-,-,-,-,240,-,-,3,108
144,광역,울산광역시,울산광역시,환경대기과,울산광역시 남구 중앙로 201,052-229-3212,울산시청 등,,,,,,,28,28,20,2,,,,40,0
145,광역,울산광역시,울산광역시,수목원관리사무소,울산광역시 울주군 온양읍 대운상대길 225-19,052-229-8573,울산수목원,,1,,,,,,,,,,,,,
146,기초,울산광역시,중구,환경위생과,울산광역시 중구 단장골길 1,052-290-3722,동천창고,,,,,,,5,,,,,,,,360
147,기초,울산공역시,남구,환경관리과,울산광역시 남구 돋질로 233,052-226-5762,울산 남구청 등,,,,,,,46,25,35,19,20,,60,13,66
148,기초,울산광역시,남구,환경자원과,울산광역시 남구 돋질로 233,052-226-5774,울산 남구청 등,,,2,,7,,,,,,,,,,
149,기초,울산광역시,동구,환경위생과,울산광역시 동구 봉수로 155,052-209-3562,울산 동구청 등,-,-,1,-,-,-,5,-,-,-,-,-,-,15,-
150,기초,울산광역시,북구,환경위생과,울산광역시 북구 산업로 1010,052-241-7773,울산 북구청 등,-,-,1,-,-,-,"17,049",2,2,2,-,-,-,43,234
151,기초,울산광역시,울주군,환경기후과,울산광역시 울주군 청량읍 군청로 1,052-204-2134,울주군청 지하창고,-,-,-,-,-,-,5,10,80,30,-,-,-,10,100
152,기초,울산광역시,울주군,도로과,울산광역시 울주군 청량읍 군청로 1,052-204-2444,언양창고,-,-,-,1,-,-,-,-,-,-,-,-,-,-,-
153,기초,경기도,고양시,환경정책과,경기 고양시 덕양구 고양시청로 13-5,031-8075-2645,고양시청,-,-,-,-,-,-,6,6,6,6,-,-,-,-,-
154,기초,경기도,고양시,생태하천과,경기 고양시 덕양구 고양시청로 3 충헌빌딩 3층,031-8075-2756,고양시청 등,-,-,-,-,-,-,-,-,100,10,-,-,-,"7,100개",180
155,기초,경기도,과천시,기후환경과,경기 과천시 관문로 69,02-3677-2108,과천시청,-,-,-,-,-,-,-,10,5,15,-,-,-,7,18
156,기초,경기도,광명시,환경관리과,경기 광명시 시청로 20,02-2680-2297,환경사업소 등,-,-,-,-,5,-,17978,60,60,60,-,48,-,32박스,-
157,기초,경기도,광주시,수질정책과,경기 광주시 행정타운로 50,031-760-3765,광주시청 등,-,-,-,-,-,-,8,48,8,8,100,100,100,6900/69,720
158,기초,경기도,구리시,환경과,경기 구리시 아차산로 439,031-550-2862,구리시청,-,-,-,-,-,-,9,15,14,4,-,-,-,-,-
159,기초,경기도,구리시,환경과,경기 구리시 아차산로 439,031-550-2453,구리시청,-,-,-,-,-,-,-,-,-,-,-,-,-,32박스,216
160,기초,경기도,구리시,자원순환과,경기 구리시 검배로 199,031-550-5460,재활용품중간처리장,-,1,-,-,-,-,-,-,-,-,-,-,-,-,-
161,기초,경기도,구리시,자원순환과,경기 구리시 왕숙천로 49,031-550-2252,재활용품선별장,-,-,-,1,-,1,-,-,-,-,-,-,-,-,-
162,기초,경기도,구리시,자원순환과,경기 구리시 검배로 199,031-550-2251,재활용품중간처리장,-,-,-,-,1,-,-,-,-,-,-,-,-,-,-
163,기초,경기도,구리시,자원순환과,경기 구리시 왕숙천로 49,031-550-2477,구리자원회수시설,-,-,-,-,-,-,4,4,4,4,-,-,-,-,-
164,기초,경기도,구리시,하수과,경기 구리시 검배로 200,031-550-8437,구리시청 하수과,-,-,-,-,-,-,7,4,8,3,-,300,-,1박스,-
165,기초,경기도,군포시,환경과,경기 군포시 청백리길 6,031-390-0732,군포시청,-,-,-,-,-,-,-,41,51,12,-,-,-,15,60
166,기초,경기도,김포시,환경지도과,경기 김포시 사우중로26,031-980-5655,환경지도과 등,-,-,-,-,-,-,40,90,30,3,4,-,-,12박스,1206
167,기초,경기도,김포시,클린도시과,경기 김포시 초당로40,031-5186-4523,,-,-,-,-,-,-,-,-,-,-,-,-,-,-,-
168,기초,경기도,동두천시,자원위생과,경기 동두천시 방죽로 23,031-860-2251,적환장,-,1,1,1,-,-,-,-,-,-,-,-,-,-,-
169,기초,경기도,부천시,환경정책과,경기 부천시 원미구 길주로 210,032-625-3161,부천시청,-,-,-,-,-,-,10,10,20,10,-,-,-,8박스,-
170,기초,경기도,성남시,환경정책과,경기 성남시 중원구 성남대로 997,031-729-3172,성남시청 등,-,-,-,-,-,-,18,15,94,10,-,-,-,23개(롤),-
171,기초,경기도,수원시,환경정책과,경기 수원시 효원로 241,031-5191-3243,수원시청,-,-,-,-,-,-,10,20,60,11,360,-,-,36,-
172,기초,경기도,시흥시,환경정책과,경기 시흥시 시청로 20,031-310-5993,시흥시청,-,-,-,-,-,-,88,83,83,112,-,-,-,132박스,540
173,기초,경기도,안산시,환경정책과,"경기 안산시 단원구 중앙대로 839(고잔동, 3층 환경정책과)",031-481-2243,안산시청 등,-,1,8,-,-,-,6,6,15,6,180,50,-,33박스,216
174,기초,경기도,안양시,환경정책과,경기 안양시 동안구 시민대로 235,031-8045-5822,안양시청,-,-,-,-,-,-,5,5,8,16,-,-,-,14박스,15포
175,기초,경기도,양주시,환경정책과,경기 양주시 부흥로 1533,031-8082-6313,양주시청 등,-,3,5,1,-,-,5,5,300,-,-,-,-,14박스,72L
176,기초,경기도,양평군,기후환경과,경기 양평군 양평읍 군청앞긾 2,031-770-2581,양평군청 창대리 창고,-,-,-,-,-,-,5482,-,-,-,-,-,-,230/145,414
177,기초,경기도,여주시,도로과,경기 여주시 세종로 1,031-887-2226,여주종합운동장,-,1,-,-,-,-,-,-,-,-,-,-,-,-,-
178,기초,경기도,여주시,도로과,경기 여주시 세종로 1,-,수로원사무실,-,-,-,1,-,-,-,-,-,-,-,80,-,-,-
179,기초,경기도,여주시,도로과,경기 여주시 세종로 1,031-887-2225,여주종합운동장,-,-,-,-,2,-,-,-,-,-,-,-,-,-,-
180,기초,경기도,여주시,자원순환과,경기 여주시 세종로 1,031-887-2783,폐기물매립장,-,1,1,2,-,4,-,-,-,-,-,-,-,-,-
181,기초,경기도,여주시,자원순환과,경기 여주시 세종로 1,031-887-2787,음식물자원화사업장,1,1,2,1,-,-,-,-,-,-,-,-,-,-,-
182,기초,경기도,여주시,자원순환과,경기 여주시 세종로 1,031-887-2453,하동 선별장,-,1,-,-,-,-,-,-,-,-,-,-,-,-,-
183,기초,경기도,여주시,환경과,경기 여주시 세종로 1,031-887-2253,점동창고,-,-,-,-,-,-,5,12,10,6,-,-,-,79박스,48통
184,기초,경기도,연천군,환경보호과,경기 연천군 연천로 220,031-839-2241,연천군청 등,-,-,-,-,1,-,50,-,30,10,1000,-,-,9박스,306
185,기초,경기도,용인시,처인구 도로과,경기 용인시 처인구 금령로 50(김량장동),031-6193-5431,처인구청,-,1,-,-,-,-,-,-,-,-,-,-,-,-,-
186,기초,경기도,용인시,기흥구 도로과,경기 용인시 기흥구 관곡로 95(구갈동),031-6193-6415,기흥구청,-,1,-,-,-,-,-,-,-,-,-,-,-,-,-
187,기초,경기도,용인시,수지구 건설도로과,경기 용인시 수지구 포은대로 435(풍덕천동),031-6193-8433,수지구청,-,1,-,-,-,-,-,-,-,-,-,-,-,-,-
188,기초,경기도,용인시,용인시 기후대기과,경기 용인시 처인구 중부대로 1199(삼가동),031-6193-2244,용인시청,-,-,-,-,-,-,58254,192,357,218,18200,-,-,35,550
189,기초,경기도,의왕시,환경과,경기 의왕시 시청로 11,031-345-3823,의왕시청,-,-,-,-,-,-,15,15,15,15,300,-,-,34개,936 L
190,기초,경기도,의정부시,환경정책과,경기 의정부시 호국로 1049번길 39,031-828-4434,의정부시,-,-,-,-,-,-,5,28,-,-,80,-,-,32박스,4박스
191,기초,경기도,이천시,환경보호과,경기 이천시 부악로 40,031-644-2358,이천시청 지하창소,-,1,-,-,-,-,4,24,112,4,-,-,-,300매,240L+330㎏
192,기초,경기도,이천시,도로관리과,경기 이천시 부악로 40,031-644-2159,도로관리과 도로보수원 사무실,-,1,-,-,-,-,-,-,-,-,-,-,-,-,-
193,기초,경기도,이천시,자원순환과,경기 이천시 모가면 공원로 89,031-644-2608,이천시 적환장,-,-,1,2,-,-,-,-,-,-,-,-,-,-,-
194,기초,경기도,파주시,기후위기대응과,경기 파주시 시민회관길 16-11,031-940-8472,파주시청 등,-,-,-,-,-,-,3,5,12,3,-,-,-,139개,1112
195,기초,경기도,하남시,환경정책과,경기 하남시 대청로 10,031-790-5744,본관 지하창고,-,-,-,-,-,-,23335,30(C형),30,30,-,80,-,12박스,288
196,기초,경기도,하남시,자원순환과,경기 하남시 미사대로 710,031-790-5322,하남시 환경기초시설,-,-,1,2,-,5,-,-,-,-,-,-,-,-,-
197,기초,경기도,하남시,자원순환과,경기 하남시 미사대로 710,031-790-5644,하남시 환경기초시설,-,-,1,1,-,1,-,-,-,-,-,-,-,-,-
198,기초,경기도,하남시,차량등록과,경기 하남시 하남대로776번길 79,031-790-5188,-,-,-,-,-,-,-,-,-,-,-,-,-,-,-,-
199,기초,경상북도,경산시,환경과,경상북도 경산시 남매로 159,053-810-5476,경산시청 등,-,7,-,-,-,-,-,54,40,60,-,-,-,83박스,30
200,기초,경상북도,경주시,환경정책과,경상북도 경주시 양정로 260(동천동),054-779-6372,경주시청 창고,-,-,-,-,-,-,-,30,100,20,-,-,-,105박스,90L
201,기초,경상북도,고령군,환경과,고령군 대가야읍 왕릉로 55,054-950-6523,고령군청 등,1,-,-,-,-,1,20,20,20,20,-,400,-,70박스,1908
202,기초,경상북도,김천시,환경위생과,김천시 시청1길 1,054-420-6681,김천시 응명동 1012-1,-,1,1,-,2,-,24,16,16,26,-,-,-,"10,800매/54박스",1098
203,기초,경상북도,구미시,환경관리과,경상북도 구미시 농산물시잘로 15,054-480-5275,환경관리과 창고,-,-,-,-,-,-,10,17,38,12,-,-,-,9박스,218
204,기초,경상북도,구미시,자원순환과,경상북도 구미시 산동읍 송백로 497,054-480-5235,환경자원화시설,-,2,-,-,-,3,-,-,-,-,-,-,-,-,-
205,기초,경상북도,봉화군,녹색환경과,경북 봉화군 봉화읍 봉화로 1111,054-679-6403,봉화군청 등,-,1,3,1,-,-,1200,5,100,100,100,-,-,68,500
206,기초,경상북도,상주시,환경관리과,경북 상주시 상산로 223,054-537-7357,경북 상주시 상산로 223 외2,-,2,-,1,-,-,5490,32,32,32,-,-,-,15,30
207,기초,경상북도,성주군,자원순환사업소,경북 성주군 성주읍 삼산3길 73,054-930-6195,자원순환사업소,-,1,-,-,-,1,-,-,-,-,-,-,-,-,-
208,기초,경상북도,성주군,환경과,경북 성주군 성주읍 성주로 3200,054-930-6182,방제물품 창고,-,-,-,-,-,-,-,180,50,7,400,-,-,40,60
209,기초,경상북도,안동시,환경관리과,경상북도 안동시 퇴계로 115,054-840-5287,안동시광역매립장 창고 등,-,-,-,-,-,-,10,30,10,10,-,-,75,20,-
210,기초,경상북도,안동시,건설과,경상북도 안동시 퇴계로 115,054-840-6848,"퇴계로 115, 건설과",-,3,-,1,-,1,-,-,-,-,-,-,-,-,-
211,기초,경상북도,안동시,상수도과,경상북도 안동시 정백이골길 6,054-840-5735,"퇴계로 115, 상하수도과",-,3,-,-,-,-,-,-,-,-,-,-,-,-,-
212,기초,경상북도,안동시,공원녹지과,경상북도 안동시 퇴계로 115,054-840-6458,"퇴계로 115, 산림녹지과",-,1,-,-,-,-,-,-,-,-,-,-,-,-,-
213,기초,경상북도,안동시,영농지원과,경상북도 안동시 경동로 1484-10(송천동),054-840-5674,안동시 농업기술센터,-,2,-,-,-,3,-,-,-,-,-,-,-,-,-
214,기초,경상북도,안동시시설관리공단,안동환경팀,경상북도 안동시 앙실3길 21-20,054-850-4549,안동하추리장,-,1,1,1,-,2,-,4,3,3,-,700,-,100/4,-
215,기초,경상북도,안동시시설관리공단,풍천환경팀,경북 안동시 풍천면 운골길 156,054-850-4808,풍천공공하수처리시설,-,-,-,1,-,-,1,-,-,-,-,-,-,-,-
216,기초,경상북도,안동시시설관리공단,바이오산단환경팀,경상북도 안동시 풍산읍 산업단지길 77,054-850-4562,바이오산단폐수처리장,-,-,-,-,-,-,1,-,1,5,-,20,-,-,-
217,기초,경상북도,영덕군,환경위생과,경상북도 영덕군 영덕읍 군청길 116,054-730-6582,영덕 환경자원관리센타,-,2,3,1,2,2,-,-,,,-,-,-,77박스,108
218,기초,경상북도,영양군,환경보전과,경북 영양군 영양읍 군청길37,054-680-6510,영양군청 등,-,6,-,4,-,3,1161,12,12,2,-,1000000,-,140,1530
219,기초,경상북도,영주시,환경보호과,경상북도 영주시 시청로 1,054-639-6775,환경관리원 사무실 (창진로 106),1,-,1,-,4,1,-,-,-,-,-,-,-,-,-
220,기초,경상북도,영주시,환경보호과,경상북도 영주시 시청로 1,054-639-6793,한정교 창고 (지천로2번길 47),-,-,-,-,-,-,-,-,-,8,-,-,-,6 박스,280L
221,기초,경상북도,영주시,산림과,경상북도 영주시 시청로 1,054-639-6883,산불진화대 사무실 (적서공단로 92),9,-,-,-,-,-,-,-,-,-,-,-,-,-,-
222,기초,경상북도,영주시,유통지원과,경상북도 영주시 시청로 1,054-639-3954,농업기술센터 (안정면 안심리 131),-,-,-,-,-,9,-,-,-,-,-,-,-,-,-
223,기초,경상북도,영주시,기술지원과,경상북도 영주시 시청로 1,054-639-7394,농업기술센터 (안정면 안풍로 98),1,2,-,-,-,1,-,-,-,-,-,-,-,-,-
224,기초,경상북도,영주시,기술지원과,경상북도 영주시 시청로 1,054-639-3845,영주시 장수면 충효로2032번길 107-38,-,1,-,-,-,1,-,-,-,-,-,-,-,-,-
225,기초,경상북도,영주시,축산과,경상북도 영주시 시청로 1,054-639-7353,농업기술센터 (안정면 안심리 131),2,-,-,-,-,-,-,-,-,-,-,-,-,-,-
226,기초,경상북도,영주시,농업정책과,경상북도 영주시 시청로 1,054-639-7305,농업기술센터 (안정면 안심리 131),-,2,-,-,-,-,-,-,-,-,-,-,-,-,-
227,기초,경상북도,영주시,농촌지도과,경상북도 영주시 시청로 1,054-639-7377,농업기술센터 (안정면 안심리 131),-,-,-,-,-,5,-,-,-,-,-,-,-,-,-
228,기초,경상북도,영주시,건설과,경상북도 영주시 시청로 1,054-639-6717,도로보수원사무실 (한정로 88),-,2,-,1,2,-,-,-,-,-,-,-,-,-,-
229,기초,경상북도,영주시,환경사업소,경상북도 영주시 시청로 1,054-639-7787,환경사업소 (적서로 131),-,1,-,2,-,1,-,-,-,-,-,-,-,-,-
230,기초,경상북도,영주시,안전재난과,경상북도 영주시 시청로 1,054-639-5968,안전재난과 (영주시 시청로 1),-,-,-,-,-,-,253,3,-,-,-,-,-,-,-
231,기초,경상북도,영천시,환경보호과,경상북도 영천시 시청로 16,054-330-6483,영천시청 등,-,-,-,-,-,-,23,216,16,34,140,-,-,68박스,1026
232,기초,경상북도,예천군,환경관리과,경북 예천군 예천읍 충효로 111,054-650-6555,예천군순환형 매립장 창고,-,1,3,,1,1,-,-,-,-,-,-,-,35박스,40
233,기초,경상북도,예천군,환경관리과,경북 예천군 예천읍 충효로 111,054-650-6188,예천 1농공단지 공공폐수처리장,-,-,-,-,-,-,2,2,2,2,-,-,-,20박스,-
234,기초,경상북도,예천군,환경관리과,경북 예천군 예천읍 충효로 111,054-650-6188,예천 2농공단지 공공폐수처리장,-,-,-,-,-,-,1,6,8,1,-,-,-,-,-
235,기초,경상북도,예천군,축산과,경북 예천군 충효로 111,054-650-6287,양궁장 창고,-,-,-,-,-,-,4,-,-,-,-,-,-,-,-
236,기초,경상북도,예천군,건설교통과,경북 예천군 예천읍 충효로 111,054-650-6335,도로자재창고,-,1,-,-,-,-,-,-,-,-,-,120000,-,-,-
237,기초,경상북도,예천군,안전재난과,경북 예천군 예천읍 충효로 111,054-650-6151,예천군청 지하1층,-,-,-,-,-,-,79,106,90,107,-,-,-,-,-
238,기초,경상북도,예천군,맑은물사업소,경북 예천군 예천읍 충효로 111,054-650-6372,예천군 공공하수처리장,-,-,-,-,-,-,-,1,1,1,-,-,-,-,-
239,기초,경상북도,예천군,예천읍,경북 예천군 예천읍 군청앞길 2,054-650-8333,예천읍 행정복지센터 창고,-,-,-,-,-,-,560,-,-,-,-,-,-,4박스,-
240,기초,경상북도,예천군,호명읍,경북 예천군 호명읍 오천길 2,054-650-8594,호명읍 행정복지센터 창고,-,-,-,-,-,-,1157,-,-,-,-,-,-,8박스,-
241,기초,경상북도,예천군,용문면,경북 예천군 용문면 금당실길 54,054-650-8392,용문면 행정복지센터 창고,-,-,-,-,-,-,25,-,-,-,-,-,-,1박스,-
242,기초,경상북도,예천군,효자면,경북 예천군 효자면 도효자로 1481,054-650-6603,효자면 행정복지센터 창고,-,-,-,-,-,-,21,-,-,-,-,-,-,4박스,-
243,기초,경상북도,예천군,은풍면,경북 예천군 은풍면 은풍로 88,054-650-8473,은풍면 행정복지센터 창고,-,-,-,-,-,-,41,-,-,-,-,-,-,8박스,-
244,기초,경상북도,예천군,감천면,경북 예천군 감천면 충효로 1389,054-650-8514,감천면 행정복지센터 창고,-,-,-,-,-,-,64,-,-,-,-,-,-,8박스,-
245,기초,경상북도,예천군,보문면,경북 예천군 무근열길 3,054-650-8553,보문면 행정복지센터 창고,-,-,-,-,-,-,33,1,1,1,-,-,-,2박스,-
246,기초,경상북도,예천군,유천면,경북 예천군 유천면 예성로 699-8,054-650-8632,유천면 행정복지센터 창고,-,-,-,-,-,-,45,-,-,-,-,-,-,8박스,-
247,기초,경상북도,예천군,용궁면,경북 예천군 용궁면 읍부1길 45,054-650-8672,용궁면 행정복지센터 창고,-,-,-,-,-,-,51,-,-,-,-,-,-,7박스,-
248,기초,경상북도,예천군,개포면,경북 예천군 개포면 신음리길 28-8,054-650-8714,개포면 행정복지센터 창고,-,-,-,-,-,-,30,-,-,-,-,-,-,6박스,-
249,기초,경상북도,예천군,지보면,경북 예천군 지보면 지보로 126-5,054-650-8752,지보면 행정복지센터 창고,-,-,-,-,-,-,62,-,-,-,-,-,-,9박스,-
250,기초,경상북도,예천군,풍양면,경북 예천군 풍양면 낙상2길 50,054-650-8793,풍양면 행정복지센터 창고,-,-,-,-,-,-,60,-,-,-,-,-,-,3박스,-
251,기초,경상북도,울릉군,환경위생과,경상북도 울릉군 울릉읍 도동2길 66,054-790-6186,사동 폐기물 재활용 선별장 창고,-,-,-,-,-,-,-,-,-,-,-,-,-,34,-
252,기초,경상북도,의성군,환경축산과,경상북도 의성군 군청길 31,054-830-6179,"의성군청(의성,다인매립장)",1,3,-,-,-,2,4,4,4,4,-,-,-,100개/2박스,10
253,기초,경상북도,청도군,환경산림과,경상북도 청도군 화양읍 청화로 70,054-370-2187,청도군청 등,-,23,13,-,-,-,3,3,50,11,200,100,-,17박스,360
254,기초,경상북도,칠곡군,환경관리과,경상북도 칠곡군 왜관읍 군청1길 80,054-979-6692,칠곡군청,-,-,-,-,-,-,6,7,7,7,120,-,-,33,240L
255,기초,경상북도,포항시,환경정책과,포항시 남구 시청로 1,054-270-3113,포항시청 등,1,2,-,-,-,-,5,20,30,10,-,80,40,18,10
256,기초,경상남도,거제시,기후환경과,경상남도 거제시 계룡로 125(고현동) 거제시청,055-639-3933,거제시청 등,-,58,1,2,-,1,1946,11,24,4,-,25690,-,15박스,72
257,기초,경상남도,거창군,환경과,경상남도 거창군 거창읍 중앙로 103,055-940-3514,거창군청 등,-,-,-,-,-,-,3,52,-,3,-,80,-,37박스,162
258,기초,경상남도,김해시,환경정책과,경상남도 김해시 김해대로 2401,055-330-2733,김해시청 등,-,-,-,-,-,-,17,30,93,20,50,50,-,12,-
259,기초,경상남도,김해시,자원순환과,경상남도 김해시 김해대로 2401,055-330-3384,김해시청 등,-,-,1,-,5,-,-,-,-,-,-,-,-,-,-
260,기초,경상남도,남해군,환경과,경상남도 남해군 남해읍 에코파크길 65-10,055-860-3273,남해군청,-,2,1,2,-,2,2,2,2,2,-,-,-,6박스,144
261,기초,경상남도,밀양시,환경관리과,경상남도 밀양시 밀양대로 2047,055-359-5308,밀양시청등,-,-,-,-,-,-,-,-,-,-,-,모래주머니 4000개,-,40박스,300L
262,기초,경상남도,사천시,환경보호과,사천시 용현면 시청로 77,055-831-2777,"시청, 창고 등",2,4,-,-,3,1,91,41,-,-,-,-,-,-,342L
263,기초,경상남도,산청군,환경위생과,경상남도 산청군 산청읍 산엔청로 1,055-970-7122,산청군청 등,-,2,2,-,1,2,-,20,20,10,-,100,-,25박스,126L
264,기초,경상남도,양산시,수질관리과,경남 양산시 중앙로 39,055-392-3582,양산시청 창고,-,-,-,-,-,-,5,5,5,3,150,-,-,8박스,50
265,기초,경상남도,진주시,기후환경과,경상남도 진주시 동진로 155,055-749-8655,진주시청 등,-,4,-,3,-,9,80,-,-,-,480,-,-,3박스,522
266,기초,경상남도,창녕군,환경위생과,경상남도 창녕군 창녕읍 군청길1,055-530-1614,창녕군청,-,-,-,-,-,-,-,-,160,18,-,-,-,61박스,234
267,기초,경상남도,창원시,안전총괄담당관,경상남도 창원시 성산구 중앙대로 151,055-225-4493,민방위창고,-,-,-,-,-,-,100,-,-,-,-,-,-,-,-
268,기초,경상남도,창원시,재난대응담당관,경상남도 창원시 성산구 중앙대로 151,055-225-4516,-,-,-,-,-,-,-,-,-,-,-,-,-,-,-,-
269,기초,경상남도,창원시,건설도로과,경상남도 창원시 성산구 중앙대로 151,055-225-4556,-,-,-,-,-,-,-,-,-,-,-,-,-,-,-,-
270,기초,경상남도,창원시,환경정책과,경상남도 창원시 성산구 중앙대로 151,055-225-3533,창원시청,-,-,-,-,-,-,-,-,-,-,-,-,-,20,54
271,기초,경상남도,창원시 의창구,안전건설과,경상남도 창원시 의창구 원이대로 80,055-212-4655,팔용동자재창고,-,-,-,-,-,-,210,-,-,-,-,-,-,-,-
272,기초,경상남도,창원시 성산구,안전건설과,경상남도 창원시 성산구 창원대로 1086(성주동),055-272-4654,-,-,-,-,-,-,-,-,-,3,-,-,-,-,-,-
273,기초,경상남도,창원시 마산합포구,안전건설과,경상남도 창원시 마산합포구 3·15대로 210,055-220-4659,-,-,-,-,-,-,-,-,-,-,-,-,-,-,-,-
274,기초,경상남도,창원시 마산회원구,안전건설과,경상남도 창원시 마산회원구 삼호로 63,055-230-4656,-,-,-,-,-,-,-,-,-,-,-,-,-,-,-,-
275,기초,경상남도,창원시 진해구,안전건설과,창원시 진해구 진해대로 1101,055-548-4656,-,-,-,-,-,-,-,-,-,-,-,-,-,-,-,-
276,기초,경상남도,창원시 의창구,환경과,경상남도 창원시 의창구 원이대로 80,055-212-4573,의창구청 등,-,-,-,-,-,-,1,3,60,30,-,-,-,20박스,54
277,기초,경상남도,창원시 성산구,환경과,경상남도 창원시 성산구 창원대로 1086(성주동),055-272-4573,성산구청,-,-,-,-,-,-,-,-,-,3,-,-,-,30박스,54
278,기초,경상남도,창원시 마산합포구,환경과,경상남도 창원시 마산합포구 3·15대로 210,055-220-4573,마산합포구청 내,-,-,-,-,-,-,-,30,-,14,-,-,-,20박스,200
279,기초,경상남도,창원시 마산회원구,환경과,경상남도 창원시 마산회원구 삼호로 63,055-230-4573,마산회원구청 등,-,-,-,-,-,-,-,11,-,20,-,-,-,80박스,66
280,기초,경상남도,창원시 진해구,환경과,창원시 진해구 진대해로 1101,055-548-4573,진해구청,-,-,-,-,-,-,-,10,20,10,-,-,-,13박스,64
281,기초,경상남도,통영시,환경과,경상남도 통영시 통영해안로 515,055-650-5425,통영시청 등,-,-,-,-,-,-,-,-,-,-,-,-,-,11개/35박스,-
282,기초,경상남도,통영시,자원순환과,경상남도 통영시 통영해안로 515,055-650-1333,통영환경자원화센터,-,-,2,-,-,1,-,-,-,-,-,-,-,-,-
283,기초,경상남도,하동군,환경보호과,경상남도 하동군 하동읍 군청로 23,055-880-2574,수도사업과 창고 등,-,-,-,-,-,-,5,5,5,5,-,-,-,"8박스(200매/1박스), 10박스(100매/1박스)",-
284,기초,경상남도,함안군,환경과,경상남도 함안군 가야읍 말산로 1,055-580-2423,함안군청 등,-,1,1,-,-,2,-,-,-,-,-,"약 6,000",-,37박스,18L
285,기초,경상남도,함양군,환경정책과,경상남도 함양군 함양읍 고운로 35,055-960-6116,"함양군 폐기물종합처리장, 가축분뇨처리장",-,-,2,-,-,1,-,5,35,30,-,-,-,43,45
286,기초,충청북도,괴산군,환경과,충북 괴산군 괴산읍 임꺽정로90,043-830-3623,괴산군청 등,0,5,9,0,0,12,0,0,20,10,0,0,0,13박스,756
287,기초,충청북도,단양군,환경과,충북 단양군 단양읍 중앙1로 10,043-420-2664,창고,-,-,-,-,-,-,-,20,20,5,-,-,-,43박스,30
288,기초,충청북도,보은군,환경위생과,충북 보은군 보은읍 군청길 38,043-540-3532,-,-,2,-,2,1,2,6,4,10,4,-,-,-,19,100
289,기초,충청북도,영동군,환경과,충북 영동군 영동읍 동정로 1,043-740-3428,자원순환센터 등,-,-,11,-,-,1,-,5,-,5,-,80,-,35박스,486
290,기초,충청북도,옥천군,환경과,충북 옥천군 옥천읍 중앙로 99,043-730-3443,환경과 창고,-,-,-,-,-,-,-,-,-,-,-,-,-,30박스,-
291,기초,충청북도,옥천군,상하수도사업소,충북 옥천군 옥천읍 동부로 15,043-730-4855,정수장 창고,-,-,-,-,-,-,-,-,-,-,-,-,-,8박스,-
292,기초,충청북도,음성군,재난안전과,충북 음성군 음성읍 중앙로 173,043-871-3262,음성군 민방위장비 보관창고,-,-,-,-,-,-,532,-,-,-,-,-,-,70개,-
293,기초,충청북도,음성군,감곡면,충북 음성군 감곡면 음성로 2652,043-871-2943,감곡면 행정복지센터,-,1,-,-,-,-,-,-,-,-,-,-,-,-,-
294,기초,충청북도,음성군,청소위생과,충북 음성군 음성읍 문화1길 15,043-871-5493,음성군 폐가전집하장,-,-,-,-,-,1,-,-,-,-,-,-,-,-,-
295,기초,충청북도,음성군,청소위생과,충북 음성군 음성읍 문화1길 15,043-871-5493,음성군 생활폐기물 청소차 차고지,-,-,-,-,-,1,-,-,-,-,-,-,-,-,-
296,기초,충청북도,음성군,축산식품과,충북 음성군 음성읍 용광로 81-5,043-871-3722,축산식품과,1,-,-,-,-,-,-,-,-,-,-,-,-,-,-
297,기초,충청북도,음성군,환경과,충북 음성군 음성읍 문화1길 15,043-871-3815,음성군 환경과,-,-,-,-,-,-,-,-,2,-,-,-,-,16개,-
298,기초,충청북도,음성군,금왕읍,충북 음성군 금왕읍 무극로 221,043-871-2597,금왕읍 행정복지센터,-,8,-,-,-,-,-,-,-,-,-,-,-,-,-
299,기초,충청북도,음성군,농업지원과,충북 음성군 음성읍 용광로 81-5,043-871-1952,음성군 농업기술센터,-,9,-,4,-,5,-,-,-,-,-,-,-,-,-
300,기초,충청북도,음성군,복지정책과,충북 음성군 음성읍 중앙로 173,043-871-3329,음성군 재해구호창고,-,-,-,-,-,-,15,-,-,-,-,-,-,-,-
301,기초,충청북도,음성군,보건정책과,충북 음성군 음성읍 중앙로 49,043-871-2222,음성군 보건소,-,-,-,-,-,-,-,770,1800,-,-,-,-,-,-
302,기초,충청북도,음성군,음성읍,충북 음성군 음성읍 신천리 1475,043-871-2535,음성읍 행정복지센터,-,-,-,-,-,-,-,-,-,-,-,-,-,10개,-
303,기초,충청북도,제천시,자연환경과,충북 제천시 내토로 295,043-641-6392,제천시청,-,-,-,-,-,-,-,14,8,30,-,-,10000,29,216(L)
304,기초,충청북도,증평군,환경위생과,충북 증평군 증평읍 광장로 88,043-835-3623,수질개선사업소 창고,-,-,-,-,-,-,-,-,6,4,-,-,450,25박스,240
305,기초,충청북도,진천군,환경과,충북 진천군 진천읍 상산로 13,043-539-3454,진천군청,-,-,-,-,-,-,-,6,2,13,-,-,-,20박스,-
306,기초,충청북도,청주시,재난대응과,충북 청주시 상당구 상당로 69번길 38,043-201-1653,청주시청 등,-,-,-,-,-,-,20,24,15,20,60,-,50,-,-
307,기초,충청북도,충주시,대기환경과,충북 충주시 으뜸로 21,043-850-3673,"충주시청 지하창고, 읍면동 주민센터",-,-,-,-,-,-,2481,4,36,4,-,-,-,4 (케미칼패드 5box 보유),250
308,기초,충청북도,충주시,자원순환과,"충북 충주시 낙수당1길 41, 대형폐기물처리센터(칠금동)",043-850-6989,대형폐기물처리센터,-,1,1,1,-,1,-,-,-,-,-,-,-,-,-
309,광역,충청남도,충청남도,천안동남소방서,충청남도 천안시 동남구 천안대로 580,041-570-0313,천안동남소방서,-,-,-,-,-,-,31,20,14,7,195,"2,892",565,12박스,-
310,광역,충청남도,충청남도,천안서북소방서,충청남도 천안시 서북구 4산단2길 32,041-360-0313,천안서북소방서,-,-,-,-,-,-,-,86,18,2,175,"4,160",2120,1900/19,-
311,광역,충청남도,충청남도,공주소방서,충청남도 공주시 무령로 55,041-851-0313,공주소방서 등,-,-,-,-,-,-,-,-,-,-,120,-,875,111박스,-
312,광역,충청남도,충청남도,보령소방서,충청남도 보령시 성주산로 63,041-930-0311,보령소방서,-,-,-,-,-,-,15,16,57,3,-,195,769,100/17,-
313,광역,충청남도,충청남도,아산소방서,충청남도 아산시 모종로 77,041-538-0311,아산소방서,-,-,-,-,-,-,-,94,59,4,80,1220,1130,7000/70,-
314,광역,충청남도,충청남도,서산소방서,충청남도 서산시 호수공원14로 26-4,041-689-0311,서산소방서,-,-,-,-,-,-,-,25,25,25,-,-,500,10박스,-
315,광역,충청남도,충청남도,논산소방서,충청남도 논산시 대학로 17,041-730-0313,논산소방서,-,-,-,-,-,-,2,15,2,2,320,95,730,100/7박스,-
316,광역,충청남도,충청남도,계룡소방서,충청남도 계룡시 문화로 32,042-540-0311,계룡소방서,-,-,-,-,-,-,10,12,6,9,,,1150,750개/9박스,-
317,광역,충청남도,충청남도,당진소방서,충청남도 당진시 역천로 838,041-350-5313,당진소방서,-,-,-,-,-,-,33,20,12,5,60,500,950,7200/72,-
318,광역,충청남도,충청남도,금산소방서,충청남도 금산군 삼풍로 2,041-750-1312,금산소방서 등,-,-,-,-,-,-,-,10,19,10,125,-,350,11,-
319,광역,충청남도,충청남도,부여소방서,충청남도 부여군 규암면 계백로 17,041-830-0311,부여소방서,-,-,-,-,-,-,5,18,4,4,200,,300,600/6,-
320,광역,충청남도,충청남도,서천소방서,충청남도 서천군 장항읍 장항로 37,041-955-0313,서천소방서 등,-,-,-,-,-,-,-,21,11,19,88,-,1400,10,-
321,광역,충청남도,충청남도,청양소방서,충청남도 청양군 청양읍 충절로 1187,041-940-7312,청양소방서 등,-,-,-,-,-,-,11,6,25,9,460,-,725,10박스,-
322,광역,충청남도,충청남도,홍성소방서,충청남도 홍성군 홍성읍 충절로 741,041-630-0312,홍성소방서 등,-,-,-,-,-,-,22,23,51,4,180,-,1025,29박스,-
323,광역,충청남도,충청남도,예산소방서,충청남도 예산군 오가면 오가중앙로111,041-330-4312,예산소방서,-,-,-,-,-,-,64,47,88,7,0,75,1060,18,-
324,광역,충청남도,충청남도,태안소방서,충청남도 태안군 태안읍 동백로 100,041-671-0311,태안소방서,-,-,-,-,-,-,6,17,28,5,80,12,300,380/8,-
325,광역,충청남도,충청남도,119특수대응단,충청남도 아산시 염치읍 은행나무길223,041-590-6433,직할구조대,-,-,-,-,-,-,5,83,14,5,8,200,675,15,-
326,광역,충청남도,충청남도,사회재난과,충청남도 홍성군 홍북읍 충남대로 21,041-635-2373,재난관리자원 통합관리센터,-,-,-,-,-,1,200,50,14130,-,-,2000,-,"13,380개",-
327,광역,충청남도,충청남도,환경관리과,충청남도 홍성군 홍북읍 충남대로 22,041-635-6909,대산읍 서북부권환경관리팀,-,-,-,-,-,-,15,20,40,-,-,-,-,2450,-
328,기초,충청남도,계룡시,환경위생과,충청남도 계룡시 장안로 46,042-840-2472,계룡시청 등,-,-,-,-,1,-,-,-,-,19,-,-,-,58,220
329,기초,충청남도,공주시,환경보호과,충청남도 공주시 봉황로 1,041-840-8549,공주시청 등,-,-,2,-,24,-,-,-,20,5,-,-,-,59박스,53
330,기초,충청남도,금산군,환경위생과,충청남도 금산군 금산읍 군청길 13,041-750-2512,금산군 위생매립장,-,2,16,-,1,2,4,4,4,4,-,,-,50박스,162
331,기초,충청남도,논산시,환경과,충청남도 논산시 시민로210번길 9,041-746-5523,논산시청 등,-,1,-,-,-,-,6,18,6,6,-,-,-,27박스,396L
332,기초,충청남도,당진시,도로과,충청남도 당진시 시청1로 1,041-350-3306,당진시청 등,-,-,6,-,-,-,-,-,-,-,-,-,-,-,-
333,기초,충청남도,당진시,자원순환과,충청남도 당진시 시청1로 1,041-350-3306,당진시청 등,-,2,-,-,-,-,-,-,-,-,-,-,-,-,-
334,기초,충청남도,당진시,환경관리사업소,충청남도 당진시 시청1로 1,041-360-6761,"당진시 가축분뇨자원화센터, 폐기물매립장",-,-,-,-,-,-,-,-,-,10,-,-,-,10,-
335,기초,충청남도,보령시,기후환경과,충청남도 보령시 성주산로 77,041-930-3677,보령시청 등,-,1,-,-,-,-,-,-,-,-,-,-,-,80박스,1024
336,기초,충청남도,부여군,환경과,충청남도 부여군 부여읍 사비로 33,041-830-2299,부여군청 등,-,3,-,,,,5,10,10,5,-,-,-,9박스,230L
337,기초,충청남도,서산시,기후환경대기과,충청남도 서산시 고운로 177,041-661-8278,서산시청 등,-,8,-,1,2,3,24,15,15,10,,,,5,-
338,기초,충청남도,서천군,환경보호과,충청남도 서천군 서천읍 서림로 19,041-950-4332,장항읍 옥남리 1077,-,1,-,2,,1,23,20,10,10,-,100,-,10,-
339,기초,충청남도,아산시,환경보전과,충청남도 아산시 시민로 456,041-540-2440,아산시청,-,-,-,-,-,-,2,4,16,8,-,-,-,20박스,580
340,기초,충청남도,예산군,환경과,충청남도 예산군 예산군 군청로 22,041-339-7512,예산군맑은누리센터 등,-,-,-,-,-,-,-,-,-,3,-,-,-,-,1062
341,기초,충청남도,천안시,환경정책과,천안시 서북구 번영로 156,041-521-5437,천안시청 등,-,-,-,-,-,-,16,4,20,18,480,-,-,9박스,-
342,기초,충청남도,청양군,환경정책과,충청남도 청양군 청양읍 문화예술로 222,041-940-4825,자원순환센터,-,2,3,-,-,3,5,5,5,5,-,-,-,10박스,-
343,기초,충청남도,청양군,건설정책과,충청남도 청양군 청양읍 문화예술로 222,041-940-2984,청양군청,-,2,-,-,-,-,-,-,-,-,-,-,-,-,-
344,기초,전라남도,태안군,환경관리과,충청남도 태안군 군청길 1,041-670-2790,태안군 등,-,1,-,-,-,-,-,-,-,-,-,-,-,-,-
345,기초,충청남도,홍성군,환경과,충청남도 홍성군 홍성읍 아문길 27,041-630-1767,홍성군청 등,-,-,-,-,-,-,5242,31,31,31,-,-,-,45,540
346,광역,전북특별자치도,전북특별자치도,생활환경과,전북 전주시 완산구 효자로 225,063-280-4179,-,-,-,-,-,-,-,-,-,-,-,-,-,-,-,-
347,기초,전북특별자치도,고창군,환경위생과,전북 고창군 아산면 인천강변로 201-95,063-560-2881,창고 등,-,2,19,1,2,2,-,-,-,-,-,-,-,4800/48,2952
348,기초,전북특별자치도,군산시,기후환경과,전북 군산시 시청로 17,063-454-3403,군산시청 외,2,8,,1,-,,40,40,20,20,-,600,160,"1,000박스",
349,기초,전북특별자치도,김제시,자원순환과,"전북 김제시 동서로 59, 3층",063-540-3776,김제시청,-,-,2,-,-,-,-,-,-,-,-,-,-,-,-
350,기초,전북특별자치도,김제시,건설과,전북 김제시 중앙로 40,063-540-3434,김제시 도로관리사무소,,1,,1,,,,,,,,,,,
351,기초,전북특별자치도,김제시,환경과,전북 김제시 중앙로 40,063-540-3974,김제시청,,,,,,,,,,,,,,36,846
352,기초,전북특별자치도,남원시,환경과,전북 남원시 시청로 60,063-620-6913,남원시청 등,1,1,3,2,2,1,46,55,40,13,-,-,-,41박스,-
353,기초,전북특별자치도,무주군,환경과,전북 무주군 무주읍 주계로 97,063-320-2388,무주군 다목적창고 등,0,1,0,0,0,1,3,48,20,4,0,0,0,6박스,34
354,기초,전북특별자치도,부안군,환경사업소,전북 부안군 줄포면 분탕골로 215-33,063-580-3152,환경사업소,-,2,-,-,-,2,-,-,-,-,-,-,-,-,-
355,기초,전북특별자치도,부안군,환경사업소,전북 부안군 줄포면 분탕골로 215-33,063-580-4125,환경사업소,-,-,4,-,2,1,-,-,-,-,-,-,-,-,-
356,기초,전북특별자치도,부안군,환경과,전북 부안군 부안읍 당산로 91,063-580-4382,환경과 창고,,,,,,,25,13,60,52,,,,20,
357,기초,전북특별자치도,완주군,환경위생과,전북 완주군 용진읍 지암로 61,063-290-2692,완주군청 등,,1,8,1,2,,,,,,,,,5,
358,기초,전북특별자치도,익산시,환경관리과,전북 익산시 인북로32길 1,063-859-5437,익산시청 등,-,-,-,-,-,-,-,-,20,20,-,-,-,50,-
359,기초,전북특별자치도,임실군,환경보호과,전북 임실군 임실읍 수정로 30,063-640-2963,임실군청 등,-,-,-,-,-,-,4,4,4,4,-,-,-,20박스,-
360,기초,전북특별자치도,장수군,환경과,전북자치도 장수군 장수읍 호비로 10,063-350-2531,장수군청 등,-,1,-,1,-,-,-,2,12,-,-,-,-,9.5,60
361,기초,전북특별자치도,전주시,환경위생과,전라북도 전주시 노송광장로 10,063-281-2531,"덕진구청, 완산구청 등",-,2,8,-,-,-,-,77,22,39,-,-,-,34박스,180L (액상 유흡착제)
362,기초,전북특별자치도,정읍시,환경정책과,전북 정읍시 충정로 234,063-539-5713,정읍시청 등,-,6,3,12,-,-,10,10,24,15,-,-,-,48박스,-
363,기초,전북특별자치도,진안군,안전재난과,전북 진안군 진안읍 중앙로 67,063-430-2445,진안군청 및 행정복지센터,-,-,-,-,-,-,63,219,3,-,-,-,-,358박스,-
364,기초,전북특별자치도,진안군,재무과,전북 진안군 진안읍 중앙로 67,063-430-2275,"진안군청, 농업기술센터 및 행정복지센터",-,-,15,-,-,-,-,-,-,-,-,-,-,-,-
365,광역,전라남도,전라남도,기후대기과,전라남도 순천시 매안로 16,061-286-7942,전라남도 동부지역본부 등,-,-,-,-,-,-,54,-,200,6,-,-,-,200/2,-
366,기초,전라남도,목포시,기후환경과,전라남도 목포시 수문로 32,061-270-3318,트윈스타 내 창고,-,-,-,-,-,-,-,10,-,50,-,-,-,5,394
367,기초,전라남도,여수시,산단환경관리과,전라남도 여수시 삼동2길 13,061-659-2820,남수가압장 등,-,-,-,-,-,-,14,76,74,48,,,,65,108
368,기초,전라남도,순천시,환경관리과,전라남도 순천시 이수로 13 (장천동),061-749-5769,순천시청,-,6,14,-,2,1,-,-,-,-,-,-,-,22,250
369,기초,전라남도,나주시,환경관리과,전라남도 나주시 시청길 22,061-339-8933,나주시청 등,-,-,-,-,-,-,-,-,-,-,-,-,-,50박스,50kg
370,기초,전라남도,광양시,환경과,전라남도 광양시 시청로 33,061-797-3332,광양시청 등,-,-,-,-,-,-,-,-,-,-,-,-,-,40박스,18
371,기초,전라남도,담양군,환경과,전라남도 담양군 담양읍 추성로 1371,061-380-3068,담양군청 등,-,1,1,-,-,1,3,10,10,3,-,-,-,700개,-
372,기초,전라남도,곡성군,환경과,전라남도 곡성군 곡성읍 군청로 50,061-360-8531,"구 곡성위생처리장, 환경과 물품보관 창고",-,-,-,-,-,-,-,7,-,5,-,-,-,65,300
373,기초,전라남도,구례군,환경과,전라남도 구례군 구례읍 봉성로 1,061-780-2982,구례군청,-,-,-,-,-,-,3,3,3,3,-,-,-,20박스,522
374,기초,전라남도,고흥군,환경정책과,전라남도 고흥군 고흥읍 고흥군청로 1,061-830-5834,고흥군 폐기물처리장 창고,-,1,1,-,-,1,-,792,100,20,-,-,-,53,"1,260"
375,기초,전라남도,보성군,기후환경과,전라남도 보성군 송재로 165,061-850-5354,"겸백면, 율어면, 복내면, 문덕면 창고",-,-,-,-,-,-,-,-,-,5,-,-,-,197박스,180
376,기초,전라남도,보성군,"12개 읍,면",-,-,"보성읍, 벌교읍, 노동면, 미력면, 겸백면, 율어면, 복내면, 문덕면, 조성면, 득량면, 회천면, 웅치면 주민복지계 창고",-,-,-,-,-,-,-,-,-,17,-,-,-,117박스,144
377,기초,전라남도,화순군,환경과,전라남도 화순군 화순읍 동헌길 23,061-379-3603,전라남도 화순군 한천면 덕음로 548(농촌폐기물종합처리장) 등,-,1,9,-,-,1,-,-,-,-,-,-,-,178박스,"1,278"
378,기초,전라남도,화순군,건설교통실,전라남도 화순군 화순읍 동헌길 23,061-379-3751,전라남도 화순군 화순읍 서태리 199-1(도로보수원실),-,1,-,-,-,-,-,-,-,-,-,-,-,-,-
379,기초,전라남도,화순군,주민안전과,전라남도 화순군 화순읍 동헌길 23,061-379-3749,전라남도 화순군 화순읍 삼천리 1012-7,-,1,-,-,-,-,-,-,-,-,-,-,-,-,-
380,기초,전라남도,화순군,화순읍,전라남도 화순군 화순읍 중앙로 20-4,061-379-5153,전라남도 화순군 덕음로 981-12,-,-,4,-,1,-,-,-,-,-,-,-,-,-,-
381,기초,전라남도,장흥군,환경관리과,전남 장흥군 부산면 덕정길 206,061-860-7834,그린환경센터,-,2,1,-,-,1,-,-,-,-,-,-,-,-,-
382,기초,전라남도,장흥군,재난안전과,전남 장흥군 장흥읍 잣두1길 43,061-860-6172,재난안전과 구호창고,-,-,-,-,-,,390,-,2000,-,-,-,-,800,-
383,기초,전라남도,강진군,환경과,전라남도 강진군 강진읍 탐진로 111,061-430-3303,강진군청 등,-,1,-,-,-,2,-,-,-,-,-,-,-,2박스,-
384,기초,전라남도,해남군,환경과,전라남도 해남군 해남읍 군청길 4,061-530-5644,위생매립장 창고,-,1,-,-,-,1,-,-,4,4,-,-,-,9박스,450
385,기초,전라남도,영암군,건설교통과,전라남도 영암군 군청로 1,061-470-2729,도로시설팀 사무실 (영암군 낭주로 221),-,1,-,-,-,-,-,-,-,-,-,-,-,-,-
386,기초,전라남도,영암군,환경기후과,전라남도 영암군 군청로 1,061-470-2328,영암군청내,-,-,-,-,-,-,-,-,-,-,160,-,-,15박스,648
387,기초,전라남도,무안군,환경과,전라남도 무안읍 무안로 530,061-450-5569,남악주민다목적생활체육관,-,-,-,-,-,-,19,19,19,19,-,-,-,19개,-
388,기초,전라남도,함평군,환경관리과,전라남도 함평군 함평읍 중앙길 200,061-320-1813,함평군청,-,-,-,-,-,-,-,-,-,-,-,-,-,8박스,-
389,기초,전라남도,영광군,환경과,전남 영광군 영광읍 중앙로 203,061-350-4754,영광군청 등,-,-,-,-,-,-,4,4,4,4,-,-,-,100개/35박스,480
390,기초,전라남도,장성군,환경과,전라남동 장성군 장성읍 영천로 200,061-390-7337,장성군청,-,1,-,-,-,2,-,-,-,-,-,-,-,5000개/25박스,180
391,기초,전라남도,완도군,환경수질관리과,전라남도 완도군 완도읍 농공단지7길 44,061-550-5506,완도군 분뇨처리장,-,-,-,-,-,-,-,4,4,4,-,-,-,5박스,400
392,기초,전라남도,진도군,환경수질과,전라남도 진도군 진도읍 철마길 25,061-540-3723,환경관리센터 등,1,2,1,-,-,1,3,3,-,3,-,-,-,10박스,-
393,기초,전라남도,신안군,세계유산과,전라남도 신안군 압해로 천사로 1004,061-240-8153,-,-,-,13,-,3,2,-,20,10,4,1112,80,-,15박스,"1,080"
394,기초,강원특별자치도,강릉시,환경과,강원 강릉시 강릉대로 33,033-640-5356,강릉시청 등,-,-,-,-,-,-,9,9,9,9,-,80,-,52,460
395,기초,강원특별자치도,고성군,환경과,강원 고성군 죽왕면 짱고개길 253,033-680-3982,-,1,1,0,0,2,0,0,0,0,0,0,0,0,0,
396,기초,강원특별자치도,고성군,환경과,강원 고성군 죽왕면 짱고개길 253,033-680-3823,-,2,1,0,0,1,4,4,4,21,"20,000",0,0,0,0,
397,기초,강원특별자치도,고성군,환경과,강원 고성군 간성읍 탑동길 59,033-680-3992,-,0,0,1,0,0,0,0,0,0,0,0,0,0,0,
398,기초,강원특별자치도,고성군,환경과,강원 고성군 간성읍 고성중앙길9,033-680-3343,-,0,0,0,0,0,13,28,13,13,0,0,0,200,0,
399,기초,강원특별자치도,동해시,환경과,강원 동해시 천곡로 77,033-530-2366,동해시 폐기물종합단지 등,-,1,4,-,1,1,0,0,0,0,-,500,-,10박스,120
400,기초,강원특별자치도,속초시,친환경과,강원 속초시 중앙로 183,033-639-1578,친환경과 창고,-,2,-,-,-,-,-,20,24,13,940,-,-,22,324
401,기초,강원특별자치도,양구군,환경과,강원 양구군 관공서로 38,033-480-7284,양구군청 등,-,-,-,-,-,-,-,10,10,10,-,-,-,15(박스),-
402,기초,강원특별자치도,양양군,환경과,강원 양양군 양양읍 군청길 1,033-670-2182,환경자원센터 등,0,1,1,1,0,0,1929,0,0,0,0,0,0,14박스,45
403,기초,강원특별자치도,영월군,환경위생과,강원 영월군 영월읍 하송로 64,033-370-2157,환경위생과 보관창고 등,-,-,-,-,-,-,5,5,5,5,-,-,-,24박스,-
404,기초,강원특별자치도,인제군,환경보호과,강원 인제군 인제읍 인제로187번길 8,033-460-4453,인제군청,1,4,2,1,1,3,"19,120",122,20,15,,,,52,72
405,기초,강원특별자치도,정선군,환경과,강원 정선군 정선읍 봉양3길 21,033-560-2354,정선군청 등,-,1,4,-,-,2,5,5,5,5,-,-,-,94박스,14개
406,기초,강원특별자치도,춘천시,자원순환과,강원 춘천시 시청길11,033-250-3127,-,-,-,1,1,5,-,-,-,-,-,-,-,-,-,-
407,기초,강원특별자치도,태백시,환경과,강원 태백시 태붐로 21,033-550-3974,태백시청 등,1,2,2,1,2,3,5,5,,5,-,-,-,"100개/5박스, 50개/2박스",400
408,기초,강원특별자치도,평창군,환경과,강원 평창군 평창읍 군청길 77,330-2333,컨테이너 창고,,,,,,,,,,4,,,,18,6
409,기초,강원특별자치도,홍천군,환경과,강원 홍천군 홍천읍 석화로 93,033-430-2625,홍천군청,-,-,-,-,-,-,-,37,-,7,40,-,-,11박스,-
410,기초,강원특별자치도,횡성군,환경과,강원 횡성군 횡성읍 태기로 15,033-340-2434,횡성군청,0,0,0,0,0,0,0,0,0,0,0,0,0,51박스 (100매/박스),33박스 (18L/박스)
411,광역,제주특별자치도,-,보건환경연구원,제주 제주시 삼동길 41,064-710-6066,보건환경연구원,-,-,-,-,-,-,58,3,-,-,-,-,-,-,-
412,광역,제주특별자치도,-,민속자연사박물관,제주 제주시 삼성로 40,064-710-7705,민속자연사박물관 운영과,-,-,-,-,-,-,11,-,-,-,-,-,-,-,-
413,광역,제주특별자치도,-,동물위생시험소,제주시 조천읍 번영로 941,064-710-8572,동물위생시험소 실험실 및 창고 등,-,-,-,1,-,-,211,158,179,13,-,-,-,3박스(50/box),-
414,광역,제주특별자치도,-,제주농업기술센터,제주시 애월읍 상귀길 173,064-760-7744,제주농업기술센터,-,21,-,1,-,1,-,-,-,-,-,-,-,-,-
415,광역,제주특별자치도,-,서귀포농업기술센터(본소),서귀포시 남원읍 중산간동로 7415,064-760-7851,서귀포농업기술센터(본소),-,15,-,1,-,2,-,-,-,-,-,-,-,-,-
416,광역,제주특별자치도,-,서귀포농업기술센터(분소),서귀포시 중산간서로 207,064-760-7881,서귀포농업기술센터(분소),-,5,-,-,-,-,-,-,-,-,-,-,-,-,-
417,광역,제주특별자치도,-,동부농업기술센터(본소),제주시 구좌읍 충렬로 166,064-760-7651,동부농업기술센터(본소),-,16,-,-,-,1,-,-,-,-,-,-,-,-,-
418,광역,제주특별자치도,-,동부농업기술센터(분소),서귀포시 표선면 서성일로 138,064-760-7681,동부농업기술센터(분소),-,11,-,-,-,1,-,-,-,-,-,-,-,-,-
419,광역,제주특별자치도,-,서부농업기술센터,제주시 한림읍 월림7길 90,064-760-7951,서부농업기술센터,-,26,-,1,-,1,-,-,-,-,-,-,-,-,-
420,광역,제주특별자치도,-,사회재난과,제주시 조천읍 함와로 296,064-710-3633,재난관리자원 통합관리센터,-,-,-,-,-,-,-,"1,000","2,000",-,-,-,-,"8,290\*",-
421,기초,제주특별자치도,서귀포시,안전총괄과,제주 서귀포시 중앙로105(서귀포시청),064-760-3173,서귀포시청,-,-,-,-,-,-,200,50,-,-,-,-,-,-,-
422,기초,제주특별자치도,서귀포시,예래동,제주 서귀포시 예래로 67 (상예동),064-760-4855,예래동주민센터,-,-,-,-,-,-,308,100,-,30,-,1500,-,500,-
423,기초,제주특별자치도,서귀포시,생활환경과,"제주 서귀포시 산록남로1241번길 145(색달동, 서귀포쓰레기위생매립장)",064-760-3853,"색달매립장 주차장, 침출수처리동 등",1,3,1,-,-,2,-,2,20,2,,,-,-,-
424,기초,제주특별자치도,서귀포시,생활환경과,서귀포시 산록남로 1241번길 163,064-760-3783,남부환경관리센터,-,-,2,-,-,2,-,-,-,-,-,-,-,70개,-
425,기초,제주특별자치도,서귀포시,생활환경과,서귀포시 산록남로 1241번길 145,064-760-3782,생활자원회수센터,-,-,1,6,-,2,-,-,-,-,-,-,-,-,-
426,기초,제주특별자치도,제주시,건입동,제주시 만덕로 18(건입동),064-728-4669,건입동주민센터 수방자재창고,-,-,-,-,-,-,526,-,-,20,-,500포,-,146개,-
427,기초,제주특별자치도,제주시,119재난대응과,제주 제주시 중앙로 342,064-729-0174,구조대 장비보관함,-,-,-,-,-,-,0,6,6,6,-,-,-,-,-
428,기초,제주특별자치도,제주시,연동,제주시 연동 신대로 101,064-728-4835,연동주민센터,-,-,-,-,-,-,-,-,-,-,-,-,-,1박스,-
429,기초,제주특별자치도,제주시,구좌읍,제주시 구좌읍 일주동로 3116,064-728-7716,구좌읍사무소,-,-,-,-,-,-,777,-,-,-,-,-,-,-,-
430,기초,제주특별자치도,제주시,오라동,제주 제주시 오라로10길 6,064-728-4814,오라동 주민센터,-,-,-,-,-,-,"1,068",-,-,-,-,250,-,-,-
431,기초,제주특별자치도,제주시,삼도1동,제주시 전농로 40,064-728-8083,삼도1동주민센터,-,-,-,-,-,-,731,-,-,-,-,-,-,-,-
432,기초,제주특별자치도,제주시,조천읍,제주 제주시 조천읍 신북로 194,064-728-7851,조천읍사무소 등,-,-,-,-,-,-,1586,-,-,-,-,500포,-,-,-
433,기초,제주특별자치도,제주시,119특수대응단,산천단동길 24,064-710-3506,119특수대응단 창고,-,-,-,-,-,-,-,54,11,12,-,-,100,8,-
434,광역,제주특별자치도,제주시,용담2동,제주 제주시 흥운길 27,064-728-4635,방재창고 등,-,-,-,-,-,-,-,-,-,-,-,60,-,-,-
435,광역,제주특별자치도,제주시,우도면,제주 제주시 우도면 우도로 153,064-728-4343 064-728-4342,환경기초시설,-,1,1,1,1,1,132,-,-,-,-,-,-,-,-
436,광역,제주특별자치도,제주시,기후환경과,제주 제주시 송이길 226,064-728-8616,봉개 폐기물처리시설,1,4,3,1,-,2,-,-,-,-,-,-,-,-,-
437,기초,제주특별자치도,제주시,총무과,제주 제주시 광양9길 10,064-728-2043,제주시청 민방위창고,-,-,-,-,-,-,895,-,-,-,-,-,-,-,-
