연번,관할청센터,업종,업체명,주소,대표전화,대상폐기물,보유장비,대수
1,시흥센터,폐기물 수집·운반업체,코어엔텍,경기도 시흥시 소망공원로 5(정왕동 1235-7),031-499-2525 031-488-1192,"폐합성수지, 폐합성섬유(고상) 등",탱크로리,3
2,시흥센터,폐기물 수집·운반업체,코어엔텍,경기도 시흥시 소망공원로 5(정왕동 1235-7),031-499-2525 031-488-1192,"폐합성수지, 폐합성섬유(고상) 등",암롤트럭,4
3,시흥센터,폐기물 수집·운반업체,천지에너지㈜,경기도 시흥시 옥구천서로81번길 13(정왕동 1697-2 시화공단 1마 503),031-498-3251,"폐유, 폐유기용제 등",탱크로리,20
4,시흥센터,폐기물 수집·운반업체,천지에너지㈜,경기도 시흥시 옥구천서로81번길 13(정왕동 1697-2 시화공단 1마 503),031-498-3251,"폐유, 폐유기용제 등",카고트럭,6
5,시흥센터,폐기물 수집·운반업체,천지에너지㈜,경기도 시흥시 옥구천서로81번길 13(정왕동 1697-2 시화공단 1마 503),031-498-3251,"폐유, 폐유기용제 등",컨테이너박스트럭,15
6,시흥센터,폐기물 수집·운반업체,천지에너지㈜,경기도 시흥시 옥구천서로81번길 13(정왕동 1697-2 시화공단 1마 503),031-498-3251,"폐유, 폐유기용제 등",집게차,1
7,시흥센터,폐기물 수집·운반업체,㈜남양에너지,"경기도 시흥시 옥구천서로 81번길 73(시화공단 1마, 702, 703호)(정왕동 1353-1,2 시화공단 1마 702, 703호)",031-433-7011,"폐유, 폐유기용제 등",탱크로리,7
8,시흥센터,폐기물 수집·운반업체,㈜남양에너지,"경기도 시흥시 옥구천서로 81번길 73(시화공단 1마, 702, 703호)(정왕동 1353-1,2 시화공단 1마 702, 703호)",031-433-7011,"폐유, 폐유기용제 등",카고트럭,8
9,시흥센터,폐기물 수집·운반업체,㈜상우환경,경기도 시흥시 정왕동 1728-17 금성프라자 304호,031-431-0619,"폐유, 폐유기용제 등",암롤트럭,1
10,시흥센터,폐기물 수집·운반업체,(주)초심,"경기도 시흥시 연성로 13번길 5-4, 402호 403호",031-319-9030,"폐유, 폐유기용제 등",탑차,8
11,시흥센터,폐기물 수집·운반업체,㈜범진환경,경기도 시흥시 봉우재로175번길 36-4 2층,031-499-6322,"폐유, 폐유기용제 등",암롤트럭,3
12,시흥센터,폐기물 수집·운반업체,㈜범진환경,경기도 시흥시 봉우재로175번길 36-4 2층,031-499-6322,"폐유, 폐유기용제 등",집게차,1
13,시흥센터,폐기물 수집·운반업체,㈜케이비에스산업,경기도 시흥시 정왕동 2321-1블랙이글빌딩 5층,031-488-9371,"(액상) 폐유, 폐유기용제, 폐산",탱크로리,1
14,시흥센터,폐기물 수집·운반업체,주식회사 에스케이와이서비스,경기도 시흥시 서해안로 736번길 220(2층),031-432-4646,"폐유, 폐유기용제 등",탱크로리,1
15,시흥센터,폐기물 수집·운반업체,주식회사 에스케이와이서비스,경기도 시흥시 서해안로 736번길 220(2층),031-432-4646,"폐유, 폐유기용제 등",탑차,5
16,시흥센터,폐기물 수집·운반업체,신일정유,경기도 시흥시 옥구천서로81번길 34,031-498-8338,"폐유, 폐유기용제 등",탱크로리,10
17,시흥센터,폐기물 수집·운반업체,신일정유,경기도 시흥시 옥구천서로81번길 34,031-498-8338,"폐유, 폐유기용제 등",탑차,5
18,시흥센터,폐기물 수집·운반업체,㈜위캔두,"경기도 시흥시 하중로 193, 202호",031-431-9973,"폐유, 폐유기용제 등",탱크로리,2
19,시흥센터,폐기물 수집·운반업체,㈜위캔두,"경기도 시흥시 하중로 193, 202호",031-431-9973,"폐유, 폐유기용제 등",암롤트럭,2
20,시흥센터,폐기물 수집·운반업체,㈜위캔두,"경기도 시흥시 하중로 193, 202호",031-431-9973,"폐유, 폐유기용제 등",카고트럭,8
21,시흥센터,폐기물 수집·운반업체,㈜위캔두,"경기도 시흥시 하중로 193, 202호",031-431-9973,"폐유, 폐유기용제 등",집게차,2
22,시흥센터,폐기물 수집·운반업체,수정환경,"경기도 시흥시 정왕동 2210, SB센타 3층 315호",031-495-5257,"폐유, 폐유기용제 등",탱크로리,1
23,시흥센터,폐기물 수집·운반업체,수정환경,"경기도 시흥시 정왕동 2210, SB센타 3층 315호",031-495-5257,"폐유, 폐유기용제 등",윙바디,1
24,시흥센터,폐기물 수집·운반업체,에코프라임 주식회사,"경기도 시흥시 오이도로 21, 725호",031-8042-5122,"폐유, 폐유기용제 등",윙바디,5
25,시흥센터,폐기물 수집·운반업체,에코프라임 주식회사,"경기도 시흥시 오이도로 21, 725호",031-8042-5122,"폐유, 폐유기용제 등",탑차,1
26,시흥센터,폐기물 수집·운반업체,㈜케이엘에코,"경기도 시흥시 오이도로 21, 에이랜드 에쓰비센타 617호",031-365-3947,"폐유, 폐유기용제, 폐유독물 등",윙바디,2
27,시흥센터,폐기물 중간처리업체,케이지이티에스㈜,경기도 시흥시 소망공원로 5(정왕동 1235-7),031-499-2525,"폐유, 폐유기용제, 폐유독물 등",탱크로리,3
28,시흥센터,폐기물 중간처리업체,케이지이티에스㈜,경기도 시흥시 소망공원로 5(정왕동 1235-7),031-499-2525,"폐유, 폐유기용제, 폐유독물 등",암롤트럭,4
29,서산센터,공공폐수처리시설,어성환경산업,충청남도 태안군 태안읍 귀실길 14,041-666-1957,탈수슬러지케이크,암롤트럭,1
30,서산센터,중장비 업체,태안중기㈜,충청남도 태안군 근흥면 근흥로 823,041-674-2420,-,크레인,5
31,서산센터,중장비 업체,태안중기㈜,충청남도 태안군 근흥면 근흥로 823,041-674-2420,-,굴삭기,50
32,서산센터,중장비 업체,태안중기㈜,충청남도 태안군 근흥면 근흥로 823,041-674-2420,-,지게차,5
33,서산센터,중장비 업체,태안중기㈜,충청남도 태안군 근흥면 근흥로 823,041-674-2420,-,덤프트럭,50
34,서산센터,중장비 업체,충룡건기㈜,충청남도 태안군 소원면 소근로 40,041-674-1345,-,크레인,2
35,서산센터,중장비 업체,충룡건기㈜,충청남도 태안군 소원면 소근로 40,041-674-1345,-,굴삭기,20
36,서산센터,중장비 업체,충룡건기㈜,충청남도 태안군 소원면 소근로 40,041-674-1345,-,지게차,7
37,서산센터,중장비 업체,충룡건기㈜,충청남도 태안군 소원면 소근로 40,041-674-1345,-,덤프,20
38,서산센터,중장비 업체,오천크레인,충청남도 태안군 태안읍 서해로 2008,041-674-5996,-,크레인,5
39,서산센터,중장비 업체,오천크레인,충청남도 태안군 태안읍 서해로 2008,041-674-5996,-,지게차,3
40,서산센터,중장비 업체,삼일크레인지게차,충청남도 태안군 태안읍근흥로 18-3,041-674-8231,-,크레인,12
41,서산센터,중장비 업체,삼일크레인지게차,충청남도 태안군 태안읍근흥로 18-3,041-674-8231,-,지게차,6
42,서산센터,폐기물 최종처리업체,광운씨엔에스㈜,충청남도 보령시 천북면 홍보로 664-27,041-641-1915,"폐흡착제, 폐활성탄",덤프트럭,2대
43,서산센터,폐기물 수집·운반업체,은포산업개발㈜,충청남도 보령시 주교면 울계큰길 66-1,,"폐유리,폐판넬,유기성오니,소각재,분진,폐주물사 및 폐사 등",카고트럭,2대
44,서산센터,폐기물 수집·운반업체,건양개발㈜,충청남도 보령시 웅천읍 수부리 산6-2,041-931-0924,"무기성오니류, 폐토사",덤프트럭,3대
45,서산센터,폐기물 수집·운반업체,부흥자원,충청남도 서산시 여전중앙길 94-14 (예천동),,폐합성수지류 등 18종,기계식상차장치부착차량,1대
46,서산센터,폐기물 수집·운반업체,부흥자원,충청남도 서산시 여전중앙길 94-14 (예천동),,폐합성수지류 등 18종,밀폐식차량,1대
47,서산센터,폐기물 수집·운반업체,디에이치건설(주),"충청남도 서산시 음암면 서령로 330, 상가동 2층 (음암마을아파트)",,폐합성수지류 등 62종,밀폐식차량,2대
48,서산센터,폐기물 수집·운반업체,(유)지원환경건설,"충청남도 서산시 해미면 성지1로 76-10, 1층",070-8845-1875,하수준설토,밀폐식차량,2대
49,서산센터,폐기물 수집·운반업체,동준환경산업,"충청남도 서산시 성연면 성연2로 45, 1606호",,폐합성수지류 등 54종,카고트럭,3대
50,서산센터,폐기물 수집·운반업체,녹색자원,충청남도 서산시 고북면 내포로 2316-9,,폐합성수지류 등 33종,카고트럭,1대
51,서산센터,폐기물 수집·운반업체,녹색자원,충청남도 서산시 고북면 내포로 2316-9,,폐합성수지류 등 33종,기계식상차장치부착차량,2대
52,서산센터,폐기물 수집·운반업체,녹색자원,충청남도 서산시 고북면 내포로 2316-9,,폐합성수지류 등 33종,운반용압축차량,1대
53,서산센터,폐기물 수집·운반업체,서산고물상 우성자원,충청남도 서산시 해미면 귀밀길 13-6,,폐합성수지류 등 33종,카고트럭,2대
54,서산센터,폐기물 수집·운반업체,서산고물상 우성자원,충청남도 서산시 해미면 귀밀길 13-6,,폐합성수지류 등 33종,기계식상차장치부착차량,1대
55,서산센터,폐기물 수집·운반업체,㈜아진환경,충청남도 서산시 오산7길 34 (오남동),041-669-8456,폐합성수지류 등 33종,카고트럭,1대
56,서산센터,폐기물 수집·운반업체,㈜아진환경,충청남도 서산시 오산7길 35 (오남동),041-669-8457,폐합성수지류 등 33종,암롤트럭,1대
57,서산센터,폐기물 수집·운반업체,㈜통인환경물류,충청남도 서산시 지곡면 충의로 1442,041-662-3113,"사업장생활계폐기물, 사업장폐기물",탱크로리,2대
58,서산센터,폐기물 수집·운반업체,㈜통인환경물류,충청남도 서산시 지곡면 충의로 1443,041-662-3114,"사업장생활계폐기물, 사업장폐기물",운반용압축차량,1대
59,서산센터,폐기물 수집·운반업체,㈜통인환경물류,충청남도 서산시 지곡면 충의로 1444,041-662-3115,"사업장생활계폐기물, 사업장폐기물",밀폐식차량,2대
60,서산센터,폐기물 수집·운반업체,㈜통인환경물류,충청남도 서산시 지곡면 충의로 1445,041-662-3116,"사업장생활계폐기물, 사업장폐기물",카고트럭,1대
61,서산센터,폐기물 수집·운반업체,㈜통인환경물류,충청남도 서산시 지곡면 충의로 1445,041-662-3116,"사업장생활계폐기물, 사업장폐기물",덤프트럭,1대
62,서산센터,폐기물 수집·운반업체,(주)대경산업,충청남도 서산시 음암면 안치중곡길 50,041-667-5158,사업장폐기물,기계식상차장치부착차량,1대
63,서산센터,폐기물 수집·운반업체,(주)대경산업,충청남도 서산시 음암면 안치중곡길 50,041-667-5158,사업장폐기물,카고트럭,2대
64,서산센터,폐기물 수집·운반업체,(주)신성진철강,충청남도 서산시 음암면 칠거리로 8-22,041-662-7485,폐합성수지류 등 17종,카고트럭,1대
65,서산센터,폐기물 수집·운반업체,(주)신성진철강,충청남도 서산시 음암면 칠거리로 8-22,041-662-7485,폐합성수지류 등 17종,기계식상차장치부착차량,1대
66,서산센터,폐기물 수집·운반업체,(주)지티비스,충청남도 서산시 대산읍 화곡리 850,041-688-9114,사업장배출시설계폐기물,덤프트럭,1대
67,서산센터,폐기물 수집·운반업체,(주)지티비스,충청남도 서산시 대산읍 화곡리 850,041-688-9114,사업장배출시설계폐기물,암롤트럭,1대
68,서산센터,폐기물 수집·운반업체,(주)동아자원,충청남도 서산시 장동2길 32 (장동),041-668-7743,사업장배출시설계폐기물,기계식상차장치부착차량,2대
69,서산센터,폐기물 수집·운반업체,지성농산,충청남도 서산시 해미면 읍내리 364,,사업장배출시설계폐기물,밀폐식차량,1대
70,서산센터,폐기물 수집·운반업체,지성농산,충청남도 서산시 해미면 읍내리 364,,사업장배출시설계폐기물,암롤트럭,1대
71,서산센터,폐기물 수집·운반업체,미래산업,충청남도 서산시 대산읍 대산리 1094-2,041-663-7308,사업장배출시설계폐기물,기계식상차장치부착차량,2대
72,서산센터,폐기물 수집·운반업체,지원산업,충청남도 서산시 대산읍 명지1로 234,,폐수처리오니 등 11종,탱크로리,1대
73,서산센터,폐기물 수집·운반업체,지원산업,충청남도 서산시 대산읍 명지1로 234,,폐수처리오니 등 11종,밀폐식차량,1대
74,서산센터,폐기물 수집·운반업체,(주)현진스틸,충청남도 서산시 장동옥동미길 33 (장동),041-668-5113,폐합성수지류 등 12종,집게차,1대
75,서산센터,폐기물 수집·운반업체,(주)현진스틸,충청남도 서산시 장동옥동미길 33 (장동),041-668-5113,폐합성수지류 등 12종,카고트럭,1대
76,서산센터,폐기물 수집·운반업체,혁성자원,충청남도 서산시 대산읍 충의로 2687-88,,정수처리오니 등 39종,기계식상차장치부착차량,3대
77,서산센터,폐기물 수집·운반업체,혁성자원,충청남도 서산시 대산읍 충의로 2687-88,,정수처리오니 등 39종,카고트럭,1대
78,서산센터,폐기물 수집·운반업체,혁성자원,충청남도 서산시 대산읍 충의로 2687-88,,정수처리오니 등 39종,암롤트럭,1대
79,서산센터,폐기물 중간처분업체,서해그린환경㈜,충청남도 서산시 대산읍 죽엽로 382,041-663-7053,"사업장폐기물, 그밖의 폐기물",암롤트럭,2대
80,서산센터,폐기물 중간처분업체,서해그린환경㈜,충청남도 서산시 대산읍 죽엽로 382,041-663-7053,"사업장폐기물, 그밖의 폐기물",콘테이너 트럭,1대
81,서산센터,폐기물 수집·운반업체,(주)계양산업,충청남도 아산시 영인면 토정로476번길 34-28,041-543-0100,"가축분뇨처리오니 및 오니류, 폐합성수지류 등",암롤트럭,2대
82,서산센터,폐기물 수집·운반업체,(주)계양산업,충청남도 아산시 영인면 토정로476번길 34-28,041-543-0100,"가축분뇨처리오니 및 오니류, 폐합성수지류 등",기계식상차장치부착차량,1대
83,서산센터,폐기물 수집·운반업체,(주)우림환경,충청남도 아산시 둔포면 둔포중앙로 169\_ 2층,,"오니류, 폐내화물, 폐금속류 등",운반용압축차량,1대
84,서산센터,폐기물 수집·운반업체,(주)우림환경,충청남도 아산시 둔포면 둔포중앙로 169\_ 2층,,"오니류, 폐내화물, 폐금속류 등",밀폐식차량,4대
85,서산센터,폐기물 수집·운반업체,(주)우림환경,충청남도 아산시 둔포면 둔포중앙로 169\_ 2층,,"오니류, 폐내화물, 폐금속류 등",카고트럭,1대
86,서산센터,폐기물 수집·운반업체,(주)청록환경,충청남도 아산시 도고면 아산만로35번길 21-5,041-547-1455,"그 밖의 유기성오니, 폐수처리오니 등, 폐합성수지류 등",암롤트럭,9대
87,서산센터,폐기물 최종처리업체,(주)토리컴,충청남도 아산시 둔포면 아산밸리동로 78,041-537-6114,"오니류, 폐촉매, 폐합성섬유, 폐전지 등",밀폐식차량,3대
88,서산센터,폐기물 수집·운반업체,㈜대산산업,충청남도 예산군 신암면 조곡예림안길 34-32,041-332-8123,"폐합성수지, 폐합성섬유(고상) 등",암롤트럭,7대
89,서산센터,폐기물 수집·운반업체,㈜대산산업,충청남도 예산군 신암면 조곡예림안길 34-32,041-332-8123,"폐합성수지, 폐합성섬유(고상) 등",집게차,1대
90,서산센터,폐기물 수집·운반업체,㈜대산산업,충청남도 예산군 신암면 조곡예림안길 34-32,041-332-8123,"폐합성수지, 폐합성섬유(고상) 등",1톤트럭,1대
91,서산센터,폐기물 수집·운반업체,건영종합환경,충청남도 예산군 예산읍 예산로 184 세강빌딩 8층 806호,041-335-1677,사업장폐기물,트럭,1대
92,서산센터,폐기물 수집·운반업체,건영종합환경,충청남도 예산군 예산읍 예산로 184 세강빌딩 8층 806호,041-335-1677,사업장폐기물,암롤트럭,2대
93,서산센터,중장비 업체,041지게차혜성건설기계,충청남도 예산군 예산읍 벚꽃로 147,041)331-3041,-,굴착기 등,2대
94,서산센터,중장비 업체,협신건설기계,충청남도 예산군 예산읍 벚꽃로 347,041)334-0445,-,굴착기 등,2대
95,서산센터,중장비 업체,금성종합건설,충청남도 예산군 예산읍 금오대로 115,041)333-4119,-,굴착기 등,2대
96,서산센터,폐기물 수집·운반업체,㈜보민환경,충청남도 청양군 비봉면 록평용당로 656-32,041-943-7436,"사업장 생활폐기물 (폐합성수지류, 폐합성고무류, 폐토사, 폐목재류, 폐보온재)",압롤트럭,3대
97,서산센터,폐기물 수집·운반업체,㈜보민환경,충청남도 청양군 비봉면 록평용당로 656-32,041-943-7436,"사업장 생활폐기물 (폐합성수지류, 폐합성고무류, 폐토사,폐목재류,폐보온재)",집게차,1대
98,서산센터,폐기물 수집·운반업체,㈜태한산업,충청남도 홍성군 은하면 백야로 68번길 16,041-642-3358,"폐합성수지, 광재, 폐주물사 및 폐사 소각잔재물 등",암롤트럭,4대
99,서산센터,폐기물 수집·운반업체,구항산업,충청남도 홍성군 구항면 구항서길 306-54,041-633-6227,"폐합성고분자화합물, 광재류, 분진류 폐주물사 및 폐사 등",암롤트럭,2대
100,서산센터,폐기물 수집·운반업체,영이엔티㈜,충청남도 홍성군 홍성읍 도청대로 149,041-635-1165,"폐합성수지류, 폐합성고무류, 폐폴리염화비닐수지류, 폐폴리우레탄폼류, 폐발포합성수지, 플라스틱폐포장재, 그 밖의 폐합성고분자화합물, 폐활성탄, 폐목재류",밀폐식차량,32대
101,서산센터,폐기물 수집·운반업체,청송산업㈜,충청남도 홍성군 홍성읍 백월로 57,-,"폐합성수지류, 폐합성고무류, 폐폴리우레탄폼류, 폐발포합성수지 등",암롤트럭,2대
102,서산센터,폐기물 수집·운반업체,내포환경,"충청남도 홍성군 홍북읍 도청대로 171, 202호",-,"폐합성수지, 폐합성고무류, 폐폴리우레탄폼류, 폐발포합성수지 등",암롤트럭,3대
103,서산센터,폐기물 수집·운반업체,금성환경,충청남도 홍성군 결성면 홍남서로 751-2,-,"폐합성수지, 퍠합성고무류, 폐폴리우레탄폼류, 폐발포합성수지 등",암롤트럭,5대
104,서산센터,폐기물 수집·운반업체,명진자원,충청남도 홍성군 홍성읍 백월로 17,041-632-5454,"폐합성고분자화합물, 폐목재류, 폐섬유류 등",암롤트럭,3대
105,서산센터,중장비 업체,(주)신한종합중기,서천읍 충절로121번길 8,041-952-3920,,,
106,서산센터,중장비 업체,차령중기(주),"서천읍 서천로 223, (2층)",041-952-6987,,,
107,서산센터,중장비 업체,(유)거도화물중기,장항읍 장항로179번길 18,041-956-2233,,,
108,서산센터,중장비 업체,(주)서은산업개발,종천면 화산리 308번지,041-953-7381,,,
109,서산센터,중장비 업체,평화중기(주),서천읍 서문로 32,041-953-4446,,,
110,서산센터,중장비 업체,영일건기(주),서천읍 서문로 32,041-953-7874,,,
111,서산센터,중장비 업체,동백상운(주),서면 서인로716번길 4,041-953-4700,,,
112,서산센터,중장비 업체,크레인코웍,서천읍 충절로121번길 8,041-952-3920,,,
113,서산센터,중장비 업체,유인환경중기 주식회사,서면 서인로131번길 55,041-952-8850,,,
114,서산센터,중장비 업체,장항크레인,서천읍 서천로 223,041-956-3392,,,
115,서산센터,폐기물 수집·운반업체,아주환경개발㈜,충청남도 당진시 순성면 본리로 20,041-355-7288,,암롤트럭,2
116,서산센터,폐기물 수집·운반업체,(주)성화환경,충청남도 당진시 신평면 독암길 34-18,041-363-2123,,암롤트럭,5
117,서산센터,폐기물 수집·운반업체,(주)푸른환경,충청남도 당진시 면천면 면천로 393,070-8613-6699,,암롤트럭,1
118,서산센터,폐기물 수집·운반업체,리뉴로지스인더 주식회사,충청남도 당진시 송악읍 부곡공단로 73,041-356-9500,,암롤트럭,5
119,서산센터,폐기물 수집·운반업체,화서유지상사,충청남도 당진시 당진시장길 74,041-352-7312,,암롤트럭,2
120,서산센터,폐기물 수집·운반업체,이삭환경,충청남도 당진시 원당골길 79,041-352-6565,,암롤트럭,3
121,서산센터,폐기물 수집·운반업체,㈜태건환경건설,충청남도 당진시 합덕읍 면천로 1361-46,041-354-7764,,암롤트럭,1
122,서산센터,폐기물 수집·운반업체,(유)대한청정환경,충청남도 당진시 송악읍 조비실길 131-4,041-357-7431,,암롤트럭,2
123,서산센터,폐기물 수집·운반업체,㈜드림개발,충청남도 당진시 순성면 남부로 1094,070-4773-4423,,암롤트럭,1
124,서산센터,폐기물 수집·운반업체,㈜대생이엔티,"충청남도 당진시 서해로 6271-14, 엠동 101호",041-358-2551,,암롤트럭,2
125,서산센터,폐기물 수집·운반업체,시현환경건설㈜,충청남도 당진시 정안로 65,041-358-4401,,암롤트럭,2
126,서산센터,폐기물 수집·운반업체,㈜수목환경,충청남도 당진시 송산면 무수들길 342,041-430-8575,,암롤트럭,2
127,서산센터,폐기물 수집·운반업체,㈜이노블루,"충청남도 당진시 시곡로 344, 207호",041-358-0303,,암롤트럭,2
128,서산센터,폐기물 수집·운반업체,이조환경㈜,충청남도 당진시 정미면 4.4만세로 662,041-353-2322,,암롤트럭,2
129,서산센터,폐기물 수집·운반업체,덕영건설㈜,"충청남도 당진시 우강면 덕평로 943, 가동 102호",041-357-9679,,암롤트럭,1
130,서산센터,폐기물 수집·운반업체,나은환경산업㈜,충청남도 당진시 신평면 서해로 6893,041-362-3337,,암롤트럭,2
131,서산센터,폐기물 수집·운반업체,㈜스마트환경개발,"충청남도 당진시 송산면 서정 11길 6-1, 101호",,,암롤트럭,2
132,서산센터,폐기물 수집·운반업체,㈜디제이환경산업,충청남도 당진시 송산면 송산로 488,041-357-7605,,암롤트럭,3
133,서산센터,폐기물 수집·운반업체,동산환경,충청남도 당진시 고대면 금암로 375,,,암롤트럭,3
134,서산센터,폐기물 수집·운반업체,주식회사 유진산업,"충청남도 당진시 북문로 1길 41-7, 202호",041-358-8311,,암롤트럭,2
135,서산센터,폐기물 수집·운반업체,주식회사 클린당진,"충청남도 당진시 틀모시로 638, 101호",,,암롤트럭,2
136,서산센터,폐기물 수집·운반업체,태림산업㈜,"충청남도 당진시 시청2로 20, 503호",041-355-5660,,암롤트럭,1
137,여수센터,폐기물수집운반업,해아산업(주),전라남도 광양시 광양읍 유당로 214-7,061-761-1268,사업장폐기물 등,암롤트럭,2대
138,여수센터,폐기물수집운반업,해아산업(주),전라남도 광양시 광양읍 유당로 214-7,061-761-1268,사업장폐기물 등,운반용압착차량,1대
139,여수센터,폐기물수집운반업,해아산업(주),전라남도 광양시 광양읍 유당로 214-7,061-761-1268,사업장폐기물 등,기계식상차장치부착차량,1대
140,여수센터,폐기물수집운반업,해아래환경자원(주),전라남도 광양시 봉강면 매천로 518,061-763-8090,사업장폐기물 등,카고트럭,2대
141,여수센터,폐기물수집운반업,해아래환경자원(주),전라남도 광양시 봉강면 매천로 518,061-763-8090,사업장폐기물 등,집게차,2
142,여수센터,폐기물수집운반업,해아래환경자원(주),전라남도 광양시 봉강면 매천로 518,061-763-8090,사업장폐기물 등,암롤트럭,1
143,여수센터,폐기물수집운반업,해아래환경자원(주),전라남도 광양시 봉강면 매천로 518,061-763-8090,사업장폐기물 등,진개차,1
144,여수센터,폐기물수집운반업,태흥기업(주),전라남도 광양시 백운1로 153 (태인동),061-792-5500,사업장폐기물 등,암롤트럭,1
145,여수센터,폐기물수집운반업,태흥기업(주),전라남도 광양시 백운1로 153 (태인동),061-792-5500,사업장폐기물 등,진개차,2
146,여수센터,폐기물수집운반업,태흥기업(주),전라남도 광양시 백운1로 153 (태인동),061-792-5500,사업장폐기물 등,밀폐식차량,2
147,여수센터,폐기물수집운반업,청암산업(주),전라남도 광양시 진상면 백운3로 131,061-772-5553,사업장폐기물 등,덤프트럭,7
148,여수센터,폐기물수집운반업,지산스틸,전라남도 광양시 김시식지1길 57-63 (태인동),061-772-6678,사업장폐기물 등,덤프트럭,1
149,여수센터,폐기물수집운반업,지산스틸,전라남도 광양시 김시식지1길 57-63 (태인동),061-772-6678,사업장폐기물 등,기타차량,2
150,여수센터,폐기물종합재활용업,주식회사 에코라임,전라남도 광양시 제철로 2148-97 (금호동),061-795-7650,사업장폐기물 등,덤프트럭,5
151,여수센터,폐기물중간재활용업,㈜광양환경,전라남도 광양시 광양읍 직동1길 13,061-762-8259,사업장폐기물 등,암롤트럭,3
152,여수센터,폐기물수집운반업,지산스틸,전라남도 광양시 김시식지1길 57-63 (태인동),061-772-6678,사업장폐기물 등,집게차,1
153,여수센터,폐기물종합재활용업,조선내화(주)광양내화원료공장,전라남도 광양시 산업로 55 (태인동),061-790-5375,사업장폐기물 등,덤프트럭,1
154,여수센터,폐기물수집운반업,전남기업(주),전라남도 광양시 담안길 120 (태인동),061-792-0031,사업장폐기물 등,기타차량,3
155,여수센터,폐기물수집운반업,일진기업(주),전라남도 광양시 옥곡면 신금로 236,061-772-8075,사업장폐기물 등,기타차량,7
156,여수센터,폐기물수집운반업,일진기업(주),전라남도 광양시 옥곡면 신금로 236,061-772-8075,사업장폐기물 등,덤프트럭,14
157,여수센터,폐기물수집운반업,유한회사 대명에너지,전라남도 광양시 광양읍 서북로 46\_ 금룡빌딩 3층,061-795-8081,사업장폐기물 등,기타차량,19
158,여수센터,폐기물수집운반업,유창타이어,전라남도 광양시 하포길 128 (황길동),,사업장폐기물 등,기타차량,1
159,여수센터,폐기물수집운반업,유창타이어,전라남도 광양시 하포길 128 (황길동),,사업장폐기물 등,집게차,1
160,여수센터,폐기물수집운반업,유신골재(주),전라남도 광양시 광양읍 석정길 35,,사업장폐기물 등,덤프트럭,2
161,여수센터,폐기물수집운반업,우리환경,전라남도 광양시 광양읍 금너길 14,061-761-3700,사업장폐기물 등,카고트럭,1
162,여수센터,폐기물수집운반업,우리환경,전라남도 광양시 광양읍 금너길 14,061-761-3700,사업장폐기물 등,기타차량,3
163,여수센터,폐기물수집운반업,신양개발(주),전라남도 광양시 사동로 1\_ 3층 301호 (중동),061-792-3457,사업장폐기물 등,덤프트럭,20
164,여수센터,폐기물수집운반업,세강산업(주),전라남도 광양시 백운1로 48 (태인동),061-791-0355,사업장폐기물 등,덤프트럭,4
165,여수센터,폐기물수집운반업,선영상운(주),전라남도 광양시 구마7길 44 (중동),061-793-9300,사업장폐기물 등,덤프트럭,1
166,여수센터,폐기물수집운반업,선영상운(주),전라남도 광양시 구마7길 44 (중동),061-793-9300,사업장폐기물 등,카고트럭,2
167,여수센터,폐기물수집운반업,선샤인테크(주),전라남도 광양시 중마로 319 (마동),061-791-0844,사업장폐기물 등,밀폐식차량,2
168,여수센터,폐기물수집운반업,서기산업(주),전라남도 광양시 옥정로 95 (성황동),061-791-8383,사업장폐기물 등,운반용압착차량,2
169,여수센터,폐기물수집운반업,서기산업(주),전라남도 광양시 옥정로 95 (성황동),061-791-8383,사업장폐기물 등,암롤트럭,5
170,여수센터,폐기물수집운반업,서기산업(주),전라남도 광양시 옥정로 95 (성황동),061-791-8383,사업장폐기물 등,카고트럭,2
171,여수센터,폐기물수집운반업,서기산업(주),전라남도 광양시 옥정로 95 (성황동),061-791-8383,사업장폐기물 등,집게차,1
172,여수센터,폐기물수집운반업,서강기업(주),전라남도 광양시 백운1로 89 (태인동),061-798-0600,사업장폐기물 등,기타차량,1
173,여수센터,폐기물수집운반업,서강기업(주),전라남도 광양시 백운1로 89 (태인동),061-798-0600,사업장폐기물 등,덤프트럭,32
174,여수센터,폐기물수집운반업,삼진기업(주),전라남도 광양시 금호동 639,061-790-3338,사업장폐기물 등,기타차량,2
175,여수센터,폐기물수집운반업,삼진기업(주),전라남도 광양시 금호동 639,061-790-3338,사업장폐기물 등,기계식상차장치부착차량,3
176,여수센터,폐기물수집운반업,명신기업,전라남도 광양시 용지길 20 (태인동),061-792-0400,사업장폐기물 등,덤프트럭,3
177,여수센터,폐기물수집운반업,동부타이어,전라남도 광양시 광양읍 인덕로 959-1,,사업장폐기물 등,기타차량,1
178,여수센터,폐기물수집운반업,동부타이어,전라남도 광양시 광양읍 인덕로 959-1,,사업장폐기물 등,집게차,1
179,여수센터,폐기물수집운반업,동부로지택(주),전라남도 광양시 중마로 55 (중동),061-795-1100,사업장폐기물 등,기타차량,6
180,여수센터,폐기물수집운반업,동부로지택(주),전라남도 광양시 중마로 55 (중동),061-795-1100,사업장폐기물 등,덤프트럭,1
181,여수센터,폐기물수집운반업,대영특수(주),전라남도 광양시 진월면 백운1로 526,061-772-7901,사업장폐기물 등,덤프트럭,2
182,여수센터,폐기물수집운반업,대성기업,전라남도 광양시 광양읍 읍내중앙길 39\_ 1층,061-763-0994,사업장폐기물 등,암롤트럭,2
183,여수센터,폐기물수집운반업,대성기업,전라남도 광양시 광양읍 읍내중앙길 39\_ 1층,061-763-0994,사업장폐기물 등,운반용압착차량,1
184,여수센터,폐기물수집운반업,대성기업,전라남도 광양시 광양읍 읍내중앙길 39\_ 1층,061-763-0994,사업장폐기물 등,집게차,1
185,여수센터,폐기물수집운반업,달선화물(주),전라남도 광양시 광양읍 인덕로 905,061-762-7702,사업장폐기물 등,덤프트럭,6
186,여수센터,폐기물수집운반업,달선화물(주),전라남도 광양시 광양읍 인덕로 905,061-762-7702,사업장폐기물 등,기타차량,1
187,여수센터,폐기물수집운반업,광진환경,전라남도 광양시 광양읍 예구7길 25-5,061-794-0052,사업장폐기물 등,암롤트럭,2
188,여수센터,폐기물수집운반업,광진환경,전라남도 광양시 광양읍 예구7길 25-5,061-794-0052,사업장폐기물 등,카고트럭,1
189,여수센터,폐기물수집운반업,광일종합물류(주),전라남도 광양시 백운1로 107 (태인동),061-792-3500,사업장폐기물 등,기타차량,4
190,여수센터,폐기물수집운반업,공성특수화물(주),전라남도 광양시 항만2로 166 (황길동),061-762-4700,사업장폐기물 등,기타차량,16
191,여수센터,폐기물수집운반업,공성특수화물(주),전라남도 광양시 항만2로 166 (황길동),061-762-4700,사업장폐기물 등,카고트럭,5
192,여수센터,폐기물수집운반업,공성특수화물(주),전라남도 광양시 항만2로 166 (황길동),061-762-4700,사업장폐기물 등,덤프트럭,5
193,여수센터,폐기물수집운반업,공성특수화물(주),전라남도 광양시 항만2로 166 (황길동),061-762-4700,사업장폐기물 등,암롤트럭,3
194,여수센터,폐기물수집운반업,건평개발(주),전라남도 광양시 광양읍 백운로 378,061-762-6976,사업장폐기물 등,덤프트럭,10
195,여수센터,폐기물수집운반업,가야환경,전라남도 광양시 옥정로 93-34 (성황동),061-791-7949,사업장폐기물 등,카고트럭,1
196,여수센터,폐기물수집운반업,가야환경,전라남도 광양시 옥정로 93-34 (성황동),061-791-7949,사업장폐기물 등,암롤트럭,4
197,여수센터,폐기물수집운반업,가야환경,전라남도 광양시 옥정로 93-34 (성황동),061-791-7949,사업장폐기물 등,집게차,1
198,여수센터,폐기물수집운반업,가야이엔티,전라남도 광양시 군장길 314-9 (중군동),,사업장폐기물 등,암롤트럭,1
199,여수센터,폐기물수집운반업,가야이엔티,전라남도 광양시 군장길 314-9 (중군동),,사업장폐기물 등,진개차,1
200,여수센터,폐기물수집운반업,(주)효원산업,전라남도 광양시 옥곡면 옥진로 197,061-772-5500,사업장폐기물 등,암롤트럭,4
201,여수센터,폐기물수집운반업,(주)효원산업,전라남도 광양시 옥곡면 옥진로 197,061-772-5500,사업장폐기물 등,기타차량,1
202,여수센터,폐기물중간재활용업,(주)효석,전라남도 광양시 제철로 2148-33 (금호동),061-793-7300,사업장폐기물 등,덤프트럭,2
203,여수센터,폐기물수집운반업,(주)혜성티앤시,전라남도 광양시 명당3길 5 (태인동),061-792-1500,사업장폐기물 등,기타차량,4
204,여수센터,폐기물수집운반업,(주)혜성티앤시,전라남도 광양시 명당3길 5 (태인동),061-792-1500,사업장폐기물 등,덤프트럭,15
205,여수센터,폐기물수집운반업,(주)혜성티앤시,전라남도 광양시 명당3길 5 (태인동),061-792-1500,사업장폐기물 등,밀폐식차량,8
206,여수센터,폐기물수집운반업,(주)혜성티앤시,전라남도 광양시 명당3길 5 (태인동),061-792-1500,사업장폐기물 등,카고트럭,1
207,여수센터,폐기물수집운반업,(주)혜성티앤시,전라남도 광양시 명당3길 5 (태인동),061-792-1500,사업장폐기물 등,집게차,1
208,여수센터,폐기물중간재활용업,(주)현이네사람들,전라남도 광양시 광양읍 직동2길 7,,사업장폐기물 등,기타차량,1
209,여수센터,폐기물종합재활용업,(주)현대이엔티,전라남도 광양시 옥곡면 신금산단2길 38,061-772-7272,사업장폐기물 등,암롤트럭,1
210,여수센터,폐기물종합재활용업,(주)현대이엔티,전라남도 광양시 옥곡면 신금산단2길 38,061-772-7272,사업장폐기물 등,집게차,1
211,여수센터,폐기물종합재활용업,(주)피제이메탈,전라남도 광양시 명당2길 42 (태인동),061-792-3155,사업장폐기물 등,기계식상차장치부착차량,1
212,여수센터,폐기물수집운반업,(주)푸른세상,전라남도 광양시 광양읍 인덕4길 9-8,,사업장폐기물 등,밀폐식차량,2
213,여수센터,폐기물수집운반업,(주)포운,전라남도 광양시 명당6길 6 (태인동),061-760-8347,사업장폐기물 등,덤프트럭,21
214,여수센터,폐기물수집운반업,(주)포운,전라남도 광양시 명당6길 6 (태인동),061-760-8347,사업장폐기물 등,기타차량,8
215,여수센터,폐기물수집운반업,(주)포운,전라남도 광양시 명당6길 6 (태인동),061-760-8347,사업장폐기물 등,밀폐식차량,1
216,여수센터,폐기물수집운반업,(주)포운,전라남도 광양시 명당6길 6 (태인동),061-760-8347,사업장폐기물 등,기계식상차장치부착차량,2
217,여수센터,폐기물수집운반업,(주)태운,전라남도 광양시 제철로 2148-97 (금호동),061-794-8197,사업장폐기물 등,밀폐식차량,1
218,여수센터,폐기물수집운반업,(주)태운,전라남도 광양시 제철로 2148-97 (금호동),061-794-8197,사업장폐기물 등,기타차량,5
219,여수센터,폐기물수집운반업,(주)태운,전라남도 광양시 제철로 2148-97 (금호동),061-794-8197,사업장폐기물 등,덤프트럭,17
220,여수센터,폐기물수집운반업,(주)태성산업,전라남도 광양시 진월면 백운1로 576,061-792-3070,사업장폐기물 등,기타차량,4
221,여수센터,폐기물수집운반업,(주)태성산업,전라남도 광양시 진월면 백운1로 576,061-792-3070,사업장폐기물 등,덤프트럭,4
222,여수센터,폐기물수집운반업,(주)태광산업개발,전라남도 광양시 중마로 560\_ 3층 (중동),061-792-0062,사업장폐기물 등,덤프트럭,10
223,여수센터,폐기물수집운반업,(주)케이알로지스,전라남도 광양시 항만11로 32\_ 3층 2호 (중동),061-792-4791,사업장폐기물 등,기타차량,14
224,여수센터,폐기물수집운반업,(주)지제이산업,전라남도 광양시 아미2길 38 (중동),061-795-5556,사업장폐기물 등,덤프트럭,2
225,여수센터,폐기물수집운반업,(주)지유,전라남도 광양시 항만11로 32\_ 3층 1호 (중동),061-795-9971,사업장폐기물 등,덤프트럭,2
226,여수센터,폐기물수집운반업,(주)중원로지스,전라남도 광양시 용지길 8 (태인동),061-795-4300,사업장폐기물 등,카고트럭,3
227,여수센터,폐기물수집운반업,(주)중원로지스,전라남도 광양시 용지길 8 (태인동),061-795-4300,사업장폐기물 등,기타차량,14
228,여수센터,폐기물수집운반업,(주)중원로지스,전라남도 광양시 용지길 8 (태인동),061-795-4300,사업장폐기물 등,덤프트럭,11
229,여수센터,폐기물수집운반업,(주)중원로지스,전라남도 광양시 용지길 8 (태인동),061-795-4300,사업장폐기물 등,밀폐식차량,1
230,여수센터,폐기물수집운반업,(주)조은환경,전라남도 광양시 광양읍 초남2공단길 19,061-762-1114,사업장폐기물 등,암롤트럭,2
231,여수센터,폐기물수집운반업,(주)조은환경,전라남도 광양시 광양읍 초남2공단길 19,061-762-1114,사업장폐기물 등,집게차,1
232,여수센터,폐기물수집운반업,(주)조은환경,전라남도 광양시 광양읍 초남2공단길 19,061-762-1114,사업장폐기물 등,기계식상차장치부착차량,2
233,여수센터,폐기물수집운반업,(주)조은환경,전라남도 광양시 광양읍 초남2공단길 19,061-762-1114,사업장폐기물 등,카고트럭,1
234,여수센터,폐기물수집운반업,(주)제이스,전라남도 광양시 광양읍 인덕로 1193,061-762-6755,사업장폐기물 등,기계식상차장치부착차량,1
235,여수센터,폐기물수집운반업,(주)제이스,전라남도 광양시 광양읍 인덕로 1193,061-762-6755,사업장폐기물 등,기타차량,1
236,여수센터,폐기물수집운반업,(주)이엔산업,전라남도 광양시 옥정로 76 (성황동),061-792-5960,사업장폐기물 등,암롤트럭,6
237,여수센터,폐기물수집운반업,(주)은혜,전라남도 광양시 광양읍 초남2공단2길 21,061-762-8252,사업장폐기물 등,집게차,3
238,여수센터,폐기물수집운반업,(주)은혜,전라남도 광양시 광양읍 초남2공단2길 21,061-762-8252,사업장폐기물 등,기타차량,3
239,여수센터,폐기물수집운반업,(주)은혜,전라남도 광양시 광양읍 초남2공단2길 21,061-762-8252,사업장폐기물 등,암롤트럭,2
240,여수센터,폐기물수집운반업,(주)은혜,전라남도 광양시 광양읍 초남2공단2길 21,061-762-8252,사업장폐기물 등,카고트럭,1
241,여수센터,폐기물수집운반업,(주)유빛,전라남도 광양시 옥곡면 신금산단4길 21,061-772-7211,사업장폐기물 등,덤프트럭,4
242,여수센터,폐기물수집운반업,(주)온유,전라남도 광양시 광영로 32\_ 203호 (광영동\_ 대아상가연립주택),,사업장폐기물 등,덤프트럭,2
243,여수센터,폐기물수집운반업,(주)에코로지스틱스,전라남도 광양시 태인2길 69\_ 주식회사에코쉘 (태인동),061-795-7655,사업장폐기물 등,덤프트럭,2
244,여수센터,폐기물종합재활용업,(주)에이치비에너지,전라남도 광양시 장길로 25 (황금동),,사업장폐기물 등,기타차량,1
245,여수센터,폐기물수집운반업,(주)에스비코리아,전라남도 광양시 광양읍 덕산5길 45,061-791-7701,사업장폐기물 등,덤프트럭,1
246,여수센터,폐기물수집운반업,(주)에스비코리아,전라남도 광양시 광양읍 덕산5길 45,061-791-7701,사업장폐기물 등,기타차량,2
247,여수센터,폐기물수집운반업,(주)신한로지스,전라남도 광양시 광영로 57 (광영동),061-795-6361,사업장폐기물 등,덤프트럭,4
248,여수센터,폐기물수집운반업,(주)신광이엔씨,전라남도 광양시 백운로 996 (성황동),061-795-2990,사업장폐기물 등,기타차량,2
249,여수센터,폐기물수집운반업,(주)솔로지스틱스,전라남도 광양시 항만7로 6 (도이동),061-763-8387,사업장폐기물 등,기타차량,3
250,여수센터,폐기물수집운반업,(주)세풍자연환경,전라남도 광양시 광양읍 인서6길 9,061-761-0022,사업장폐기물 등,암롤트럭,2
251,여수센터,폐기물수집운반업,(주)세풍자연환경,전라남도 광양시 광양읍 인서6길 9,061-761-0022,사업장폐기물 등,기타차량,1
252,여수센터,폐기물수집운반업,(주)세풍자연환경,전라남도 광양시 광양읍 인서6길 9,061-761-0022,사업장폐기물 등,진개차,1
253,여수센터,폐기물수집운반업,(주)세종로지스,전라남도 광양시 용지길 10 (태인동),061-791-8526,사업장폐기물 등,덤프트럭,5
254,여수센터,폐기물수집운반업,(주)세인물류,전라남도 광양시 용지길 10 (태인동),061-793-8004,사업장폐기물 등,덤프트럭,6
255,여수센터,폐기물수집운반업,(주)세인,전라남도 광양시 항만13로 23-7\_ 201호 (중동),061-793-5005,사업장폐기물 등,덤프트럭,3
256,여수센터,폐기물수집운반업,(주)세운,전라남도 광양시 광양읍 읍성길 174,061-763-3033,사업장폐기물 등,밀폐식차량,2
257,여수센터,폐기물수집운반업,(주)세운,전라남도 광양시 광양읍 읍성길 174,061-763-3033,사업장폐기물 등,기타차량,6
258,여수센터,폐기물수집운반업,(주)성주기업,전라남도 광양시 옥곡면 강변로 251 (대륙주유소),061-772-9956,사업장폐기물 등,덤프트럭,10
259,여수센터,폐기물수집운반업,(주)성윤,전라남도 광양시 제철로 1706 (금호동),061-795-8005,사업장폐기물 등,카고트럭,6
260,여수센터,폐기물수집운반업,(주)성윤,전라남도 광양시 제철로 1706 (금호동),061-795-8005,사업장폐기물 등,기타차량,22
261,여수센터,폐기물수집운반업,(주)성윤,전라남도 광양시 제철로 1706 (금호동),061-795-8005,사업장폐기물 등,덤프트럭,29
262,여수센터,폐기물수집운반업,(주)성윤,전라남도 광양시 제철로 1706 (금호동),061-795-8005,사업장폐기물 등,밀폐식차량,1
263,여수센터,폐기물수집운반업,(주)성광기업,전라남도 광양시 도촌길 13-3 (광영동),061-792-9971,사업장폐기물 등,덤프트럭,2
264,여수센터,폐기물수집운반업,(주)서진기업,전라남도 광양시 백운1로 57 (태인동),061-795-0228,사업장폐기물 등,기타차량,4
265,여수센터,폐기물수집운반업,(주)서진기업,전라남도 광양시 백운1로 57 (태인동),061-795-0228,사업장폐기물 등,덤프트럭,1
266,여수센터,폐기물수집운반업,(주)삼도물류,전라남도 광양시 광양읍 희양현로 87,061-761-1467,사업장폐기물 등,기타차량,8
267,여수센터,폐기물수집운반업,(주)벽진,전라남도 광양시 옥곡면 옥정로 347,061-772-9646,사업장폐기물 등,기타차량,10
268,여수센터,폐기물수집운반업,(주)벽진,전라남도 광양시 옥곡면 옥정로 347,061-772-9646,사업장폐기물 등,덤프트럭,8
269,여수센터,폐기물수집운반업,(주)백운환경,전라남도 광양시 봉강면 매천로 633-5,061-762-9220,사업장폐기물 등,암롤트럭,6
270,여수센터,폐기물수집운반업,(주)백운환경,전라남도 광양시 봉강면 매천로 633-5,061-762-9220,사업장폐기물 등,기계식상차장치부착차량,1
271,여수센터,폐기물수집운반업,(주)백운환경,전라남도 광양시 봉강면 매천로 633-5,061-762-9220,사업장폐기물 등,운반용압착차량,1
272,여수센터,폐기물수집운반업,(주)바렉코퍼레이션,전라남도 광양시 옥정로 93-44 (성황동),,사업장폐기물 등,덤프트럭,2
273,여수센터,폐기물수집운반업,(주)매니지환경,전라남도 광양시 광양읍 직동1길 229,061-762-2227,사업장폐기물 등,암롤트럭,4
274,여수센터,폐기물수집운반업,(주)매니지환경,전라남도 광양시 광양읍 직동1길 229,061-762-2227,사업장폐기물 등,기타차량,1
275,여수센터,폐기물수집운반업,(주)매니지환경,전라남도 광양시 광양읍 직동1길 229,061-762-2227,사업장폐기물 등,운반용압착차량,1
276,여수센터,폐기물수집운반업,(주)마루기업,전라남도 광양시 제철로 1134 (황길동),061-792-8111,사업장폐기물 등,덤프트럭,6
277,여수센터,폐기물수집운반업,(주)마래이엔티,전라남도 광양시 광양읍 제철로 395-2,061-761-7783,사업장폐기물 등,덤프트럭,6
278,여수센터,폐기물수집운반업,(주)디에이치운송,전라남도 광양시 김시식지1길 57-63\_ 2층 (태인동),,사업장폐기물 등,덤프트럭,2
279,여수센터,폐기물수집운반업,(주)동후,전라남도 광양시 폭포사랑길 20-26 (금호동),061-760-8565,사업장폐기물 등,기타차량,2
280,여수센터,폐기물종합재활용업,(주)더함자원,전라남도 광양시 옥정로 93-28 (성황동),,사업장폐기물 등,기계식상차장치부착차량,1
281,여수센터,폐기물종합재활용업,(주)더함자원,전라남도 광양시 옥정로 93-28 (성황동),,사업장폐기물 등,기타차량,1
282,여수센터,폐기물종합재활용업,(주)더함자원,전라남도 광양시 옥정로 93-28 (성황동),,사업장폐기물 등,카고트럭,1
283,여수센터,폐기물수집운반업,(주)대한산업,전라남도 광양시 길호5길 14\_ 102호 (중동),,사업장폐기물 등,덤프트럭,7
284,여수센터,폐기물수집운반업,(주)대한물류,전라남도 광양시 항만9로 148\_ 2층 (중동),061-772-9005,사업장폐기물 등,덤프트럭,2
285,여수센터,폐기물수집운반업,(주)대원특수,전라남도 광양시 진월면 백운1로 532,061-794-8458,사업장폐기물 등,기타차량,14
286,여수센터,폐기물수집운반업,(주)대원특수,전라남도 광양시 진월면 백운1로 532,061-794-8458,사업장폐기물 등,덤프트럭,4
287,여수센터,폐기물수집운반업,(주)대원이엔티,전라남도 광양시 광양읍 직동1길 24,061-772-8700,사업장폐기물 등,암롤트럭,6
288,여수센터,폐기물수집운반업,(주)대원이엔티,전라남도 광양시 광양읍 직동1길 24,061-772-8700,사업장폐기물 등,기계식상차장치부착차량,1
289,여수센터,폐기물수집운반업,(주)대원이엔티,전라남도 광양시 광양읍 직동1길 24,061-772-8700,사업장폐기물 등,암롤트럭,4
290,여수센터,폐기물수집운반업,(주)대원이엔티,전라남도 광양시 광양읍 직동1길 24,061-772-8700,사업장폐기물 등,운반용압착차량,1
291,여수센터,폐기물수집운반업,(주)대원이엔티,전라남도 광양시 광양읍 직동1길 24,061-772-8700,사업장폐기물 등,기타차량,1
292,여수센터,폐기물수집운반업,(주)대웅,전라남도 광양시 태인길 18 (태인동),061-792-0209,사업장폐기물 등,기타차량,1
293,여수센터,폐기물수집운반업,(주)대웅,전라남도 광양시 태인길 18 (태인동),061-792-0209,사업장폐기물 등,집게차,1
294,여수센터,폐기물수집운반업,(주)대영기업,전라남도 광양시 진월면 백운1로 526,061-772-7901,사업장폐기물 등,덤프트럭,2
295,여수센터,폐기물수집운반업,(주)대광,전라남도 광양시 태인5길 7 (태인동),061-792-7000,사업장폐기물 등,덤프트럭,6
296,여수센터,폐기물수집운반업,(주)대광,전라남도 광양시 태인5길 7 (태인동),061-792-7000,사업장폐기물 등,밀폐식차량,1
297,여수센터,폐기물수집운반업,(주)남진환경,전라남도 광양시 제철로 637 (황금동),061-794-3400,사업장폐기물 등,암롤트럭,3
298,여수센터,폐기물수집운반업,(주)남진환경,전라남도 광양시 제철로 637 (황금동),061-794-3400,사업장폐기물 등,카고트럭,1
299,여수센터,폐기물수집운반업,(주)남진환경,전라남도 광양시 제철로 637 (황금동),061-794-3400,사업장폐기물 등,기계식상차장치부착차량,1
300,여수센터,폐기물수집운반업,(주)남진환경,전라남도 광양시 제철로 637 (황금동),061-794-3400,사업장폐기물 등,기타차량,1
301,여수센터,폐기물종합재활용업,(주)금홍,전라남도 광양시 광양읍 초남2공단2길 70,061-761-1558,사업장폐기물 등,기타차량,14
302,여수센터,폐기물수집운반업,(주)금호,전라남도 광양시 중마청룡길 6 (중동),061-792-8234,사업장폐기물 등,밀폐식차량,1
303,여수센터,폐기물수집운반업,(주)금호,전라남도 광양시 중마청룡길 6 (중동),061-792-8234,사업장폐기물 등,기계식상차장치부착차량,1
304,여수센터,폐기물수집운반업,(주)그린이엔지,전라남도 광양시 광양읍 인덕4길 17,061-762-8869,사업장폐기물 등,기타차량,1
305,여수센터,폐기물수집운반업,(주)그린이엔지,전라남도 광양시 광양읍 인덕4길 17,061-762-8869,사업장폐기물 등,카고트럭,1
306,여수센터,폐기물수집운반업,(주)광양환경공사,전라남도 광양시 광양읍 유당로 35,061-761-0067,사업장폐기물 등,운반용압착차량,15
307,여수센터,폐기물수집운반업,(주)광양환경공사,전라남도 광양시 광양읍 유당로 35,061-761-0067,사업장폐기물 등,밀폐식차량,9
308,여수센터,폐기물수집운반업,(주)광양환경공사,전라남도 광양시 광양읍 유당로 35,061-761-0067,사업장폐기물 등,기타차량,3
309,여수센터,폐기물수집운반업,(주)광양환경공사,전라남도 광양시 광양읍 유당로 35,061-761-0067,사업장폐기물 등,덤프트럭,9
310,여수센터,폐기물수집운반업,(주)광양환경공사,전라남도 광양시 광양읍 유당로 35,061-761-0067,사업장폐기물 등,진개차,3
311,여수센터,폐기물수집운반업,(주)광양환경공사,전라남도 광양시 광양읍 유당로 35,061-761-0067,사업장폐기물 등,암롤트럭,1
312,여수센터,폐기물수집운반업,(주)광양환경공사,전라남도 광양시 광양읍 유당로 35,061-761-0067,사업장폐기물 등,집게차,1
313,여수센터,폐기물수집운반업,(주)광양환경,전라남도 광양시 광양읍 직동1길 13,061-762-8259,사업장폐기물 등,기타차량,2
314,여수센터,폐기물종합재활용업,(주)광양이엔에스,전라남도 광양시 옥정로 93-42 (성황동),061-795-9275,사업장폐기물 등,밀폐식차량,1
315,여수센터,폐기물수집운반업,(주)광양기업,전라남도 광양시 삼봉산로 10 (태인동),061-798-4001,사업장폐기물 등,기타차량,13
316,여수센터,폐기물수집운반업,(주)광양기업,전라남도 광양시 삼봉산로 10 (태인동),061-798-4001,사업장폐기물 등,운반용압착차량,3
317,여수센터,폐기물수집운반업,(주)광양기업,전라남도 광양시 삼봉산로 10 (태인동),061-798-4001,사업장폐기물 등,암롤트럭,4
318,여수센터,폐기물수집운반업,(주)광양기업,전라남도 광양시 삼봉산로 10 (태인동),061-798-4001,사업장폐기물 등,카고트럭,1
319,여수센터,폐기물수집운반업,(주)광양기업,전라남도 광양시 삼봉산로 10 (태인동),061-798-4001,사업장폐기물 등,덤프트럭,4
320,여수센터,폐기물수집운반업,(주)경진물류,전라남도 광양시 중마로 15\_ 내트럭하우스 210호 (도이동),061-791-2041,사업장폐기물 등,덤프트럭,4
321,여수센터,폐기물수집운반업,(주)경진물류,전라남도 광양시 중마로 15\_ 내트럭하우스 210호 (도이동),061-791-2041,사업장폐기물 등,카고트럭,2
322,여수센터,폐기물수집운반업,(주)경진물류,전라남도 광양시 중마로 15\_ 내트럭하우스 210호 (도이동),061-791-2041,사업장폐기물 등,기타차량,1
323,여수센터,폐기물수집운반업,(주)거우,전라남도 광양시 광포3길 3 (광영동),061-794-2334,사업장폐기물 등,덤프트럭,2
324,여수센터,폐기물수집운반업,(주)HR-PORT,전라남도 광양시 제철로 1655-251\_ 포스코해운센터 D동 3호 (금호동),061-792-3437,사업장폐기물 등,운반용압착차량,1
325,여수센터,폐기물수집운반업,(주)HR-PORT,전라남도 광양시 제철로 1655-251\_ 포스코해운센터 D동 3호 (금호동),061-792-3437,사업장폐기물 등,암롤트럭,1
326,여수센터,폐기물수집운반업,(유)한신특수,전라남도 광양시 진월면 백운1로 477\_ 2층,,사업장폐기물 등,기타차량,14
327,여수센터,폐기물수집운반업,(유)청아특수,전라남도 광양시 옥곡면 신금산단5길 61\_ 3층,061-772-5135,사업장폐기물 등,기타차량,8
328,여수센터,폐기물수집운반업,(유)제후기업,전라남도 광양시 사동로 5 (중동),,사업장폐기물 등,덤프트럭,2
329,여수센터,폐기물수집운반업,(유)우성통운,전라남도 광양시 삼봉산로 29 (태인동),061-791-4410,사업장폐기물 등,기타차량,2
330,여수센터,폐기물수집운반업,(유)신한성,전라남도 광양시 광양읍 초남공단1길 23,061-762-7080,사업장폐기물 등,콘테이너트럭,5
331,여수센터,폐기물수집운반업,(유)신성물류산업,전라남도 광양시 중마로 35\_ 2층 (중동),,사업장폐기물 등,밀폐식차량,1
332,여수센터,폐기물수집운반업,(유)신성물류산업,전라남도 광양시 중마로 35\_ 2층 (중동),,사업장폐기물 등,카고트럭,1
333,여수센터,폐기물수집운반업,(유)세림상운,전라남도 광양시 옥곡면 옥정로 347\_ 3층,061-792-5709,사업장폐기물 등,기타차량,12
334,여수센터,폐기물수집운반업,(유)세림상운,전라남도 광양시 옥곡면 옥정로 347\_ 3층,061-792-5709,사업장폐기물 등,덤프트럭,57
335,여수센터,폐기물수집운반업,(유)세림상운,전라남도 광양시 옥곡면 옥정로 347\_ 3층,061-792-5709,사업장폐기물 등,덤프트럭,9
336,여수센터,폐기물수집운반업,(유)마로현로지스,전라남도 광양시 태인4길 33\_ ㈜대한통운 (태인동),,사업장폐기물 등,덤프트럭,2
337,여수센터,폐기물 수집·운반업체,수인환경,경상남도 남해군 고현면 남해대로 3047\_ 1동 1층 2호,055-864-2927,"폐합성수지, 폐합성섬유(고상) 등",카고트럭,4대
338,여수센터,폐기물 수집·운반업체,(주)에코,경상남도 남해군 남해읍 에코파크길 81-23\_ 102호호,055-862-2414,"폐합성수지, 폐합성고무, 폐패각 등",암롤트럭,1대
339,여수센터,폐기물 수집·운반업체,(주)에코,경상남도 남해군 남해읍 에코파크길 81-23\_ 102호호,055-862-2414,"폐합성수지, 폐합성고무, 폐패각 등",카고트럭,2대
340,여수센터,폐기물 수집·운반업체,(주)에코,경상남도 남해군 남해읍 에코파크길 81-23\_ 102호호,055-862-2414,"폐합성수지, 폐합성고무, 폐패각 등",기계식상차장치부착차량,2대
341,여수센터,폐기물 수집·운반업체,(주)브이앤이,경상남도 남해군 남해읍 에코파크길 65-10,055-864-7575,"하수처리오니, 음식물류폐기물, 폐수처리오니",덤프트럭,2대
342,여수센터,폐기물 수집·운반업체,삼일환경,경상남도 남해군 남해읍 북변리 5-47,055-862-8940,"폐합성수지, 폐어망, 폐패각, 임목폐목재 등",기계식상차장치부착차량,3대
343,여수센터,폐기물 수집·운반업체,삼일환경,경상남도 남해군 남해읍 북변리 5-47,055-862-8940,"폐합성수지, 폐어망, 폐패각, 임목폐목재 등",암롤트럭,1대
344,여수센터,폐기물 수집·운반업체,삼일환경,경상남도 남해군 남해읍 북변리 5-47,055-862-8940,"폐합성수지, 폐어망, 폐패각, 임목폐목재 등",밀폐식차량,1대
345,여수센터,폐기물 수집·운반업체,남해자원,경상남도 남해군 남해읍 에코파크길 31,055-864-5859,"폐합성수지류, 폐패각, 폐목재류",기계식상차장치부착차량,2대
346,여수센터,폐기물 수집·운반업체,남해자원,경상남도 남해군 남해읍 에코파크길 31,055-864-5859,"폐합성수지류, 폐패각, 폐목재류",암롤트럭,1대
347,여수센터,폐기물 수집·운반업체,남해자원,경상남도 남해군 남해읍 에코파크길 31,055-864-5859,"폐합성수지류, 폐패각, 폐목재류",카고트럭,1대
348,여수센터,폐기물 중간처리업체,(주)브이앤이,경상남도 남해군 남해읍 에코파크길 65-10,055-864-7575,"하수처리오니, 음식물류 폐기물",밀폐식차량,1대
349,여수센터,폐기물 중간처리업체,(주)브이앤이,경상남도 남해군 남해읍 에코파크길 65-10,055-864-7575,"하수처리오니, 음식물류 폐기물",카고트럭,2대
350,여수센터,폐기물 중간처리업체,(주)브이앤이,경상남도 남해군 남해읍 에코파크길 65-10,055-864-7575,"하수처리오니, 음식물류 폐기물",밀폐식차량,4대
351,여수센터,폐기물 중간처리업체,보물섬환경,경상남도 남해군 남해읍 에코파크길 29,055-864-5859,"폐목재, 폐합성수지, 폐판넬, 임목폐목재, 폐어망 등",암롤트럭,2대
352,여수센터,폐기물 중간처리업체,보물섬환경,경상남도 남해군 남해읍 에코파크길 29,055-864-5859,"폐목재, 폐합성수지, 폐판넬, 임목폐목재, 폐어망 등",집게차,1대
353,여수센터,중장비 업체,㈜한려종합중기,"경상남도 남해군 남해읍 화전로 154, 101동 203호",055-864-5105,,덤프트럭,15대
354,여수센터,중장비 업체,㈜한려종합중기,"경상남도 남해군 남해읍 화전로 154, 101동 203호",055-864-5105,,굴삭기,180대
355,여수센터,중장비 업체,㈜한려종합중기,"경상남도 남해군 남해읍 화전로 154, 101동 203호",055-864-5105,,로더,1대
356,여수센터,중장비 업체,㈜한려종합중기,"경상남도 남해군 남해읍 화전로 154, 101동 203호",055-864-5105,,지게차,10대
357,여수센터,중장비 업체,㈜한려종합중기,"경상남도 남해군 남해읍 화전로 154, 101동 203호",055-864-5105,,불도저,1대
358,여수센터,중장비 업체,㈜초원환경,경상남도 남해군 고현면 남해대로 3243-26,055-864-7460,,굴삭기,2대
359,여수센터,중장비 업체,㈜초원환경,경상남도 남해군 고현면 남해대로 3243-26,055-864-7460,,로더,2대
360,여수센터,중장비 업체,㈜초원환경,경상남도 남해군 고현면 남해대로 3243-26,055-864-7460,,덤프트럭,8대
361,여수센터,중장비 업체,남해건설협동조합,경상남도 남해군 남해읍 남해대로 2981-13,055-863-4563,,굴삭기,1대
362,여수센터,중장비 업체,남해건설협동조합,경상남도 남해군 남해읍 남해대로 2981-13,055-863-4563,,로더,1대
363,여수센터,중장비 업체,남해건설협동조합,경상남도 남해군 남해읍 남해대로 2981-13,055-863-4563,,지게차,1대
364,여수센터,중장비 업체,남해건설협동조합,경상남도 남해군 남해읍 남해대로 2981-13,055-863-4563,,덤프트럭,1대
365,여수센터,중장비 협회,순천건설기계연합회,-,061-723-3666,,크레인,300대
366,여수센터,중장비 협회,순천건설기계연합회,-,061-723-3666,,덤프,300대
367,여수센터,생활폐기물 수집운반업,백진환경합자회사,전라남도 순천시 대룡길 10 (대룡동),061-742-6701,폐합성수지 등,암롤트럭,1대
368,여수센터,생활폐기물 수집운반업,백진환경합자회사,전라남도 순천시 대룡길 11 (대룡동),061-742-6702,폐합성수지 등,밀폐식차량,4대
369,여수센터,생활폐기물 수집운반업,백진환경합자회사,전라남도 순천시 대룡길 12 (대룡동),061-742-6703,폐합성수지 등,운반용압축차량,4대
370,여수센터,생활폐기물 수집운반업,백진환경합자회사,전라남도 순천시 대룡길 13 (대룡동),061-742-6704,폐합성수지 등,카고트럭,1대
371,여수센터,사업장비배출시설계 폐기물 수집운반업,부일환경㈜,전라남도 순천시 해촌길 14(조례동),061-723-4000,사업장폐기물,암롤트럭,1대
372,여수센터,사업장비배출시설계 폐기물 수집운반업,부일환경㈜,전라남도 순천시 해촌길 14(조례동),061-723-4000,사업장폐기물,운반용압착차량,2대
373,여수센터,사업장비배출시설계 폐기물 수집운반업,부일환경㈜,전라남도 순천시 해촌길 14(조례동),061-723-4000,사업장폐기물,밀폐식차량,6대
374,여수센터,사업장비배출시설계 폐기물 수집운반업,부일환경㈜,전라남도 순천시 해촌길 14(조례동),061-723-4000,사업장폐기물,덤프트럭,1대
375,여수센터,폐기물 수집·운반업체,(유)동부환경,여수시 상암로 325,061-653-7666,사업장 배출시설계 폐기물,밀폐식차량,4
376,여수센터,폐기물 수집·운반업체,(유)동부환경,여수시 상암로 325,061-653-7666,사업장 배출시설계 폐기물,암롤트럭,4
377,여수센터,폐기물 수집·운반업체,(유)동부환경,여수시 상암로 325,061-653-7666,사업장 배출시설계 폐기물,기계식상차장치부착차량,1
378,여수센터,폐기물 수집·운반업체,(주)녹색환경산업,여수시 소라면 봉두로 61,061-685-3300,사업장 배출시설계 폐기물,밀폐식 운반차량,3
379,여수센터,폐기물 수집·운반업체,(주)녹색환경산업,여수시 소라면 봉두로 61,061-685-3300,사업장 배출시설계 폐기물,밀폐형 덮개 차량,26
380,여수센터,폐기물 수집·운반업체,초록환경산업㈜,여수시 소라면 사곡로 190-6,061-642-6113,사업장 배출시설계 폐기물,카고트럭,1
381,여수센터,폐기물 수집·운반업체,초록환경산업㈜,여수시 소라면 사곡로 190-6,061-642-6113,사업장 배출시설계 폐기물,암롤트럭,1
382,여수센터,폐기물 수집·운반업체,(유)중앙환경건설,여수시 둔덕2길 46,061-654-5301,사업장 배출시설계 폐기물,트럭,2
383,여수센터,폐기물 수집·운반업체,㈜동남환경,여수시 여수산단1로 306,061-685-1525,사업장 배출시설계 폐기물,기계식상차장치부착차량,2
384,여수센터,폐기물 수집·운반업체,㈜동남환경,여수시 여수산단1로 306,061-685-1525,사업장 배출시설계 폐기물,암롤트럭,4
385,여수센터,폐기물 수집·운반업체,㈜동남환경,여수시 여수산단1로 306,061-685-1525,사업장 배출시설계 폐기물,카고트럭,1
386,여수센터,폐기물 수집·운반업체,㈜동남환경,여수시 여수산단1로 306,061-685-1525,사업장 배출시설계 폐기물,기타차량,1
387,여수센터,폐기물 수집·운반업체,㈜유진환경산업,여수시 상암로 648,061-686-9293,사업장 배출시설계 폐기물,덤프트럭,11
388,여수센터,폐기물 수집·운반업체,㈜유진환경산업,여수시 상암로 648,061-686-9293,사업장 배출시설계 폐기물,암롤트럭,1
389,여수센터,폐기물 수집·운반업체,㈜유진환경산업,여수시 상암로 648,061-686-9293,사업장 배출시설계 폐기물,기계식상차장치부착차량,1
390,여수센터,폐기물 수집·운반업체,(유)대한환경,여수시 연등1길 175,061-666-2220,사업장 배출시설계 폐기물,밀폐형덮개차량,3
391,구미센터,종합재활용업,동호테크,경상북도 구미시 산동읍 동백로 243,054-474-2245,폐내화물,수집운반차량,1
392,구미센터,종합재활용업,우원농장,경상북도 구미시 도개면 용산가산길 265-27,,"하수처리오니,분뇨처리오니,가축분뇨처리오니,펄프제지공정오니,펄프ㆍ제지폐수처리오니,그 밖의 폐수처리오니,그 밖의 식물성잔재물",수집운반차량,1
393,구미센터,수집운반업,해평농산,경상북도 구미시 장천면 심곡1길 92,,배출시설계폐기물,수집운반차량,4
394,구미센터,수집운반업,(주)구미환경,경상북도 구미시 산호대로32길 5 (옥계동),054-456-1617,배출시설계폐기물,수집운반차량,13
395,구미센터,수집운반업,(주)모드멘,경상북도 구미시 3공단3로 46-79 (시미동),054-473-1116,배출시설계폐기물,수집운반차량,4
396,구미센터,수집운반업,(주)카이텍,경상북도 구미시 인동43길 21 (구평동),,배출시설계폐기물,수집운반차량,2
397,구미센터,수집운반업,(주)팔팔로지스,"경상북도 구미시 임은길 39, 2층 (임은동)",054-461-8805,배출시설계폐기물,수집운반차량,11
398,구미센터,수집운반업,건화상사,경상북도 구미시 왕산로5길 14-7 (임은동),054-465-4151,배출시설계폐기물,수집운반차량,3
399,구미센터,수집운반업,경안환경,경상북도 구미시 산동읍 임천인덕로 188,054-472-5260,배출시설계폐기물,수집운반차량,2
400,구미센터,수집운반업,금오환경,경상북도 구미시 고아읍 포아로 570,054-456-0090,배출시설계폐기물,수집운반차량,3
401,구미센터,수집운반업,대산자원,경상북도 구미시 고아읍 이례로 24-1,,배출시설계폐기물,수집운반차량,3
402,구미센터,수집운반업,대신환경,"경상북도 구미시 인동48길 33-49, 문화빌 102호",054-474-1723,배출시설계폐기물,수집운반차량,2
403,구미센터,수집운반업,모든자원,경상북도 구미시 해평면 강동로 1248-38,054-471-6994,배출시설계폐기물,수집운반차량,2
404,구미센터,수집운반업,범성환경,경상북도 구미시 구미중앙로42길 5-66 (송정동),,배출시설계폐기물,수집운반차량,6
405,구미센터,수집운반업,삼성환경,경상북도 구미시 고아읍 선산대로 1059-3,,배출시설계폐기물,수집운반차량,3
406,구미센터,수집운반업,세정하이테크(주),경상북도 구미시 고아읍 선산대로 556-32,054-476-6456,배출시설계폐기물,수집운반차량,3
407,구미센터,수집운반업,에버크린,"경상북도 구미시 3공단1로 302-7, 구미공구상가 4동 211호 (임수동)",054-471-1960,배출시설계폐기물,수집운반차량,2
408,구미센터,수집운반업,(주)서흥산업,경상북도 구미시 봉곡남로9길 5 (봉곡동),,배출시설계폐기물,수집운반차량,2
409,구미센터,수집운반업,(주)진영이앤아이,"경상북도 구미시 산동읍 첨단기업1로 17, 구미전자정보기술원 혁신관 203호",054-472-0085,배출시설계폐기물,수집운반차량,2
410,구미센터,수집운반업,주식회사 화신,"경상북도 구미시 봉곡서로11길 19, 102호 (봉곡동)",054-476-6316,배출시설계폐기물,수집운반차량,2
411,구미센터,수집운반업,전원환경 주식회사,"경상북도 구미시 수출대로 523, 301호 (황상동)",054-474-5001,배출시설계폐기물,수집운반차량,2
412,구미센터,수집운반업,혜원자원,경상북도 구미시 4공단로 172-8 (구포동),054-471-4009,배출시설계폐기물,수집운반차량,4
413,구미센터,수집운반업,(주)동특,"경상북도 구미시 낙동강변로 61, 구미화물터미널 204 (오태동)",054-465-0764,배출시설계폐기물,수집운반차량,2
414,구미센터,수집운반업,대광(주),경상북도 구미시 고아읍 원대로 82,,배출시설계폐기물,수집운반차량,2
415,구미센터,수집운반업,부자자원,경상북도 구미시 야은로7길 20-47 (부곡동),,배출시설계폐기물,수집운반차량,2
416,구미센터,수집운반업,아성환경,경상북도 구미시 고아읍 선산대로 512,054-457-9689,배출시설계폐기물,수집운반차량,2
417,구미센터,수집운반업,문성환경,경상북도 구미시 산동읍 임천인덕로 178-5,,배출시설계폐기물,수집운반차량,2
418,구미센터,수집운반업,(주)구미종합물류,"경상북도 구미시 3공단1로 271, 301호 (임수동)",054-474-0547,배출시설계폐기물,수집운반차량,7
419,구미센터,수집운반업,(주)그린환경,경상북도 구미시 지산1길 40 (지산동),054-461-9896,배출시설계폐기물,수집운반차량,2
420,구미센터,수집운반업,(주)희망플라스틱,경상북도 구미시 고아읍 파산2길 19-1,054-482-7380,배출시설계폐기물,수집운반차량,3
421,구미센터,수집운반업,대영산업,경상북도 구미시 산동읍 성림길 35-8,,배출시설계폐기물,수집운반차량,2
422,구미센터,수집운반업,주식회사 티앤에스(지점),"경상북도 구미시 1공단로10길 53-24, 2층 (공단동)",054-800-8070,배출시설계폐기물,수집운반차량,29
423,구미센터,수집운반업,(주)에스에이치로지스,"경상북도 구미시 인동25길 15, 202호 (인의동)",054-473-0208,배출시설계폐기물,수집운반차량,2
424,구미센터,수집운반업,남경자원,경상북도 구미시 고아읍 선산대로 736,,배출시설계폐기물,수집운반차량,2
425,구미센터,수집운반업,㈜금광운수,경상북도 구미시 구미중앙로42길 5-66,,배출시설계폐기물,수집운반차량,6
426,구미센터,수집운반업,선일에코,"경상북도 구미시 박정희로9길 13-1, 202호",,배출시설계폐기물,수집운반차량,2
427,구미센터,중장비 업체,동우종합중기,"경상북도 구미시 백산로 167, 401호(송정동)",,,굴삭기 등,18
428,구미센터,중장비 업체,구미종합중기,경상북도 구미시 수출대로 340(임수동),,,굴삭기 등,46
429,구미센터,중장비 업체,금오종합중기,경상북도 구미시 송정대로143-8(송정동),,,굴삭기 등,22
430,구미센터,중장비 업체,근아상사,대구광역시 군위군 소보면 서금로 284-10,057-8382-4703,,굴삭기(무한궤도식),1
431,구미센터,중장비 업체,(주)대인중기,대구광역시 군위군 군위읍 경북대로 3986,054-382-8977,,굴삭기(타이어식),76
432,구미센터,중장비 업체,평강농업회사법인주식회사,대구광역시 군위군 군위읍 대흥1길 14-45,,,굴삭기(무한궤도식),1
433,구미센터,중장비 업체,경북현대중기 주식회사,대구광역시 군위군 효령면 하평길 7,053-953-7766,,굴삭기(타이어식),50
434,구미센터,중장비 업체,경북현대중기 주식회사,대구광역시 군위군 효령면 하평길 7,053-953-7766,,굴삭기(무한궤도식),26
435,구미센터,중장비 업체,군위중기 주식회사,대구광역시 군위군 소보면 송원3길 35-16,054-383-2501,,굴삭기(타이어식),139
436,구미센터,중장비 업체,군위중기 주식회사,대구광역시 군위군 소보면 송원3길 35-16,054-383-2501,,굴삭기(무한궤도식),42
437,구미센터,중장비 업체,(주)군위건설기계,대구광역시 군위군 군위읍 군청로 140,054-383-4466,,굴삭기(타이어식),139
438,구미센터,중장비 업체,(주)군위건설기계,대구광역시 군위군 군위읍 군청로 140,054-383-4466,,굴삭기(무한궤도식),42
439,구미센터,중장비 업체,대성건업,대구광역시 군위군 군위읍 동서7길 9-13,,,굴삭기(무한궤도식),1
440,구미센터,중장비 업체,산동건설(주),대구광역시 군위군 소보면 송원4길 2,054-382-4154,,굴삭기(무한궤도식),1
441,구미센터,중장비 업체,대성건설(주),"대구광역시 군위군 군위읍 경북대로 3389, 401호",054-382-8825,,굴삭기(타이어식),1
442,구미센터,중장비 업체,대성건설(주),"대구광역시 군위군 군위읍 경북대로 3389, 401호",054-382-8825,,굴삭기(무한궤도식),1
443,구미센터,폐기물 수집·운반업체,(주)그린리싸이텍 (수집운반),경상북도 김천시 감천면 금감로 1222-11,,사업장배출시설계폐기물,기계식상차장치부착차량,1
444,구미센터,폐기물 수집·운반업체,(주)그린리싸이텍 (수집운반),경상북도 김천시 감천면 금감로 1222-11,,사업장배출시설계폐기물,밀폐식차량,1
445,구미센터,폐기물 수집·운반업체,(주)그린리싸이텍 (수집운반),경상북도 김천시 감천면 금감로 1222-11,,사업장배출시설계폐기물,카고트럭,1
446,구미센터,폐기물 수집·운반업체,(주)중원,경상북도 김천시 양천동 114-5,054-810-8595,그 밖의 무기성오니 / 폐수처리오니,덤프트럭,4
447,구미센터,폐기물 수집·운반업체,거성환경,경상북도 김천시 하로길 96 (양천동),054-433-2221,사업장배출시설계폐기물,기계식상차장치부착차량,1
448,구미센터,폐기물 수집·운반업체,거성환경,경상북도 김천시 하로길 96 (양천동),054-433-2221,사업장배출시설계폐기물,카고트럭,1
449,구미센터,폐기물 수집·운반업체,녹색자원,경상북도 김천시 신기3길 4-1 (신음동),,그 밖의 폐섬유,밀폐식차량,2
450,구미센터,폐기물 수집·운반업체,녹색자원,경상북도 김천시 신기3길 4-1 (신음동),,그 밖의 폐섬유,카고트럭,3
451,구미센터,폐기물 수집·운반업체,명품자원,경상북도 김천시 봉산면 봉산1로 213,054-439-0093,사업장배출시설계폐기물,집게차,1
452,구미센터,폐기물 수집·운반업체,명품자원,경상북도 김천시 봉산면 봉산1로 213,054-439-0093,사업장배출시설계폐기물,카고트럭,1
453,구미센터,폐기물 수집·운반업체,무진종합상사,경상북도 김천시 아포읍 야리길 36-15,,사업장배출시설계폐기물,기계식상차장치부착차량,2
454,구미센터,폐기물 수집·운반업체,무진종합상사,경상북도 김천시 아포읍 야리길 36-15,,사업장배출시설계폐기물,카고트럭,1
455,구미센터,폐기물 수집·운반업체,성경환경,경상북도 김천시 농소면 농남로 412,054-436-7747,사업장배출시설계폐기물,기계식상차장치부착차량,4
456,구미센터,폐기물 수집·운반업체,성경환경,경상북도 김천시 농소면 농남로 412,054-436-7747,사업장배출시설계폐기물,암롤트럭,3
457,구미센터,폐기물 수집·운반업체,성경환경,경상북도 김천시 농소면 농남로 412,054-436-7747,사업장배출시설계폐기물,카고트럭,1
458,구미센터,폐기물 수집·운반업체,숙기수지,경상북도 김천시 남면 농남로 912-3,,사업장배출시설계폐기물,기계식상차장치부착차량,1
459,구미센터,폐기물 수집·운반업체,숙기수지,경상북도 김천시 남면 농남로 912-3,,사업장배출시설계폐기물,집게차,2
460,구미센터,폐기물 수집·운반업체,숙기수지,경상북도 김천시 남면 농남로 912-3,,사업장배출시설계폐기물,카고트럭,3
461,구미센터,폐기물 수집·운반업체,신영환경,경상북도 김천시 남면 주천로 1501-6,,사업장생활계폐기물,암롤트럭,1
462,구미센터,폐기물 수집·운반업체,신영환경,경상북도 김천시 남면 주천로 1501-6,,사업장생활계폐기물,집게차,1
463,구미센터,폐기물 수집·운반업체,신영환경,경상북도 김천시 남면 주천로 1501-6,,사업장생활계폐기물,카고트럭,1
464,구미센터,폐기물 수집·운반업체,신원환경(주),경상북도 김천시 평화12길 16\_ 1층 (평화동),,폐수처리오니 / 영농폐기물(농업활동 과정에서 배출된 농업용 폐플라스틱 필름ㆍ시트류에 한정한다) 폐수처리오니 등,암롤트럭,2
465,구미센터,폐기물 수집·운반업체,신원환경(주),경상북도 김천시 평화12길 16\_ 1층 (평화동),,폐수처리오니 / 영농폐기물(농업활동 과정에서 배출된 농업용 폐플라스틱 필름ㆍ시트류에 한정한다) 폐수처리오니 등,탱크로리,1
466,구미센터,폐기물 수집·운반업체,초림환경(주),경상북도 구미시 송동로 42-53 (도량동),,폐합성수지류(폐염화비닐수지류는 제외한다) / 폐합성고무류 등,밀폐식차량,1
467,구미센터,폐기물 수집·운반업체,초림환경(주),경상북도 구미시 송동로 42-53 (도량동),,폐합성수지류(폐염화비닐수지류는 제외한다) / 폐합성고무류 등,탱크로리,2
468,구미센터,중장비 업체,효문건기(주),경상북도 문경시 시양골길 11(공평동),054-554-1561,,굴착기,1대
469,구미센터,중장비 업체,주식회사 일도건설,경상북도 문경시 점촌역옆길 19-1(점촌동),,,굴착기,2대
470,구미센터,중장비 업체,부강건설(주),경상북도 문경시 윤직동2길 34-38(점촌동),054-555-0407,,굴착기,6대
471,구미센터,중장비 업체,부강건설(주),경상북도 문경시 윤직동2길 34-38(점촌동),054-555-0407,,덤프트럭,2대
472,구미센터,중장비 업체,백학중기,경상북도 상주시 모서면 백학리 324번지,,,굴착기,1
473,구미센터,중장비 업체,상주대형중기화물(주),경상북도 상주시 식산로 96,,,굴착기,56
474,구미센터,중장비 업체,강산종합건기(주),경상북도 상주시 식산로 96,,,굴착기,90
475,구미센터,중장비 업체,대우종합건기(주),경상북도 상주시 식산로 96,,,굴착기,51
476,구미센터,중장비 업체,(주)삼백환경,경상북도 상주시 선상서로 2389-54,,,굴착기,1
477,구미센터,중장비 업체,(주) 우일 개발,경상북도 상주시 헌신1길 121,,,굴착기,1
478,구미센터,중장비 업체,(주) 미래종합건기,경상북도 상주시 외답4길 2,,,굴착기,109
479,구미센터,중장비 업체,프라콘,경상북도 상주시 은척면 우기1길 48-33,,,굴착기,15
480,구미센터,중장비 업체,(주)호경건설,경상북도 상주시 함창읍 함령길 94,,,굴착기,1
481,구미센터,중장비 업체,참먹거리영농조합,경상북도 상주시 내서면 서원리 278번지 5호,,,굴착기,
482,구미센터,중장비 업체,(주)가가종합특수,"경상북도 상주시 북상주로 26, 1층",,,굴착기,1
483,구미센터,중장비 업체,(주)예일,경상북도 상주시 왕산로 246-1,,,굴착기,1
484,구미센터,중장비 업체,주식회사 무림이엔씨,경상북도 상주시 외답6길 36,,,굴착기,1
485,구미센터,중장비 업체,미래디자인,경상북도 상주시 봉양1길 26,,,굴착기,1
486,구미센터,폐기물 수집·운반업체,금강물류(주) 상주영업소,경상북도 상주시 공검면 경상대로 4256-17,054-541-4412,"폐합성수지류, 사업장페기물 소각시설 바닥재 등",밀폐식차량,4
487,구미센터,폐기물 중간처리업체,㈜새한산업개발,경북 성주군 선남면 선노로 582-4,054-933-8568,폐합성수지 등,메가트럭,1
488,구미센터,폐기물 중간처리업체,㈜새한산업개발,경북 성주군 선남면 선노로 582-4,054-933-8568,폐합성수지 등,암롤트럭,1
489,구미센터,폐기물 중간처리업체,㈜새한산업개발,경북 성주군 선남면 선노로 582-4,054-933-8568,폐합성수지 등,크레인집게차,1
490,구미센터,폐기물 수집·운반업체,㈜더블에스,경북 성주군 월항면 죽관길 12-5,054-931-8872,폐합성수지 등,덤프트럭,2
491,구미센터,폐기물 수집·운반업체,대가환경기술,경북 성주군 대가면 참별로 2152,053-588-2500,폐합성수지 등,밀폐형덮개설치차량,2
492,구미센터,중장비 업체,(주)명선,경상북도 안동시 운동장길 24(정하동),054-854-5177,-,-,-
493,구미센터,중장비 업체,(주)안동건설기계,"경상북도 안동시 어가골윗길 10-3, B동 201호 (태화동, 우성상가)",054-841-8000,-,-,-
494,구미센터,중장비 업체,(주)동양중기,경상북도 안동시 강남7길 13(정하동),054-852-5995,-,-,-
495,구미센터,중장비 업체,금강건설기계(주),"경상북도 안동시 육사로 333, 2층 201호 (법흥동, 안동강변펠리시아아파트 상가동)",054-841-8300,-,-,-
496,구미센터,중장비 업체,정림산업,경상북도 안동시 송현동 389번지 10호,054-852-6958,-,-,-
497,구미센터,중장비 업체,(주)제일건설기계,"경상북도 안동시 광명로 212-16, 지하1층 107호 (옥동, 옥동삼성베스트캐슬)",054-853-9660,-,-,-
498,구미센터,중장비 업체,(주)부성포장중기,경상북도 안동시 앙실3길 19-60(수하동),054-858-2471,-,-,-
499,구미센터,중장비 업체,안동중앙펌프카,경상북도 안동시 충효로 4381(정상동),054-843-9797,-,-,-
500,구미센터,중장비 업체,(주)안동운수,경상북도 안동시 풍산읍 금당길 2,-,-,-,-
501,구미센터,중장비 업체,(주)낙동골재,경상북도 안동시 앙실2길 74-46(옥동),054-858-2881,-,-,-
502,구미센터,중장비 업체,제이에스건설기계(주),"경상북도 안동시 강남14길 76, 1층 에이-102호(정상동)",054-855-3236,-,-,-
503,구미센터,중장비 업체,(주)종합건설기계,경상북도 안동시 공단로 74(수상동),054-856-8855,-,-,-
504,구미센터,중장비 업체,(주)경북건설기계,"경상북도 안동시 서후면 귀여리길 32, 101호",-,-,-,-
505,구미센터,중장비 업체,나미(주),"경상북도 안동시 경북대로 418, 비이동 306호 (옥동, 테마프라자)",054-852-2355,-,-,-
506,구미센터,중장비 업체,(주)성광조경,"경상북도 안동시 경북대로 679-16, 1층(송현동)",054-842-2013,-,-,-
507,구미센터,중장비 업체,여산,경상북도 안동시 와룡면 태리 135번지 6호,-,-,-,-
508,구미센터,중장비 업체,대흥스틸산업,경상북도 안동시 강남로 10-3(수상동),054-858-8181,-,-,-
509,구미센터,중장비 업체,에이스 미니포크레인 미니굴착기 대여,경상북도 안동시 숲쟁이1길 1(용상동),-,-,-,-
510,구미센터,중장비 업체,케이에스산업,경상북도 안동시 풍천면 월애길 178-50,-,-,-,-
511,구미센터,중장비 업체,청룡중기,"경상북도 안동시 제비원로 268-7(안기동, 상가 113호)",-,-,-,-
512,구미센터,중장비 업체,(주)선명포장,경상북도 안동시 서후면 학가산온천길 214-13,054-843-8860,-,-,-
513,구미센터,중장비 업체,(주)강운,경상북도 안동시 임하면 충효로 3445,054-852-4170,-,-,-
514,구미센터,중장비 업체,신건건업,경상북도 안동시 남선면 기느리길 226,-,-,-,-
515,구미센터,중장비 업체,동안동건설기계,경상북도 안동시 임하면 신덕리 1023번지 8호,-,-,-,-
516,구미센터,중장비 업체,대길건설기계,경상북도 안동시 수상동 780번지 4호,-,-,-,-
517,구미센터,폐기물 수집·운반업체,(주)길물류,경상북도 영주시 적서로 277 (적서동),0546384321,"폐수처리오니, 사업장배출시설계폐기물, 폐합성섬유",덤프트럭,6대
518,구미센터,폐기물 수집·운반업체,(주)길물류,경상북도 영주시 적서로 277 (적서동),0546384321,"폐수처리오니, 사업장배출시설계폐기물, 폐합성섬유",카고트럭,1대
519,구미센터,폐기물 수집·운반업체,(주)대신환경,경상북도 영주시 적서공단로 134-1 (적서동),054-635-5577,하수준설토,탱크로리,1대
520,구미센터,폐기물 수집·운반업체,(주)대신환경,경상북도 영주시 적서공단로 134-1 (적서동),054-635-5577,하수준설토,밀폐식차량,1대
521,구미센터,중장비 업체,(사)건설기계 개별연명 사업자 협회 경북의성지회,,054- 830-6176,,,의성군 MOU체결
522,울산센터,폐기물 수집·운반업체,세아산업㈜,울산광역시 남구 산업로118번길 8(상개동),052-261-8555,사업장배출시설계(고상),암롤트럭,5대
523,울산센터,폐기물 수집·운반업체,세아산업㈜,울산광역시 남구 산업로118번길 8(상개동),052-261-8555,사업장배출시설계(고상),집게트럭,1대
524,울산센터,폐기물 수집·운반업체,세아산업㈜,울산광역시 남구 산업로118번길 8(상개동),052-261-8555,사업장배출시설계(고상),기계식상차장치,1대
525,울산센터,폐기물 수집·운반업체,세아산업㈜,울산광역시 남구 산업로118번길 8(상개동),052-261-8555,사업장배출시설계(고상),덤프트럭,1대
526,울산센터,폐기물 수집·운반업체,NC울산㈜,울산광역시 남구 용잠로 339(용잠동),052-256-0111,사업장배출시설계(고상),크레인,1대
527,울산센터,폐기물 수집·운반업체,NC울산㈜,울산광역시 남구 용잠로 340(용잠동),052-256-0112,사업장배출시설계(고상),크레인카고,1대
528,울산센터,폐기물 수집·운반업체,임창산업,"울산광역시 남구 두왕로 190 (선암동, 한라전원맨션), 상가 2호",052-257-0399,사업장배출시설계(고상),덤프트럭,1대
529,울산센터,폐기물 수집·운반업체,임창산업,"울산광역시 남구 두왕로 190 (선암동, 한라전원맨션), 상가 3호",052-257-0400,사업장배출시설계(고상),암롤트럭,2대
530,울산센터,폐기물 수집·운반업체,㈜영진에코,울산광역시 남구 용잠로 328 (용잠동),052-256-1597,"사업장배출시설계(고상, 액상)",암롤트럭,5대
531,울산센터,폐기물 수집·운반업체,㈜영진에코,울산광역시 남구 용잠로 328 (용잠동),052-256-1597,"사업장배출시설계(고상, 액상)",기계식상차장치,2대
532,울산센터,폐기물 수집·운반업체,씨제이대한통운㈜,울산광역시 남구 장생포고래로 292 (매암동),052-226-3356,사업장배출시설계(고상),덤프트럭,5대
533,울산센터,폐기물 수집·운반업체,씨제이대한통운㈜,울산광역시 남구 장생포고래로 292 (매암동),052-226-3356,사업장배출시설계(고상),트랙터,1대
534,울산센터,폐기물 수집·운반업체,재호상사,울산광역시 남구 산업로382번길 8 (여천동),052-272-2379,사업장배출시설계(고상),집게트럭,2대
535,울산센터,폐기물 수집·운반업체,재호상사,울산광역시 남구 산업로382번길 8 (여천동),052-272-2379,사업장배출시설계(고상),크레인집게차,1대
536,울산센터,폐기물 수집·운반업체,대웅상사,울산광역시 남구 화합로 86-34 (여천동),052-265-3799,사업장배출시설계(고상),하이카,2대
537,울산센터,폐기물 수집·운반업체,대웅상사,울산광역시 남구 화합로 86-34 (여천동),052-265-3799,사업장배출시설계(고상),윙바디,1대
538,울산센터,폐기물 수집·운반업체,㈜부천이엔티,"울산광역시 남구 정동로104번길 12, 1층 (삼산동)",052-258-8599,사업장배출시설계(고상),암롤트럭,5대
539,울산센터,폐기물 수집·운반업체,㈜부천이엔티,"울산광역시 남구 정동로104번길 12, 1층 (삼산동)",052-258-8599,사업장배출시설계(고상),카고트럭,2대
540,울산센터,폐기물 수집·운반업체,㈜부천이엔티,"울산광역시 남구 정동로104번길 12, 1층 (삼산동)",052-258-8599,사업장배출시설계(고상),덤프트럭,13대
541,울산센터,폐기물 수집·운반업체,㈜새길물류,울산광역시 남구 온산로 839 (두왕동),052-268-6776,사업장배출시설계(고상),암롤트럭,2대
542,울산센터,폐기물 수집·운반업체,㈜송양,울산광역시 남구 장생포고래로155번길 4(장생포동),052-257-4477,사업장배출시설계(액상),탱크로리,6대
543,울산센터,폐기물 수집·운반업체,좋은환경,"울산광역시 남구 삼산로 157, 406호(달동)",,사업장배출시설계(고상),카고트럭,2대
544,울산센터,폐기물 수집·운반업체,좋은환경,"울산광역시 남구 삼산로 157, 406호(달동)",,사업장배출시설계(고상),집게트럭,1대
545,울산센터,폐기물 수집·운반업체,㈜삼영이엔지,울산광역시 남구 처용로487번길 32(성암동),052-271-0732,사업장배출시설계(고상),카고트럭,2대
546,울산센터,폐기물 수집·운반업체,㈜에너지파크,울산광역시 남구 처용로 695(황성동),052-278-6832,사업장배출시설계(고상),카고트럭,2대
547,울산센터,폐기물 수집·운반업체,㈜에너지파크,울산광역시 남구 처용로 695(황성동),052-278-6832,사업장배출시설계(고상),집게트럭,1대
548,울산센터,폐기물 수집·운반업체,㈜와이제이물류,"울산광역시 남구 돋질로76번길 11, 2층(달동)",052-227-9166,사업장배출시설계(고상),트레일러,4대
549,울산센터,폐기물 수집·운반업체,원에코,"울산광역시 남구 달삼로 76, 311호(달동)",,사업장배출시설계(고상),기계식상차장치,1대
550,울산센터,폐기물 수집·운반업체,원에코,"울산광역시 남구 달삼로 76, 311호(달동)",,사업장배출시설계(고상),카고트럭,1대
551,울산센터,중장비 업체,우진종합중기,울산광역시 남구 삼산동 1629-21,052-256-5630,,,
552,울산센터,중장비 업체,오성건설기계(금풍건설기계),울산광역시 남구 장생포로 15,,,,
553,울산센터,중장비 업체,동중중기,울산광역시 산 남구 산업로340번길 16,,,,
554,울산센터,중장비 업체,덕성㈜,울산광역시 남구 왕생로40번길 26-1,052-269-4928,,,
555,울산센터,중장비 업체,대영종합중기,울산광역시 남구 월평로199번길 14,052-227-9690,,,
556,울산센터,중장비 업체,금강중기㈜,울산광역시 남구 두왕동 459-9,,,,
557,울산센터,폐기물 수집·운반업체,한창개발㈜,울산광역시 중구 번영로 413,052-293-3290,생활폐기물,탱크로리,4대
558,울산센터,폐기물 수집·운반업체,한창개발㈜,울산광역시 중구 번영로 413,052-293-3290,생활폐기물,카고트럭,6대
559,울산센터,폐기물 수집·운반업체,㈜청화,울산광역시 동구 방어진순환도로 1000(전하동),052-234-5919,사업장배출시설계폐기물,암롤트럭,5대
560,울산센터,,,,,,카고트럭,3대
561,울산센터,폐기물 수집·운반업체,용암환경,울산광역시 동구 방어진순환도로 100(방어동),052-250-6942,사업장배출시설계폐기물,암롤트럭,3대
562,울산센터,폐기물 수집·운반업체,울산환경폐기물,울산광역시 북구 동대10길 6 (호계동),052-282-7267,"사업장 배출시설계 폐기물(폐합성수지류(51-03-01), 폐합성고무류(51-03-02), 폐종이류(51-28-02), 폐가구류폐도장목폐목재포장재폐전선드럼(51-20-06))",밀폐형덮개설치차량,3대
563,울산센터,폐기물 수집·운반업체,SB그린산업,울산광역시 북구 매곡동 731,052-269-8224,사업장배출시설계폐기물(고상),밀폐형덮개설치차량,2대
564,울산센터,폐기물 수집·운반업체,SB그린산업,울산광역시 북구 매곡동 731,052-269-8224,사업장배출시설계폐기물(고상),집게차,1대
565,울산센터,지정폐기물 수집운반업체,㈜경남로지스,경상남도 양산시 산막공단로 56(북정동),055-387-2277,"액상, 고상, 액.고상",,
566,울산센터,지정폐기물 수집운반업체,㈜동남정유 제2공장,"경상남도 양산시 산막공단남6길 63 (호계동, 시동)",055-335-3521,액상,,
567,울산센터,지정폐기물 수집운반업체,㈜한국환경정유산업,경상남도 양산시 산막공단남14길 16 (호계동),055-385-4171,"액상, 고상",,
568,울산센터,지정폐기물 수집운반업체,㈜혁진,경상남도 양산시 산막공단북5길 23 (산막동),055-385-6578,"(액상/고상) (폐산, 폐알칼리, 폐유, 폐유기용제, 폐페인트)",,
569,울산센터,지정폐기물 수집운반업체,㈜카원,경상남도 양산시 상북면 공원로 403-19,055-381-0703,액상,,
570,울산센터,지정폐기물 수집운반업체,㈜도원산업,경상남도 양산시 어실로 482-1,055-387-0026,"액상, 고상",,
571,울산센터,지정폐기물 수집운반업체,주식회사 동남정유,경상남도 양산시 산막공단남6길 63,055-335-3521,"액상, 고상",,
572,울산센터,지정폐기물 수집운반업체,㈜엔이텍크,경상남도 양산시 물금읍 새실로159 E동 108-1(나래메트로시티),051-362-1102,액상,,
573,울산센터,지정폐기물 수집운반업체,㈜동방금속,경상남도 양산시 상북면 소토2길 28(258-7),055-374-5501,액상,,
574,울산센터,지정폐기물 수집운반업체,㈜동우에코,경상남도 양산시 하북면 삼덕로 25,055-374-0007,고상,,
575,울산센터,지정폐기물 수집운반업체,철당㈜,경상남도 양산시 산막동 314-5,055-362-1704,액상,,
576,울산센터,지정폐기물 수집운반업체,득원산업,경상남도 양산시 산막공단남11길 65-9,055-325-0122,"액상, 고상",,
577,울산센터,지정폐기물 수집운반업체,제일씨엔오,경상남도 양산시 상북면 신대석길 7(1343-3),055-363-3212,액상,,
578,울산센터,지정폐기물 수집운반업체,㈜광동산업,경상남도 양산시 상북면 율리길 47-22,055-375-5552,고상,,
579,울산센터,지정폐기물 수집운반업체,㈜엔엘티에스,경상남도 양산시 산막공단북4길 30(산막동),055-387-5235,액상,,
580,울산센터,지정폐기물 수집운반업체,주식회사 여주,경상남도 양산시 산막공단남11길 23-16,070-4896-5795,"액상(폐유, 폐유기용제)",,
581,울산센터,지정폐기물 수집운반업체,㈜이지에너지,"경상남도 양산시 소노길 73-1, 2층",055-381-5460,"액상(폐유, 폐유기용제, 폐페인트)",,
582,울산센터,지정폐기물 수집운반업체,㈜한솔씨엔티,"경상남도 양산시 어실로 370, 2동 1층",070-8648-0902,"액상(폐유기용제, 폐유)",,
583,울산센터,지정폐기물 중간처분,㈜협진알씨,경남 양산시 산막공단남11길 65-9(북정동),055-362-0011,"폐산(액상), 폐알칼리(액상)",,
584,울산센터,지정폐기물 중간처분,㈜대원씨앤티,경남 양산시 산막공단남4길 31,055-785-2002,"폐산, 폐알칼리",,
585,울산센터,지정폐기물 중간처분,NC양산㈜,경남 양산시 산막공단북5길 29 (산막동),055-367-1515,"폐유(액상, 고상), 기타폐유기용제, 폐합성고분자화합물(폐합성수지, 폐합성고무)",,
586,울산센터,지정폐기물 재활용,그린케미칼㈜\[구.태영케미컬㈜\],경상남도 양산시 유산공단 8길 73,055-362-7661,"폐산(폐염산,폐황산)",,
587,울산센터,지정폐기물 재활용,㈜안평양산지점 \[구.㈜금성화학\],경남 양산시 산막공단북5길 81 (산막동 310-5),055-384-8126,"폐산(폐염산, 폐황산)",,
588,울산센터,지정폐기물 재활용,유국산업㈜,경남 양산시 어곡공단4길 17-21,055-372-4800,"폐드럼류(폐유, 폐유기용제, 폐페인트, 폐산, 폐유독물, 폐합성고분자화합물)",,
589,울산센터,지정폐기물 재활용,㈜씨엠아이,경남 양산시 교동 53-2,055-387-0066,"폐산(폐염산, 그 밖의 폐산)",,
590,울산센터,지정폐기물 재활용,㈜혁진,"경남 양산시 산막공단북5길 23, 28",055-385-6578,폐유(정제연료유로 재생가능한 액상폐유),,
591,울산센터,지정폐기물 재활용,㈜경남로지스\[구.㈜경남환경\],경남 양산시 산막공단로 56,055-387-2277,폐광재(납함유),,
592,울산센터,지정폐기물 재활용,현대드럼,경남 양산시 소주공단로 61,055-388-7100,폐드럼류(지정폐기물에 한함),,
593,울산센터,지정폐기물 재활용,태광케미칼㈜,경남 양산시 산막공단북4길 30,055-387-5234,"폐알칼리, 그 밖의 폐유기용제, 폐페인트 및 폐락카, 폐유(액상)",,
594,울산센터,지정폐기물 재활용,"㈜동림산업 \[구, 동림산업\]",경남 양산시 호계동 858-17,055-386-8501,폐드럼류(지정폐기물에 한함),,
595,울산센터,지정폐기물 재활용,오픈기업,경남 양산시 산막공단남12길 46,055-387-0245,폐드럼(지정폐기물에 한함),,
596,울산센터,지정폐기물 재활용,대진기업사,경남 양산시 유산공단10길 66,055-385-4092,"\[폐유, 폐유기용제, 폐페인트 및 폐락카\](용기)",,
597,울산센터,지정폐기물 재활용,철당㈜,경남 양산시 산막공단북2길 22,055-362-1704,"\[폐유, 폐페인트 및 폐락카, 폐유기용제, 폐산, 폐알칼리, 폐유독물질, 폐농약\](폐드럼, 폐플라스틱용기)",,
598,울산센터,지정폐기물 재활용,㈜협진알씨,경상남도 양산시 산막공단남11길 65-9(북정동),055-362-0011,"\[폐염산,폐황산, 폐질산, 폐불산, LCD·반도체공정의폐산, 그밖의폐산, 폐가성소다수, 폐암모니아수, 그밖의폐알칼리\](합성수지용기류)",,
599,울산센터,공공폐수처리시설,양산공공폐수처리시설,경상남도 양산시 충렬로 111(교동),055-392-3572,,,
600,울산센터,공공폐수처리시설,어곡공공폐수처리시설,경상남도 양산시 어곡로 50,055-392-3572,,,
601,울산센터,중장비 업체,우림토건,경상남도 양산시 물금읍 목화4길 8-19,055-382-0600,,,
602,울산센터,중장비 업체,삼오토건,"경상남도 양산시 물금읍 청운로 354, 401호",055-384-3533,,,
603,울산센터,중장비 업체,양산종합건기,경상남도 양산시 어실로 152,055-381-4422,,,
604,울산센터,중장비 업체,양산토건㈜,경상남도 양산시 물금읍 황산로 737,055-365-0606,,,
605,익산센터,폐기물 수집·운반업체,(유)제이와이산업,전북특별자치도 익산시 덕기1길 116 (덕기동),,폐합성수지류(배출시설계) 등,암롤트럭,14대
606,익산센터,폐기물 수집·운반업체,(유)제이와이산업,전북특별자치도 익산시 덕기1길 116 (덕기동),,폐합성수지류(배출시설계) 등,밀폐식차량,9대
607,익산센터,폐기물 수집·운반업체,(유)정열환경자원,전북특별자치도 익산시 목천로2길 55 (인화동1가),,사업장배출시설계,암롤트럭,1대
608,익산센터,폐기물 수집·운반업체,(유)정열환경자원,전북특별자치도 익산시 목천로2길 55 (인화동1가),,사업장배출시설계,밀폐식차량,1대
609,익산센터,폐기물 수집·운반업체,(유)청진환경,전북특별자치도 익산시 배산로 44 (송학동),,사업장배출시설계,암롤트럭,2대
610,익산센터,폐기물 수집·운반업체,햇빛자원,전북특별자치도 익산시 석교1길 1 (은기동),,사업장배출시설계,밀폐식차량,2대
611,익산센터,폐기물 수집·운반업체,(유)세기환경,전북특별자치도 익산시 석암로 202 (석암동),,사업장배출시설계,암롤트럭,3대
612,익산센터,폐기물 수집·운반업체,(유)세기환경,전북특별자치도 익산시 석암로 202 (석암동),,사업장배출시설계,밀폐식차량,2대
613,익산센터,폐기물 수집·운반업체,한국자원,전북특별자치도 익산시 석암로11길 12 (석암동),,사업장배출시설계,밀폐식차량,3대
614,익산센터,폐기물 수집·운반업체,한국자원,전북특별자치도 익산시 석암로11길 12 (석암동),,사업장배출시설계,카고트럭,1대
615,익산센터,폐기물 수집·운반업체,대신산업,전북특별자치도 익산시 석암로11길 248(팔봉동),,폐합성고분자화합물 등,밀폐식차량,3대
616,익산센터,폐기물 수집·운반업체,(주)이리위생공사,전북특별자치도 익산시 석암로11길 294 (팔봉동),,사업장배출시설계,암롤트럭,1대
617,익산센터,폐기물 수집·운반업체,(주)이리위생공사,전북특별자치도 익산시 석암로11길 294 (팔봉동),,사업장배출시설계,카고트럭,2대
618,익산센터,폐기물 수집·운반업체,(유)아톤산업,"전북특별자치도 익산시 석암로13길 25 (석암동, M)",,사업장배출시설계,암롤트럭,2대
619,익산센터,폐기물 수집·운반업체,(유)아톤산업,"전북특별자치도 익산시 석암로13길 25 (석암동, M)",,사업장배출시설계,밀폐식차량,10대
620,익산센터,폐기물 수집·운반업체,자연환경,전북특별자치도 익산시 쌍능길 118-13 (덕기동),,사업장배출시설계,카고트럭,1대
621,익산센터,폐기물 수집·운반업체,자연환경,전북특별자치도 익산시 쌍능길 118-13 (덕기동),,사업장배출시설계,암롤트럭,1대
622,익산센터,폐기물 수집·운반업체,자연환경,전북특별자치도 익산시 쌍능길 118-13 (덕기동),,사업장배출시설계,카고트럭,1대
623,익산센터,폐기물 수집·운반업체,자연환경,전북특별자치도 익산시 쌍능길 118-13 (덕기동),,사업장배출시설계,암롤트럭,1대
624,익산센터,폐기물 수집·운반업체,자연환경,전북특별자치도 익산시 쌍능길 118-13 (덕기동),,사업장배출시설계,밀폐식차량,1대
625,익산센터,폐기물 수집·운반업체,(유)창대환경,"전북특별자치도 익산시 약촌로 174, 1동 607호 (영등동)",,사업장배출시설계,암롤트럭,7대
626,익산센터,폐기물 수집·운반업체,(유)창대환경,"전북특별자치도 익산시 약촌로 174, 1동 607호 (영등동)",,사업장배출시설계,카고트럭,1대
627,익산센터,폐기물 수집·운반업체,(유)창대환경,"전북특별자치도 익산시 약촌로 174, 1동 607호 (영등동)",,사업장배출시설계,밀폐식차량,2대
628,익산센터,폐기물 수집·운반업체,온누리환경,"전북특별자치도 익산시 오산면 선화2로 1-28, 4-1호",,폐합성수지류(사업장배출시설계) 등,암롤트럭,1대
629,익산센터,폐기물 수집·운반업체,온누리환경,"전북특별자치도 익산시 오산면 선화2로 1-28, 4-1호",,폐합성수지류(사업장배출시설계) 등,밀폐식차량,3대
630,익산센터,폐기물 수집·운반업체,크린테크(주),전북특별자치도 익산시 왕궁면 쌍제1길 65,,사업장배출시설계,암롤트럭,1대
631,익산센터,폐기물 수집·운반업체,크린테크(주),전북특별자치도 익산시 왕궁면 쌍제1길 65,,사업장배출시설계,밀폐식차량,2대
632,익산센터,폐기물 수집·운반업체,(유)해머,전북특별자치도 익산시 왕궁면 우주로 75,,사업장배출시설계,암롤트럭,1대
633,익산센터,폐기물 수집·운반업체,(유)해머,전북특별자치도 익산시 왕궁면 우주로 75,,사업장배출시설계,밀폐식차량,1대
634,익산센터,폐기물 수집·운반업체,유한회사 디에스알,전북특별자치도 익산시 왕궁면 흥암길 181-19,,폐합성수지류(사업장배출시설계) 등,암롤트럭,2대
635,익산센터,폐기물 수집·운반업체,유한회사 디에스알,전북특별자치도 익산시 왕궁면 흥암길 181-19,,폐합성수지류(사업장배출시설계) 등,밀폐식차량,1대
636,익산센터,폐기물 수집·운반업체,(주)한결그린,전북특별자치도 익산시 웅포면 칠목재로 316,,사업장배출시설계,암롤트럭,4대
637,익산센터,폐기물 수집·운반업체,(주)이엠케이승경,전북특별자치도 익산시 춘포면 궁성로 188-14,,사업장배출시설계,암롤트럭,1대
638,익산센터,폐기물 수집·운반업체,(주)이엠케이승경,전북특별자치도 익산시 춘포면 궁성로 188-14,,사업장배출시설계,카고트럭,1대
639,익산센터,폐기물 수집·운반업체,이공산업,전북특별자치도 익산시 춘포면 궁성로 429,,사업장배출시설계,카고트럭,1대
640,익산센터,폐기물 수집·운반업체,이공산업,전북특별자치도 익산시 춘포면 궁성로 429,,사업장배출시설계,밀폐식차량,1대
641,익산센터,폐기물 수집·운반업체,(유)계룡환경산업,전북특별자치도 익산시 함열읍 흘산로 522,,사업장배출시설계,암롤트럭,2대
642,익산센터,폐기물 수집·운반업체,하나환경,전북특별자치도 익산시 황등면 율동1길 43,,사업장배출시설계,암롤트럭,2대
643,익산센터,폐기물 수집·운반업체,하나환경,전북특별자치도 익산시 황등면 율동1길 43,,사업장배출시설계,밀폐식차량,1대
644,익산센터,폐기물 수집·운반업체,형제상사,전북특별자치도 익산시 황등면 황등로 170-1,,사업장배출시설계,카고트럭,3대
645,익산센터,폐기물 수집·운반업체,형제상사,전북특별자치도 익산시 황등면 황등로 170-1,,사업장배출시설계,밀폐식차량,2대
646,익산센터,폐기물 중간처리업체,㈜이엠케이승경,익산시 춘포면 궁성로 188-14,,폐합성수지류 등,카고트럭,2대
647,익산센터,폐기물 중간처리업체,㈜이엠케이승경,익산시 춘포면 궁성로 188-14,,폐합성수지류 등,암롤트럭,2대
648,익산센터,폐기물 중간처리업체,㈜이엠케이승경,익산시 춘포면 궁성로 188-14,,폐합성수지류 등,밀폐식차량,3대
649,익산센터,중장비 업체,(유)일동건설중기,전북특별자치도 군산시 소룡동 1483-2번지,063-463-9521,,불도저,1대
650,익산센터,중장비 업체,(유)일동건설중기,전북특별자치도 군산시 소룡동 1483-2번지,063-463-9521,,굴삭기,1대
651,익산센터,중장비 업체,(유)일동건설중기,전북특별자치도 군산시 소룡동 1483-2번지,063-463-9521,,덤프,10대
652,익산센터,중장비 업체,(유)화신건설기계,전북특별자치도 군산시 산북동 3617-8번지,063-468-0804,,굴삭기,15대
653,익산센터,중장비 업체,(유)화신건설기계,전북특별자치도 군산시 산북동 3617-8번지,063-468-0804,,덤프,19대
654,익산센터,중장비 업체,(유)화신건설기계,전북특별자치도 군산시 산북동 3617-8번지,063-468-0804,,중기,19대
655,익산센터,중장비 업체,(유)건진건설기계,전북특별자치도 군산시 산북동 394-1번지,063-465-5557,,굴삭기,12대
656,익산센터,중장비 업체,진서건설기계(유),전북특별자치도 군산시 개정면 아동리 145-5번지,063-452-6984,,불도저,4대
657,익산센터,중장비 업체,진서건설기계(유),전북특별자치도 군산시 개정면 아동리 145-5번지,063-452-6984,,굴삭기,12대
658,익산센터,중장비 업체,진서건설기계(유),전북특별자치도 군산시 개정면 아동리 145-5번지,063-452-6984,,지게차,3대
659,익산센터,폐기물 처리업체,㈜엔아이티,전북특별자치도 군산시 서해로 259,063-468-4141,"폐합성수지, 폐합성섬유(고상) 등",암롤트럭,1대
660,익산센터,폐기물 처리업체,(유)우주산업,전북특별자치도 군산시 외항로 293-1(산북동),063-466-6693,폐유 등 18종,,
661,익산센터,폐기물 처리업체,(유)대한이엔이,전북특별자치도 군산시 옥서북길 276-27,063-451-7111,"폐석면, 오니류 13종",,
662,익산센터,폐기물 처리업체,(유)원산업,전북특별자치도 군산시 미원1길 6-2,063-445-4251,폐유 등 17종,,
663,익산센터,폐기물 처리업체,(유)태한산업,전북특별자치도 군산시 성산면 군장대길 3,063-451-1799,폐유등 19종,,
664,익산센터,폐기물 처리업체,(유)제오텍해운,전북특별자치도 군산시 외항안길 45,063-442-5189,폐유기용제,,
665,익산센터,폐기물 처리업체,㈜대림,전북특별자치도 군산시 외항로 816,063-468-5455,폐유 등,,
666,충주센터,중장비 업체,전진건설로봇(주),충청북도 음성군 금왕읍 초금로 729,043-871-3893,,,
667,충주센터,중장비 업체,(주)독수리자동차공업사\[D.M\],충청북도 음성군 금왕읍 무극로 19-14,043-871-3893,,,
668,충주센터,중장비 업체,음성종합자동차공업사\[D.M\],충청북도 음성군 삼성면 천평길 99,043-871-3893,,,
669,충주센터,중장비 업체,전진건설로봇(주),충청북도 음성군 금왕읍 대금로 1264,043-871-3893,,,
670,충주센터,중장비 업체,대민중기,충청북도 음성군 음성읍 약현길38번길 4-7,043-871-3893,,,
671,충주센터,중장비 업체,차평건설기계정비공장\[부분\],충청북도 음성군 생극면 음성로 1916,043-871-3893,,,
672,충주센터,중장비 업체,충청중기공업사\[부분\],충청북도 음성군 음성읍 음성로 477,043-871-3893,,,
673,충주센터,중장비 업체,금오산업(부분),충청북도 음성군 생극면 능안로 61,043-871-3893,,,
674,충주센터,중장비 업체,(주)샌드빅서전(부분),충청북도 음성군 맹동면 초금로 288,043-871-3893,,,
675,충주센터,중장비 업체,서울자동차종합정비공업사(DM),충청북도 음성군 감곡면 북부로 140,043-871-3893,,,
676,충주센터,중장비 업체,동진공업사,충청북도 음성군 음성읍 반기문로 17,043-871-3893,,,
677,충주센터,중장비 업체,음성폐차장,충청북도 음성군 금왕읍 금일로191번길 141,043-871-3893,,,
678,충주센터,중장비 업체,한국코렌,충청북도 음성군 금왕읍 덕금로 740-15,043-871-3893,,,
679,충주센터,중장비 업체,현대감곡상용서비스(주),충청북도 음성군 감곡면 중간말길16번길 67,043-871-3893,,,
680,충주센터,중장비 업체,(주)프라임렌탈,충청북도 음성군 삼성면 덕호로 127-5,043-871-3893,,,
681,충주센터,중장비 업체,감곡연철폐차장,충청북도 음성군 감곡면 감노로 289,043-871-3893,,,
682,충주센터,중장비 업체,(주)타워랜드,충청북도 음성군 대소면 대동로428번길 71,043-871-3893,,,
683,충주센터,중장비 업체,(주)타워랜드,충청북도 음성군 대소면 대동로428번길 71,043-871-3893,,,
684,충주센터,중장비 업체,(주)만호타워,충청북도 음성군 생극면 생삼로 277,043-871-3893,,,
685,충주센터,중장비 업체,(주)웅진타워,충청북도 음성군 대소면 대동로 723-7,043-871-3893,,,
686,충주센터,중장비 업체,거성산업기계,충청북도 음성군 삼성면 대성로547번길 92,043-871-3893,,,
687,충주센터,중장비 업체,동원공업사,충청북도 음성군 금왕읍 금일로 619(외 1필지),043-871-3893,,,
688,충주센터,중장비 업체,(주)크레인월드코리아,충청북도 음성군 대소면 대동로428번길 71,043-871-3893,,,
689,충주센터,중장비 업체,(주)크레인월드코리아,충청북도 음성군 대소면 대동로428번길 71,043-871-3893,,,
690,충주센터,중장비 업체,bk건설,"충청북도 음성군 감곡면 감노로 608, 가동",043-871-3893,,,
691,충주센터,중장비 업체,김용호(호왕건설기계),충청북도 음성군 삼성면 금일로700번길 62,043-871-3893,,,
692,충주센터,중장비 업체,권영근,충청북도 음성군 금왕읍 신내로 694,043-871-3893,,,
693,충주센터,중장비 업체,박노갑,충청북도 음성군 음성읍 설성공원길 7,043-871-3893,,,
694,충주센터,중장비 업체,현대감곡상용서비스(주),충청북도 음성군 감곡면 중간말길16번길 59,043-871-3893,,,
695,충주센터,중장비 업체,신성디젤,충청북도 음성군 감곡면 행군이길 61,043-871-3893,,,
696,충주센터,중장비 업체,(주)경원테크,충청북도 음성군 삼성면 대덕로 63-50,043-871-3893,,,
697,충주센터,중장비 업체,(합자)현대건설,충청북도 음성군 생극면 일생로 799,043-871-3893,,,
698,충주센터,중장비 업체,(주)영광건기,충청북도 음성군 대소면 대동로 576,043-871-3893,,,
699,충주센터,중장비 업체,전진건설로봇(주),충청북도 음성군 금왕읍 대금로 1264,043-871-3893,,,
700,충주센터,중장비 업체,협동산업(주),충청북도 음성군 생극면 생삼로207번길 81,043-871-3893,,,
701,충주센터,중장비 업체,협동산업(주),충청북도 음성군 생극면 생삼로207번길 81,043-871-3893,,,
702,충주센터,중장비 업체,(주)진영,충청북도 음성군 삼성면 대덕로 63-56,043-871-3893,,,
703,충주센터,중장비 업체,(주)진영,충청북도 음성군 삼성면 대덕로 63-56,043-871-3893,,,
704,충주센터,중장비 업체,권순선,충청북도 음성군 삼성면 덕정로 159-5,043-871-3893,,,
705,충주센터,중장비 업체,삼성클라크지게차 충청판매,충청북도 음성군 대소면 대금로379번길 66,043-871-3893,,,
706,충주센터,중장비 업체,(주)가교기업,충청북도 음성군 삼성면 덕호로 475-18,043-871-3893,,,
707,충주센터,중장비 업체,(주)동광테크,충청북도 음성군 생극면 생삼로207번길 81,043-871-3893,,,
708,충주센터,중장비 업체,(주)지오산업,충청북도 음성군 대소면 대풍리 375번지,043-871-3893,,,
709,충주센터,중장비 업체,보미건설기계(주),충청북도 음성군 대소면 한삼로251번길 31-2,043-871-3893,,,
710,충주센터,중장비 업체,보미건설기계(주),충청북도 음성군 대소면 한삼로251번길 31-2,043-871-3893,,,
711,충주센터,중장비 업체,대소타이어정비,충청북도 음성군 대소면 대금로 199,043-871-3893,,,
712,충주센터,중장비 업체,만능자동차정비(주),충청북도 음성군 대소면 대금로 77-7,043-871-3893,,,
713,충주센터,중장비 업체,(주)야후건기,충청북도 음성군 삼성면 대덕로 63-56,043-871-3893,,,
714,충주센터,중장비 업체,바른1급종합정비공업사,충청북도 음성군 금왕읍 신개천로 104,043-871-3893,,,
715,충주센터,중장비 업체,에이치디현대건설기계(주),충청북도 음성군 소이면 소이로 313,043-871-3893,,,
716,충주센터,중장비 업체,(주)알파원산업,충청북도 음성군 감곡면 월정리 168번지,043-871-3893,,,
717,충주센터,중장비 업체,(주)삼보건기,"충청북도 음성군 음성읍 중앙로 165, 2층",043-871-3893,,,
718,충주센터,중장비 업체,에이치디현대건설기계(주),충청북도 음성군 소이면 소이로 313,043-871-3893,,,
719,충주센터,중장비 업체,(주)혁신자동차공업사,충청북도 음성군 금왕읍 진성로 1893,043-871-3893,,,
720,충주센터,중장비 업체,(주)태호산업,충청북도 음성군 금왕읍 대금로 1089-4,043-871-3893,,,
721,충주센터,중장비 업체,(주)성우씨엔엘,충청북도 음성군 금왕읍 대금로 1124-13,043-871-3893,,,
722,충주센터,중장비 업체,김진만,충청북도 음성군 음성읍 소여리 410번지 2호 외 1필,043-871-3893,,,
723,충주센터,중장비 업체,김희식,충청북도 음성군 음성읍 소여리 410번지 2호 외 1필,043-871-3893,,,
724,충주센터,중장비 업체,(주)엘기업,충청북도 음성군 원남면 덕정리 396번지 외 7필,043-871-3893,,,
725,충주센터,중장비 업체,서훈석,충청북도 음성군 음성읍 소여리 410번지 2호,043-871-3893,,,
726,충주센터,중장비 업체,진희규,충청북도 음성군 삼성면 천평리 753번지 1호,043-871-3893,,,
727,충주센터,중장비 업체,대청산업(주),충청북도 음성군 생극면 임곡리 373번지,043-871-3893,,,
728,충주센터,중장비 업체,(주)헤비타워,충청북도 음성군 감곡면 영산안길 9-11,043-871-3893,,,
729,충주센터,중장비 업체,대림엔진,충청북도 음성군 감곡면 가곡로 47,043-871-3893,,,
730,충주센터,중장비 업체,(주)삼한,충청북도 음성군 생극면 중원대로 792,043-871-3893,,,
731,충주센터,중장비 업체,(주)영광건기,충청북도 음성군 대소면 대동로 576,043-871-3893,,,
732,충주센터,중장비 업체,(주)산수아이앤씨,충청북도 음성군 삼성면 덕호로 518-30,043-871-3893,,,
733,충주센터,중장비 업체,(주)이봄,충청북도 음성군 감곡면 행군이길 59,043-871-3893,,,
734,충주센터,중장비 업체,소망상사,충청북도 음성군 금왕읍 대금로 983,043-871-3893,,,
735,충주센터,중장비 업체,태양중기공업사,충청북도 음성군 금왕읍 덕금로 986,043-871-3893,,,
736,충주센터,중장비 업체,(주)지오산업,충청북도 음성군 대소면 대소산단로 117-6,043-871-3893,,,
737,충주센터,중장비 업체,삼성상사,충청북도 음성군 음성읍 반기문로 17,043-871-3893,,,
738,충주센터,중장비 업체,대영공업사,충청북도 음성군 금왕읍 덕금로 986,043-871-3893,,,
739,충주센터,중장비 업체,(주)태호건기,"충청북도 음성군 맹동면 대하4길 6-10, 813호(밀라움오피스텔)",043-871-3893,,,
740,충주센터,중장비 업체,대청산업(주),충청북도 음성군 생극면 임곡리 373번지,043-871-3893,,,
741,충주센터,중장비 업체,우진건설중기,충청북도 음성군 음성읍 문화길 20,043-871-3893,,,
742,충주센터,중장비 업체,(주)삼한,충청북도 음성군 생극면 차평리 593번지 8호 1층,043-871-3893,,,
743,충주센터,중장비 업체,기토건설중기,충청북도 음성군 생극면 생오로93번길 33,043-871-3893,,,
744,충주센터,중장비 업체,원당지게차,"충청북도 음성군 감곡면 음성로 2194, 1층",043-871-3893,,,
745,충주센터,중장비 업체,(주)태민환경,충청북도 음성군 생극면 오신로 394,043-871-3893,,,
746,충주센터,중장비 업체,협동산업(주),"충청북도 음성군 생극면 생삼로207번길 81, 가동",043-871-3893,,,
747,충주센터,중장비 업체,부경상사,충청북도 음성군 금왕읍 무극로 19-3,043-871-3893,,,
748,충주센터,중장비 업체,(주)썬타워,충청북도 음성군 생극면 능안로 214-21,043-871-3893,,,
749,충주센터,중장비 업체,(주)와이엔제이제이,충청북도 음성군 생극면 능안로 214-21,043-871-3893,,,
750,충주센터,중장비 업체,(주)지타워,충청북도 음성군 대소면 대소산단로 117-6,043-871-3893,,,
751,충주센터,중장비 업체,(주)진평타워산업,충청북도 음성군 생극면 능안로 214-21,043-871-3893,,,
752,충주센터,중장비 업체,지성중공업(주),충청북도 음성군 대소면 대물로 75-14,043-871-3893,,,
753,충주센터,중장비 업체,박상희,충청북도 음성군 금왕읍 금일로 497,043-871-3893,,,
754,충주센터,중장비 업체,(주)케이에이치인터내셔널,충청북도 음성군 삼성면 덕호로 475-18,043-871-3893,,,
755,충주센터,중장비 업체,(주)나눔엔,충청북도 음성군 금왕읍 금율로 173,043-871-3893,,,
756,충주센터,폐기물 최종처리업체,아세아테크(주),충청북도 충주시 대소원면 첨단산업1로 279,043-844-6767,"오니, 폐흡수제 및 폐흡착제, 광재, 폐주물사, 샌드블라스트 폐사, 폐내화물,도자기조각, 안정화·고형화처리물, 폐촉매, 분진, 소각재, 폐유(타르·피치류), 폐석면",굴삭기,1대
757,충주센터,폐기물 수집·운반업체,(주)산수개발환경,충청북도 충주시 탄금대로 203-1 (칠금동),043-845-1144,"오니류, 고형화폐기물, 폐촉매, 폐흡착제 및 폐흡수제 등",카고트럭,2대
758,충주센터,폐기물 수집·운반업체,(주)산수개발환경,충청북도 충주시 탄금대로 203-1 (칠금동),043-845-1144,"오니류, 고형화폐기물, 폐촉매, 폐흡착제 및 폐흡수제 등",암롤트럭,2대
759,충주센터,폐기물 수집·운반업체,케이그린㈜,충북 충주시 대소원면 만정리 17-2,043-854-8828,"폐염산, 폐황산, 폐질산, 폐불산, 그밖의폐산, 폐가성소다수, 그밖의 폐알칼리 등",암롤트럭,6대
760,충주센터,폐기물 수집·운반업체,케이그린㈜,충북 충주시 대소원면 만정리 17-2,043-854-8828,"폐염산, 폐황산, 폐질산, 폐불산, 그밖의폐산, 폐가성소다수, 그밖의 폐알칼리 등",카고트럭,1대
761,충주센터,폐기물 수집·운반업체,케이그린㈜,충북 충주시 대소원면 만정리 17-2,043-854-8828,"폐염산, 폐황산, 폐질산, 폐불산, 그밖의폐산, 폐가성소다수, 그밖의 폐알칼리 등",기계식상차장치부착차량,2대
762,충주센터,폐기물 수집·운반업체,케이그린㈜,충북 충주시 대소원면 만정리 17-2,043-854-8828,"폐염산, 폐황산, 폐질산, 폐불산, 그밖의폐산, 폐가성소다수, 그밖의 폐알칼리 등",덤프트럭,3대
763,충주센터,폐기물 수집·운반업체,중앙건기㈜,충청북도 충주시 앙성면 가곡로 1670\_ 1층 102호,043-852-7008,"폐수처리오니 보크사이트잔재물, 그 밖의 공정오니, 폐수산화나트륨(고상), 폐수산화칼슘(고상), 화학점결폐주물사 사업장폐기물 소각시설 비산재 등",덤프트럭,2대
