연번,설치장소,산단·고속도로,주소,관리주체,방재장비,단위,컨테이너장비함,간이방재함,계,연락망
1-1,한국도로공사 발안영업소,안산JCT∼서평택IC 및 서평택JCT∼남안성IC 구간 고속도로,경기 화성시 팔탄면 3.1만세로 879-40,한강청,화학물질 흡착포(붐형 대 6개),box,-,-,1,"(주간) 031-790-2896, 02-2084-1423 (야간) 031-790-2590, 02-2084-1400"
1-2,한국도로공사 발안영업소,안산JCT∼서평택IC 및 서평택JCT∼남안성IC 구간 고속도로,경기 화성시 팔탄면 3.1만세로 879-40,한강청,화학물질 흡착재(붐형 12개),box,-,-,4,"(주간) 031-790-2896, 02-2084-1423 (야간) 031-790-2590, 02-2084-1400"
1-3,한국도로공사 발안영업소,안산JCT∼서평택IC 및 서평택JCT∼남안성IC 구간 고속도로,경기 화성시 팔탄면 3.1만세로 879-40,한강청,화학물질 흡착포(필로우형 10개),box,-,-,3,"(주간) 031-790-2896, 02-2084-1423 (야간) 031-790-2590, 02-2084-1400"
1-4,한국도로공사 발안영업소,안산JCT∼서평택IC 및 서평택JCT∼남안성IC 구간 고속도로,경기 화성시 팔탄면 3.1만세로 879-40,한강청,화학물질 흡착포(패드형 100매),box,-,-,6,"(주간) 031-790-2896, 02-2084-1423 (야간) 031-790-2590, 02-2084-1400"
1-5,한국도로공사 발안영업소,안산JCT∼서평택IC 및 서평택JCT∼남안성IC 구간 고속도로,경기 화성시 팔탄면 3.1만세로 879-40,한강청,유류흡착포(100매),box,-,-,2,"(주간) 031-790-2896, 02-2084-1423 (야간) 031-790-2590, 02-2084-1400"
1-6,한국도로공사 발안영업소,안산JCT∼서평택IC 및 서평택JCT∼남안성IC 구간 고속도로,경기 화성시 팔탄면 3.1만세로 879-40,한강청,화학보호복 3∼4형식,ea,-,-,6,"(주간) 031-790-2896, 02-2084-1423 (야간) 031-790-2590, 02-2084-1400"
1-7,한국도로공사 발안영업소,안산JCT∼서평택IC 및 서평택JCT∼남안성IC 구간 고속도로,경기 화성시 팔탄면 3.1만세로 879-40,한강청,내화학 장갑,ea,-,-,6,"(주간) 031-790-2896, 02-2084-1423 (야간) 031-790-2590, 02-2084-1400"
1-8,한국도로공사 발안영업소,안산JCT∼서평택IC 및 서평택JCT∼남안성IC 구간 고속도로,경기 화성시 팔탄면 3.1만세로 879-40,한강청,내화학 장화,ea,-,-,6,"(주간) 031-790-2896, 02-2084-1423 (야간) 031-790-2590, 02-2084-1400"
1-9,한국도로공사 발안영업소,안산JCT∼서평택IC 및 서평택JCT∼남안성IC 구간 고속도로,경기 화성시 팔탄면 3.1만세로 879-40,한강청,보호안경,ea,-,-,6,"(주간) 031-790-2896, 02-2084-1423 (야간) 031-790-2590, 02-2084-1400"
1-10,한국도로공사 발안영업소,안산JCT∼서평택IC 및 서평택JCT∼남안성IC 구간 고속도로,경기 화성시 팔탄면 3.1만세로 879-40,한강청,반면형 방독면,ea,-,-,6,"(주간) 031-790-2896, 02-2084-1423 (야간) 031-790-2590, 02-2084-1400"
1-11,한국도로공사 발안영업소,안산JCT∼서평택IC 및 서평택JCT∼남안성IC 구간 고속도로,경기 화성시 팔탄면 3.1만세로 879-40,한강청,정화통,ea,-,-,6,"(주간) 031-790-2896, 02-2084-1423 (야간) 031-790-2590, 02-2084-1400"
1-12,한국도로공사 발안영업소,안산JCT∼서평택IC 및 서평택JCT∼남안성IC 구간 고속도로,경기 화성시 팔탄면 3.1만세로 879-40,한강청,산중화제(20L),통,-,-,1,"(주간) 031-790-2896, 02-2084-1423 (야간) 031-790-2590, 02-2084-1400"
1-13,한국도로공사 발안영업소,안산JCT∼서평택IC 및 서평택JCT∼남안성IC 구간 고속도로,경기 화성시 팔탄면 3.1만세로 879-40,한강청,알칼리중화제(20L),통,-,-,1,"(주간) 031-790-2896, 02-2084-1423 (야간) 031-790-2590, 02-2084-1400"
1-14,한국도로공사 발안영업소,안산JCT∼서평택IC 및 서평택JCT∼남안성IC 구간 고속도로,경기 화성시 팔탄면 3.1만세로 879-40,한강청,일회용 우의,ea,-,-,100,"(주간) 031-790-2896, 02-2084-1423 (야간) 031-790-2590, 02-2084-1400"
1-15,한국도로공사 발안영업소,안산JCT∼서평택IC 및 서평택JCT∼남안성IC 구간 고속도로,경기 화성시 팔탄면 3.1만세로 879-40,한강청,1급 방진마스크,ea,-,-,100,"(주간) 031-790-2896, 02-2084-1423 (야간) 031-790-2590, 02-2084-1400"
1-16,한국도로공사 발안영업소,안산JCT∼서평택IC 및 서평택JCT∼남안성IC 구간 고속도로,경기 화성시 팔탄면 3.1만세로 879-40,한강청,완코팅 장갑,ea,-,-,100,"(주간) 031-790-2896, 02-2084-1423 (야간) 031-790-2590, 02-2084-1400"
1-17,한국도로공사 발안영업소,안산JCT∼서평택IC 및 서평택JCT∼남안성IC 구간 고속도로,경기 화성시 팔탄면 3.1만세로 879-40,한강청,멸균 생리식염수(20㎖),ea,-,-,300,"(주간) 031-790-2896, 02-2084-1423 (야간) 031-790-2590, 02-2084-1400"
2-1,청주 ic,청주산업단지,충북 청주시 흥덕구 비하동 492-1,금강청,화학물질 흡착포(붐형 대),box,-,-,1,-
2-2,청주 ic,청주산업단지,충북 청주시 흥덕구 비하동 492-1,금강청,화학물질 흡착재(붐형),box,-,-,4,-
2-3,청주 ic,청주산업단지,충북 청주시 흥덕구 비하동 492-1,금강청,화학물질 흡착포(필로우형),box,-,-,3,-
2-4,청주 ic,청주산업단지,충북 청주시 흥덕구 비하동 492-1,금강청,화학물질 흡착포(패드형),box,-,-,6,-
2-5,청주 ic,청주산업단지,충북 청주시 흥덕구 비하동 492-1,금강청,유류흡착포,box,-,-,2,-
2-6,청주 ic,청주산업단지,충북 청주시 흥덕구 비하동 492-1,금강청,화학보호복 3\~4형식,ea,-,-,5,-
2-7,청주 ic,청주산업단지,충북 청주시 흥덕구 비하동 492-1,금강청,화학보호복 1형식,ea,-,-,1,-
2-8,청주 ic,청주산업단지,충북 청주시 흥덕구 비하동 492-1,금강청,내화학 장갑,ea,-,-,5,-
2-9,청주 ic,청주산업단지,충북 청주시 흥덕구 비하동 492-1,금강청,내화학 장화,ea,-,-,5,-
2-10,청주 ic,청주산업단지,충북 청주시 흥덕구 비하동 492-1,금강청,전면형 방독면,ea,-,-,5,-
2-11,청주 ic,청주산업단지,충북 청주시 흥덕구 비하동 492-1,금강청,정화통,ea,-,-,5,-
2-12,청주 ic,청주산업단지,충북 청주시 흥덕구 비하동 492-1,금강청,모래주머니(4kg),포,-,-,20,-
2-13,청주 ic,청주산업단지,충북 청주시 흥덕구 비하동 492-1,금강청,톱밥(40kg pp포대),포,-,-,10,-
2-14,청주 ic,청주산업단지,충북 청주시 흥덕구 비하동 492-1,금강청,눈삽,ea,-,-,1,-
2-15,청주 ic,청주산업단지,충북 청주시 흥덕구 비하동 492-1,금강청,빗자루,ea,-,-,1,-
2-16,청주 ic,청주산업단지,충북 청주시 흥덕구 비하동 492-1,금강청,쓰레받기(함석),ea,-,-,1,-
2-17,청주 ic,청주산업단지,충북 청주시 흥덕구 비하동 492-1,금강청,양동이(20L),ea,-,-,1,-
2-18,청주 ic,청주산업단지,충북 청주시 흥덕구 비하동 492-1,금강청,분말중화기,대,-,-,2,-
2-19,청주 ic,청주산업단지,충북 청주시 흥덕구 비하동 492-1,금강청,액상분말기,대,-,-,1,-
2-20,청주 ic,청주산업단지,충북 청주시 흥덕구 비하동 492-1,금강청,유기용제 흡착제,포,-,-,10,-
3-1,남공주영업소,검상농공단지,충남 공주시 논산천안고속도로 40,금강청,화학물질 흡착포(붐형 대),box,-,-,1,-
3-2,남공주영업소,검상농공단지,충남 공주시 논산천안고속도로 40,금강청,화학물질 흡착재(붐형),box,-,-,3,-
3-3,남공주영업소,검상농공단지,충남 공주시 논산천안고속도로 40,금강청,화학물질 흡착포(필로우형),box,-,-,3,-
3-4,남공주영업소,검상농공단지,충남 공주시 논산천안고속도로 40,금강청,화학물질 흡착포(패드형),box,-,-,5,-
3-5,남공주영업소,검상농공단지,충남 공주시 논산천안고속도로 40,금강청,유류흡착포,box,-,-,2,-
3-6,남공주영업소,검상농공단지,충남 공주시 논산천안고속도로 40,금강청,화학보호복 3형식,ea,-,-,5,-
3-7,남공주영업소,검상농공단지,충남 공주시 논산천안고속도로 40,금강청,화학보호복 1형식,ea,-,-,1,-
3-8,남공주영업소,검상농공단지,충남 공주시 논산천안고속도로 40,금강청,내화학 장갑,ea,-,-,5,-
3-9,남공주영업소,검상농공단지,충남 공주시 논산천안고속도로 40,금강청,내화학 장화,ea,-,-,5,-
3-10,남공주영업소,검상농공단지,충남 공주시 논산천안고속도로 40,금강청,전면형 방독면,ea,-,-,5,-
3-11,남공주영업소,검상농공단지,충남 공주시 논산천안고속도로 40,금강청,정화통,ea,-,-,5,-
3-12,남공주영업소,검상농공단지,충남 공주시 논산천안고속도로 40,금강청,빗자루,ea,-,-,1,-
3-13,남공주영업소,검상농공단지,충남 공주시 논산천안고속도로 40,금강청,쓰레받기(함석),ea,-,-,1,-
3-14,남공주영업소,검상농공단지,충남 공주시 논산천안고속도로 40,금강청,양동이(20L),ea,-,-,1,-
3-15,남공주영업소,검상농공단지,충남 공주시 논산천안고속도로 40,금강청,눈삽,ea,-,-,1,-
3-16,남공주영업소,검상농공단지,충남 공주시 논산천안고속도로 40,금강청,모래주머니(4kg),ea,-,-,20,-
3-17,남공주영업소,검상농공단지,충남 공주시 논산천안고속도로 40,금강청,톱밥(40kg pp포대),ea,-,-,10,-
4-1,당진영업소,서해안 고속도로 당진IC,충남 당진시 송압읍 반촌로 224,금강청,화학물질 흡착포(붐형 대),box,-,-,1,-
4-2,당진영업소,서해안 고속도로 당진IC,충남 당진시 송압읍 반촌로 224,금강청,화학물질 흡착재(붐형),box,-,-,5,-
4-3,당진영업소,서해안 고속도로 당진IC,충남 당진시 송압읍 반촌로 224,금강청,화학물질 흡착포(필로우형),box,-,-,5,-
4-4,당진영업소,서해안 고속도로 당진IC,충남 당진시 송압읍 반촌로 224,금강청,화학물질 흡착포(패드형),box,-,-,5,-
4-5,당진영업소,서해안 고속도로 당진IC,충남 당진시 송압읍 반촌로 224,금강청,유류흡착포,box,-,-,2,-
4-6,당진영업소,서해안 고속도로 당진IC,충남 당진시 송압읍 반촌로 224,금강청,화학보호복 3형식,ea,-,-,10,-
4-7,당진영업소,서해안 고속도로 당진IC,충남 당진시 송압읍 반촌로 224,금강청,화학보호복 1형식,ea,-,-,1,-
4-8,당진영업소,서해안 고속도로 당진IC,충남 당진시 송압읍 반촌로 224,금강청,내화학 장갑,ea,-,-,10,-
4-9,당진영업소,서해안 고속도로 당진IC,충남 당진시 송압읍 반촌로 224,금강청,내화학 장화,ea,-,-,10,-
4-10,당진영업소,서해안 고속도로 당진IC,충남 당진시 송압읍 반촌로 224,금강청,전면형 방독면,ea,-,-,10,-
4-11,당진영업소,서해안 고속도로 당진IC,충남 당진시 송압읍 반촌로 224,금강청,정화통,ea,-,-,10,-
4-12,당진영업소,서해안 고속도로 당진IC,충남 당진시 송압읍 반촌로 224,금강청,눈삽,ea,-,-,1,-
4-13,당진영업소,서해안 고속도로 당진IC,충남 당진시 송압읍 반촌로 224,금강청,빗자루,ea,-,-,1,-
4-14,당진영업소,서해안 고속도로 당진IC,충남 당진시 송압읍 반촌로 224,금강청,쓰레받기(함석),ea,-,-,1,-
4-15,당진영업소,서해안 고속도로 당진IC,충남 당진시 송압읍 반촌로 224,금강청,양동이(20L),ea,-,-,1,-
5-1,서오창영업소,경부고속도로(5분) 중부고속도로(5분),충북 청주시 청원구 오창읍 두릉유리로 726-60,금강청,화학물질 흡착재(붐형),box,-,-,2,-
5-2,서오창영업소,경부고속도로(5분) 중부고속도로(5분),충북 청주시 청원구 오창읍 두릉유리로 726-60,금강청,화학물질 흡착포(필로우형),box,-,-,5,-
5-3,서오창영업소,경부고속도로(5분) 중부고속도로(5분),충북 청주시 청원구 오창읍 두릉유리로 726-60,금강청,화학물질 흡착포(패드형),box,-,-,3,-
5-4,서오창영업소,경부고속도로(5분) 중부고속도로(5분),충북 청주시 청원구 오창읍 두릉유리로 726-60,금강청,유류흡착포,box,-,-,5,-
5-5,서오창영업소,경부고속도로(5분) 중부고속도로(5분),충북 청주시 청원구 오창읍 두릉유리로 726-60,금강청,화학보호복 3형식,ea,-,-,5,-
5-6,서오창영업소,경부고속도로(5분) 중부고속도로(5분),충북 청주시 청원구 오창읍 두릉유리로 726-60,금강청,내화학 장갑,ea,-,-,5,-
5-7,서오창영업소,경부고속도로(5분) 중부고속도로(5분),충북 청주시 청원구 오창읍 두릉유리로 726-60,금강청,내화학 장화,ea,-,-,5,-
5-8,서오창영업소,경부고속도로(5분) 중부고속도로(5분),충북 청주시 청원구 오창읍 두릉유리로 726-60,금강청,전면형 방독면,ea,-,-,5,-
5-9,서오창영업소,경부고속도로(5분) 중부고속도로(5분),충북 청주시 청원구 오창읍 두릉유리로 726-60,금강청,정화통,ea,-,-,5,-
5-10,서오창영업소,경부고속도로(5분) 중부고속도로(5분),충북 청주시 청원구 오창읍 두릉유리로 726-60,금강청,빗자루,ea,-,-,1,-
5-11,서오창영업소,경부고속도로(5분) 중부고속도로(5분),충북 청주시 청원구 오창읍 두릉유리로 726-60,금강청,쓰레받기(함석),ea,-,-,1,-
5-12,서오창영업소,경부고속도로(5분) 중부고속도로(5분),충북 청주시 청원구 오창읍 두릉유리로 726-60,금강청,양동이(20L),ea,-,-,1,-
5-13,서오창영업소,경부고속도로(5분) 중부고속도로(5분),충북 청주시 청원구 오창읍 두릉유리로 726-60,금강청,모래주머니(4kg),ea,-,-,30,-
5-14,서오창영업소,경부고속도로(5분) 중부고속도로(5분),충북 청주시 청원구 오창읍 두릉유리로 726-60,금강청,톱밥(40kg pp포대),ea,-,-,10,-
6-1,북천안영업소,"경부고속도로, 반도체 공단(1㎞)",충남 천안시 서북구 성거읍 도토성길 146,금강청,Level C 보호복,ea,-,-,5,-
6-2,북천안영업소,"경부고속도로, 반도체 공단(1㎞)",충남 천안시 서북구 성거읍 도토성길 146,금강청,Level C 마스크(전면형),ea,-,-,5,-
6-3,북천안영업소,"경부고속도로, 반도체 공단(1㎞)",충남 천안시 서북구 성거읍 도토성길 146,금강청,Level C 정화통,ea,-,-,5,-
6-4,북천안영업소,"경부고속도로, 반도체 공단(1㎞)",충남 천안시 서북구 성거읍 도토성길 146,금강청,Level C 보호장갑(유기화합물용),ea,-,-,5,-
6-5,북천안영업소,"경부고속도로, 반도체 공단(1㎞)",충남 천안시 서북구 성거읍 도토성길 146,금강청,Level C 보호장화(내산),ea,-,-,5,-
6-6,북천안영업소,"경부고속도로, 반도체 공단(1㎞)",충남 천안시 서북구 성거읍 도토성길 146,금강청,화학물질흡착포(붐형),box,-,-,5,-
6-7,북천안영업소,"경부고속도로, 반도체 공단(1㎞)",충남 천안시 서북구 성거읍 도토성길 146,금강청,화학물질흡착포(필로우형),box,-,-,5,-
6-8,북천안영업소,"경부고속도로, 반도체 공단(1㎞)",충남 천안시 서북구 성거읍 도토성길 146,금강청,화학물질흡착포(패드형),box,-,-,5,-
6-9,북천안영업소,"경부고속도로, 반도체 공단(1㎞)",충남 천안시 서북구 성거읍 도토성길 146,금강청,유흡착제,box,-,-,10,-
6-10,북천안영업소,"경부고속도로, 반도체 공단(1㎞)",충남 천안시 서북구 성거읍 도토성길 146,금강청,모래주머니(5kg),포,-,-,30,-
6-11,북천안영업소,"경부고속도로, 반도체 공단(1㎞)",충남 천안시 서북구 성거읍 도토성길 146,금강청,톱밥(40kg pp포대),포,-,-,10,-
6-12,북천안영업소,"경부고속도로, 반도체 공단(1㎞)",충남 천안시 서북구 성거읍 도토성길 146,금강청,폐기물봉투(25 bags),box,-,-,1,-
6-13,북천안영업소,"경부고속도로, 반도체 공단(1㎞)",충남 천안시 서북구 성거읍 도토성길 146,금강청,빗자루,ea,-,-,1,-
6-14,북천안영업소,"경부고속도로, 반도체 공단(1㎞)",충남 천안시 서북구 성거읍 도토성길 146,금강청,쓰레받기,ea,-,-,1,-
6-15,북천안영업소,"경부고속도로, 반도체 공단(1㎞)",충남 천안시 서북구 성거읍 도토성길 146,금강청,양동이(20L),ea,-,-,1,-
6-16,북천안영업소,"경부고속도로, 반도체 공단(1㎞)",충남 천안시 서북구 성거읍 도토성길 146,금강청,렌턴,ea,-,-,2,-
7-1,천안 제5산단,산업단지 내 공공폐수처리시설,충남 천안시 동남구 성남면 대화리 377,금강청,Level C 보호복,ea,-,-,5,-
7-2,천안 제5산단,산업단지 내 공공폐수처리시설,충남 천안시 동남구 성남면 대화리 377,금강청,Level C 마스크(전면형),ea,-,-,5,-
7-3,천안 제5산단,산업단지 내 공공폐수처리시설,충남 천안시 동남구 성남면 대화리 377,금강청,Level C 정화통,ea,-,-,5,-
7-4,천안 제5산단,산업단지 내 공공폐수처리시설,충남 천안시 동남구 성남면 대화리 377,금강청,Level C 보호장갑(유기화합물용),ea,-,-,5,-
7-5,천안 제5산단,산업단지 내 공공폐수처리시설,충남 천안시 동남구 성남면 대화리 377,금강청,Level C 보호장화(내산),ea,-,-,5,-
7-6,천안 제5산단,산업단지 내 공공폐수처리시설,충남 천안시 동남구 성남면 대화리 377,금강청,화학물질흡착포(패드형),box,-,-,5,-
7-7,천안 제5산단,산업단지 내 공공폐수처리시설,충남 천안시 동남구 성남면 대화리 377,금강청,화학물질흡착포(필로우형),box,-,-,5,-
7-8,천안 제5산단,산업단지 내 공공폐수처리시설,충남 천안시 동남구 성남면 대화리 377,금강청,화학물질흡착포(붐형),box,-,-,5,-
7-9,천안 제5산단,산업단지 내 공공폐수처리시설,충남 천안시 동남구 성남면 대화리 377,금강청,유흡착제,box,-,-,10,-
7-10,천안 제5산단,산업단지 내 공공폐수처리시설,충남 천안시 동남구 성남면 대화리 377,금강청,모래주머니(5kg),포,-,-,30,-
7-11,천안 제5산단,산업단지 내 공공폐수처리시설,충남 천안시 동남구 성남면 대화리 377,금강청,톱밥(40kg pp포대),포,-,-,10,-
7-12,천안 제5산단,산업단지 내 공공폐수처리시설,충남 천안시 동남구 성남면 대화리 377,금강청,폐기물봉투(25bag),box,-,-,1,-
7-13,천안 제5산단,산업단지 내 공공폐수처리시설,충남 천안시 동남구 성남면 대화리 377,금강청,빗자루,ea,-,-,2,-
7-14,천안 제5산단,산업단지 내 공공폐수처리시설,충남 천안시 동남구 성남면 대화리 377,금강청,쓰레받기,ea,-,-,2,-
7-15,천안 제5산단,산업단지 내 공공폐수처리시설,충남 천안시 동남구 성남면 대화리 377,금강청,양동이(20L),ea,-,-,3,-
7-16,천안 제5산단,산업단지 내 공공폐수처리시설,충남 천안시 동남구 성남면 대화리 377,금강청,랜턴,ea,-,-,2,-
7-17,천안 제5산단,산업단지 내 공공폐수처리시설,충남 천안시 동남구 성남면 대화리 377,금강청,삽,ea,-,-,5,-
8-1,부여 은산산단,산업단지 내 관리사무소,충남 서천군 장항읍 옥남리 1077,금강청,Level C 보호복,ea,-,-,5,-
8-2,부여 은산산단,산업단지 내 관리사무소,충남 서천군 장항읍 옥남리 1077,금강청,Level C 마스크(전면형),ea,-,-,5,-
8-3,부여 은산산단,산업단지 내 관리사무소,충남 서천군 장항읍 옥남리 1077,금강청,Level C 정화통,ea,-,-,5,-
8-4,부여 은산산단,산업단지 내 관리사무소,충남 서천군 장항읍 옥남리 1077,금강청,Level C 보호장갑(유기화합물용),ea,-,-,5,-
8-5,부여 은산산단,산업단지 내 관리사무소,충남 서천군 장항읍 옥남리 1077,금강청,Level C 보호장화(내산),ea,-,-,5,-
8-6,부여 은산산단,산업단지 내 관리사무소,충남 서천군 장항읍 옥남리 1077,금강청,화학물질흡착포(패드형),box,-,-,5,-
8-7,부여 은산산단,산업단지 내 관리사무소,충남 서천군 장항읍 옥남리 1077,금강청,화학물질흡착포(필로우형),box,-,-,5,-
8-8,부여 은산산단,산업단지 내 관리사무소,충남 서천군 장항읍 옥남리 1077,금강청,화학물질흡착포(붐형),box,-,-,5,-
8-9,부여 은산산단,산업단지 내 관리사무소,충남 서천군 장항읍 옥남리 1077,금강청,유흡착제,box,-,-,10,-
8-10,부여 은산산단,산업단지 내 관리사무소,충남 서천군 장항읍 옥남리 1077,금강청,모래주머니(5kg),포,-,-,30,-
8-11,부여 은산산단,산업단지 내 관리사무소,충남 서천군 장항읍 옥남리 1077,금강청,톱밥(40kg pp포대),포,-,-,10,-
8-12,부여 은산산단,산업단지 내 관리사무소,충남 서천군 장항읍 옥남리 1077,금강청,폐기물봉투(25bag),box,-,-,1,-
8-13,부여 은산산단,산업단지 내 관리사무소,충남 서천군 장항읍 옥남리 1077,금강청,빗자루,ea,-,-,2,-
8-14,부여 은산산단,산업단지 내 관리사무소,충남 서천군 장항읍 옥남리 1077,금강청,쓰레받기,ea,-,-,2,-
8-15,부여 은산산단,산업단지 내 관리사무소,충남 서천군 장항읍 옥남리 1077,금강청,양동이(20L),ea,-,-,3,-
8-16,부여 은산산단,산업단지 내 관리사무소,충남 서천군 장항읍 옥남리 1077,금강청,랜턴,ea,-,-,2,-
8-17,부여 은산산단,산업단지 내 관리사무소,충남 서천군 장항읍 옥남리 1077,금강청,삽,ea,-,-,5,-
9-1,서천 장항산단,산업단지 내 공공폐수처리시설,충남 서천군 장항읍 옥남리 1077,금강청,Level C 보호복,ea,-,-,5,-
9-2,서천 장항산단,산업단지 내 공공폐수처리시설,충남 서천군 장항읍 옥남리 1077,금강청,Level C 마스크(전면형),ea,-,-,5,-
9-3,서천 장항산단,산업단지 내 공공폐수처리시설,충남 서천군 장항읍 옥남리 1077,금강청,Level C 정화통,ea,-,-,5,-
9-4,서천 장항산단,산업단지 내 공공폐수처리시설,충남 서천군 장항읍 옥남리 1077,금강청,Level C 보호장갑(유기화합물용),ea,-,-,5,-
9-5,서천 장항산단,산업단지 내 공공폐수처리시설,충남 서천군 장항읍 옥남리 1077,금강청,Level C 보호장화(내산),ea,-,-,5,-
9-6,서천 장항산단,산업단지 내 공공폐수처리시설,충남 서천군 장항읍 옥남리 1077,금강청,화학물질흡착포(패드형),box,-,-,5,-
9-7,서천 장항산단,산업단지 내 공공폐수처리시설,충남 서천군 장항읍 옥남리 1077,금강청,화학물질흡착포(필로우형),box,-,-,5,-
9-8,서천 장항산단,산업단지 내 공공폐수처리시설,충남 서천군 장항읍 옥남리 1077,금강청,화학물질흡착포(붐형),box,-,-,5,-
9-9,서천 장항산단,산업단지 내 공공폐수처리시설,충남 서천군 장항읍 옥남리 1077,금강청,유흡착제,box,-,-,10,-
9-10,서천 장항산단,산업단지 내 공공폐수처리시설,충남 서천군 장항읍 옥남리 1077,금강청,모래주머니(5kg),포,-,-,30,-
9-11,서천 장항산단,산업단지 내 공공폐수처리시설,충남 서천군 장항읍 옥남리 1077,금강청,톱밥(40kg pp포대),포,-,-,10,-
9-12,서천 장항산단,산업단지 내 공공폐수처리시설,충남 서천군 장항읍 옥남리 1077,금강청,폐기물봉투(25bag),box,-,-,1,-
9-13,서천 장항산단,산업단지 내 공공폐수처리시설,충남 서천군 장항읍 옥남리 1077,금강청,빗자루,ea,-,-,2,-
9-14,서천 장항산단,산업단지 내 공공폐수처리시설,충남 서천군 장항읍 옥남리 1077,금강청,쓰레받기,ea,-,-,2,-
9-15,서천 장항산단,산업단지 내 공공폐수처리시설,충남 서천군 장항읍 옥남리 1077,금강청,양동이(20L),ea,-,-,3,-
9-16,서천 장항산단,산업단지 내 공공폐수처리시설,충남 서천군 장항읍 옥남리 1077,금강청,랜턴,ea,-,-,2,-
9-17,서천 장항산단,산업단지 내 공공폐수처리시설,충남 서천군 장항읍 옥남리 1077,금강청,삽,ea,-,-,5,-
10-1,해룡-율촌터널 인근,-,전남 여수시 율촌면 용전리 산207-12,여수센터,화학물질흡착포(붐형 大),BOX,-,-,1,-
10-2,해룡-율촌터널 인근,-,전남 여수시 율촌면 용전리 산207-12,여수센터,화학물질흡착포(붐형),BOX,-,-,4,-
10-3,해룡-율촌터널 인근,-,전남 여수시 율촌면 용전리 산207-12,여수센터,화학물질흡착포(필로우형),BOX,-,-,3,-
10-4,해룡-율촌터널 인근,-,전남 여수시 율촌면 용전리 산207-12,여수센터,화학물질흡착포(패드형,BOX,-,-,6,-
10-5,해룡-율촌터널 인근,-,전남 여수시 율촌면 용전리 산207-12,여수센터,유류 흡착포,BOX,-,-,2,-
10-6,해룡-율촌터널 인근,-,전남 여수시 율촌면 용전리 산207-12,여수센터,화학보호복,EA,-,-,5,-
10-7,해룡-율촌터널 인근,-,전남 여수시 율촌면 용전리 산207-12,여수센터,내산장갑,EA,-,-,5,-
10-8,해룡-율촌터널 인근,-,전남 여수시 율촌면 용전리 산207-12,여수센터,내화학장갑,EA,-,-,5,-
10-9,해룡-율촌터널 인근,-,전남 여수시 율촌면 용전리 산207-12,여수센터,전면형 방독면,EA,-,-,5,-
10-10,해룡-율촌터널 인근,-,전남 여수시 율촌면 용전리 산207-12,여수센터,정화통,EA,-,-,5,-
10-11,해룡-율촌터널 인근,-,전남 여수시 율촌면 용전리 산207-12,여수센터,면장갑,EA,-,-,1,-
10-12,해룡-율촌터널 인근,-,전남 여수시 율촌면 용전리 산207-12,여수센터,모래주머니(4kg),포,-,-,100,-
10-13,해룡-율촌터널 인근,-,전남 여수시 율촌면 용전리 산207-12,여수센터,톱밥(40kg),포,-,-,20,-
10-14,해룡-율촌터널 인근,-,전남 여수시 율촌면 용전리 산207-12,여수센터,팽창질석(9kg),포,-,-,3,-
10-15,해룡-율촌터널 인근,-,전남 여수시 율촌면 용전리 산207-12,여수센터,눈삽,EA,-,-,1,-
10-16,해룡-율촌터널 인근,-,전남 여수시 율촌면 용전리 산207-12,여수센터,빗자루,EA,-,-,1,-
10-17,해룡-율촌터널 인근,-,전남 여수시 율촌면 용전리 산207-12,여수센터,쓰레받이,EA,-,-,1,-
10-18,해룡-율촌터널 인근,-,전남 여수시 율촌면 용전리 산207-12,여수센터,양동이 또는 쓰레기통,EA,-,-,1,-
11-1,옥곡 톨게이트 인근,-,전남 광양시 옥곡면 강변로 434-37,여수센터,화학물질흡착포(붐형 大),BOX,-,-,1,-
11-2,옥곡 톨게이트 인근,-,전남 광양시 옥곡면 강변로 434-37,여수센터,화학물질흡착포(붐형),BOX,-,-,4,-
11-3,옥곡 톨게이트 인근,-,전남 광양시 옥곡면 강변로 434-37,여수센터,화학물질흡착포(필로우형),BOX,-,-,3,-
11-4,옥곡 톨게이트 인근,-,전남 광양시 옥곡면 강변로 434-37,여수센터,화학물질흡착포(패드형,BOX,-,-,6,-
11-5,옥곡 톨게이트 인근,-,전남 광양시 옥곡면 강변로 434-37,여수센터,유류 흡착포,BOX,-,-,2,-
11-6,옥곡 톨게이트 인근,-,전남 광양시 옥곡면 강변로 434-37,여수센터,화학보호복,EA,-,-,5,-
11-7,옥곡 톨게이트 인근,-,전남 광양시 옥곡면 강변로 434-37,여수센터,내산장갑,EA,-,-,5,-
11-8,옥곡 톨게이트 인근,-,전남 광양시 옥곡면 강변로 434-37,여수센터,내화학장갑,EA,-,-,5,-
11-9,옥곡 톨게이트 인근,-,전남 광양시 옥곡면 강변로 434-37,여수센터,전면형 방독면,EA,-,-,5,-
11-10,옥곡 톨게이트 인근,-,전남 광양시 옥곡면 강변로 434-37,여수센터,정화통,EA,-,-,5,-
11-11,옥곡 톨게이트 인근,-,전남 광양시 옥곡면 강변로 434-37,여수센터,면장갑,EA,-,-,1,-
11-12,옥곡 톨게이트 인근,-,전남 광양시 옥곡면 강변로 434-37,여수센터,모래주머니(4kg),포,-,-,50,-
11-13,옥곡 톨게이트 인근,-,전남 광양시 옥곡면 강변로 434-37,여수센터,톱밥(40kg),포,-,-,10,-
11-14,옥곡 톨게이트 인근,-,전남 광양시 옥곡면 강변로 434-37,여수센터,팽창질석(9kg),포,-,-,3,-
11-15,옥곡 톨게이트 인근,-,전남 광양시 옥곡면 강변로 434-37,여수센터,눈삽,EA,-,-,1,-
11-16,옥곡 톨게이트 인근,-,전남 광양시 옥곡면 강변로 434-37,여수센터,빗자루,EA,-,-,1,-
11-17,옥곡 톨게이트 인근,-,전남 광양시 옥곡면 강변로 434-37,여수센터,쓰레받이,EA,-,-,1,-
11-18,옥곡 톨게이트 인근,-,전남 광양시 옥곡면 강변로 434-37,여수센터,양동이 또는 쓰레기통,EA,-,-,1,-
12-1,산곡-대포터널 인근,-,전남 여수시 율촌면 신풍리 산106-1,여수센터,화학물질흡착포(붐형 大),BOX,-,-,1,-
12-2,산곡-대포터널 인근,-,전남 여수시 율촌면 신풍리 산106-1,여수센터,화학물질흡착포(붐형),BOX,-,-,4,-
12-3,산곡-대포터널 인근,-,전남 여수시 율촌면 신풍리 산106-1,여수센터,화학물질흡착포(필로우형),BOX,-,-,3,-
12-4,산곡-대포터널 인근,-,전남 여수시 율촌면 신풍리 산106-1,여수센터,화학물질흡착포(패드형,BOX,-,-,6,-
12-5,산곡-대포터널 인근,-,전남 여수시 율촌면 신풍리 산106-1,여수센터,유류 흡착포,BOX,-,-,2,-
12-6,산곡-대포터널 인근,-,전남 여수시 율촌면 신풍리 산106-1,여수센터,화학보호복,EA,-,-,5,-
12-7,산곡-대포터널 인근,-,전남 여수시 율촌면 신풍리 산106-1,여수센터,내산장갑,EA,-,-,5,-
12-8,산곡-대포터널 인근,-,전남 여수시 율촌면 신풍리 산106-1,여수센터,내화학장갑,EA,-,-,5,-
12-9,산곡-대포터널 인근,-,전남 여수시 율촌면 신풍리 산106-1,여수센터,전면형 방독면,EA,-,-,5,-
12-10,산곡-대포터널 인근,-,전남 여수시 율촌면 신풍리 산106-1,여수센터,정화통,EA,-,-,5,-
12-11,산곡-대포터널 인근,-,전남 여수시 율촌면 신풍리 산106-1,여수센터,면장갑,EA,-,-,1,-
12-12,산곡-대포터널 인근,-,전남 여수시 율촌면 신풍리 산106-1,여수센터,모래주머니(4kg),포,-,-,100,-
12-13,산곡-대포터널 인근,-,전남 여수시 율촌면 신풍리 산106-1,여수센터,톱밥(40kg),포,-,-,20,-
12-14,산곡-대포터널 인근,-,전남 여수시 율촌면 신풍리 산106-1,여수센터,팽창질석(9kg),포,-,-,3,-
12-15,산곡-대포터널 인근,-,전남 여수시 율촌면 신풍리 산106-1,여수센터,눈삽,EA,-,-,1,-
12-16,산곡-대포터널 인근,-,전남 여수시 율촌면 신풍리 산106-1,여수센터,빗자루,EA,-,-,1,-
12-17,산곡-대포터널 인근,-,전남 여수시 율촌면 신풍리 산106-1,여수센터,쓰레받이,EA,-,-,1,-
12-18,산곡-대포터널 인근,-,전남 여수시 율촌면 신풍리 산106-1,여수센터,양동이 또는 쓰레기통,EA,-,-,1,-
13-1,광양항 컨테이너 부두 인근,-,전남 광양시 도이동 782,여수센터,화학물질흡착포(붐형 大),BOX,-,-,1,-
13-2,광양항 컨테이너 부두 인근,-,전남 광양시 도이동 782,여수센터,화학물질흡착포(붐형),BOX,-,-,4,-
13-3,광양항 컨테이너 부두 인근,-,전남 광양시 도이동 782,여수센터,화학물질흡착포(필로우형),BOX,-,-,3,-
13-4,광양항 컨테이너 부두 인근,-,전남 광양시 도이동 782,여수센터,화학물질흡착포(패드형,BOX,-,-,6,-
13-5,광양항 컨테이너 부두 인근,-,전남 광양시 도이동 782,여수센터,유류 흡착포,BOX,-,-,2,-
13-6,광양항 컨테이너 부두 인근,-,전남 광양시 도이동 782,여수센터,화학보호복,EA,-,-,5,-
13-7,광양항 컨테이너 부두 인근,-,전남 광양시 도이동 782,여수센터,내산장갑,EA,-,-,5,-
13-8,광양항 컨테이너 부두 인근,-,전남 광양시 도이동 782,여수센터,내화학장갑,EA,-,-,5,-
13-9,광양항 컨테이너 부두 인근,-,전남 광양시 도이동 782,여수센터,전면형 방독면,EA,-,-,5,-
13-10,광양항 컨테이너 부두 인근,-,전남 광양시 도이동 782,여수센터,정화통,EA,-,-,5,-
13-11,광양항 컨테이너 부두 인근,-,전남 광양시 도이동 782,여수센터,면장갑,EA,-,-,1,-
13-12,광양항 컨테이너 부두 인근,-,전남 광양시 도이동 782,여수센터,모래주머니(4kg),포,-,-,100,-
13-13,광양항 컨테이너 부두 인근,-,전남 광양시 도이동 782,여수센터,톱밥(40kg),포,-,-,20,-
13-14,광양항 컨테이너 부두 인근,-,전남 광양시 도이동 782,여수센터,팽창질석(9kg),포,-,-,3,-
13-15,광양항 컨테이너 부두 인근,-,전남 광양시 도이동 782,여수센터,눈삽,EA,-,-,1,-
13-16,광양항 컨테이너 부두 인근,-,전남 광양시 도이동 782,여수센터,빗자루,EA,-,-,1,-
13-17,광양항 컨테이너 부두 인근,-,전남 광양시 도이동 782,여수센터,쓰레받이,EA,-,-,1,-
13-18,광양항 컨테이너 부두 인근,-,전남 광양시 도이동 782,여수센터,양동이 또는 쓰레기통,EA,-,-,1,-
14-1,묘도 휴게소 인근,-,전남 광양시 묘도7길 110,여수센터,화학물질흡착포(붐형 大),BOX,-,-,1,-
14-2,묘도 휴게소 인근,-,전남 광양시 묘도7길 110,여수센터,화학물질흡착포(붐형),BOX,-,-,4,-
14-3,묘도 휴게소 인근,-,전남 광양시 묘도7길 110,여수센터,화학물질흡착포(필로우형),BOX,-,-,3,-
14-4,묘도 휴게소 인근,-,전남 광양시 묘도7길 110,여수센터,화학물질흡착포(패드형,BOX,-,-,6,-
14-5,묘도 휴게소 인근,-,전남 광양시 묘도7길 110,여수센터,유류 흡착포,BOX,-,-,2,-
14-6,묘도 휴게소 인근,-,전남 광양시 묘도7길 110,여수센터,화학보호복,EA,-,-,5,-
14-7,묘도 휴게소 인근,-,전남 광양시 묘도7길 110,여수센터,내산장갑,EA,-,-,5,-
14-8,묘도 휴게소 인근,-,전남 광양시 묘도7길 110,여수센터,내화학장갑,EA,-,-,5,-
14-9,묘도 휴게소 인근,-,전남 광양시 묘도7길 110,여수센터,전면형 방독면,EA,-,-,5,-
14-10,묘도 휴게소 인근,-,전남 광양시 묘도7길 110,여수센터,정화통,EA,-,-,5,-
14-11,묘도 휴게소 인근,-,전남 광양시 묘도7길 110,여수센터,면장갑,EA,-,-,1,-
14-12,묘도 휴게소 인근,-,전남 광양시 묘도7길 110,여수센터,모래주머니(4kg),포,-,-,100,-
14-13,묘도 휴게소 인근,-,전남 광양시 묘도7길 110,여수센터,톱밥(40kg),포,-,-,20,-
14-14,묘도 휴게소 인근,-,전남 광양시 묘도7길 110,여수센터,팽창질석(9kg),포,-,-,3,-
14-15,묘도 휴게소 인근,-,전남 광양시 묘도7길 110,여수센터,눈삽,EA,-,-,1,-
14-16,묘도 휴게소 인근,-,전남 광양시 묘도7길 110,여수센터,빗자루,EA,-,-,1,-
14-17,묘도 휴게소 인근,-,전남 광양시 묘도7길 110,여수센터,쓰레받이,EA,-,-,1,-
14-18,묘도 휴게소 인근,-,전남 광양시 묘도7길 110,여수센터,양동이 또는 쓰레기통,EA,-,-,1,-
15-1,동전주영업소,-,전북특별자치도 전주시 덕진구 수곡길 33-50,전북청,화학보호복 3형식,EA,10,4,14,-
15-2,동전주영업소,-,전북특별자치도 전주시 덕진구 수곡길 33-50,전북청,전면형 방독면,EA,10,4,14,-
15-3,동전주영업소,-,전북특별자치도 전주시 덕진구 수곡길 33-50,전북청,방독면 필터,EA,10,4,14,-
15-4,동전주영업소,-,전북특별자치도 전주시 덕진구 수곡길 33-50,전북청,내화학장화,EA,10,4,14,-
15-5,동전주영업소,-,전북특별자치도 전주시 덕진구 수곡길 33-50,전북청,내화학장갑,EA,10,4,14,-
15-6,동전주영업소,-,전북특별자치도 전주시 덕진구 수곡길 33-50,전북청,화학물질 흡착포,BOX,3,3,6,-
15-7,동전주영업소,-,전북특별자치도 전주시 덕진구 수곡길 33-50,전북청,유류 흡착포,BOX,3,3,6,-
15-8,동전주영업소,-,전북특별자치도 전주시 덕진구 수곡길 33-50,전북청,모래주머니,EA,50,30,80,-
15-9,동전주영업소,-,전북특별자치도 전주시 덕진구 수곡길 33-50,전북청,플라스틱 빗자루,EA,3,4,7,-
15-10,동전주영업소,-,전북특별자치도 전주시 덕진구 수곡길 33-50,전북청,제설용 삽,EA,3,4,7,-
15-11,동전주영업소,-,전북특별자치도 전주시 덕진구 수곡길 33-50,전북청,삽,EA,3,4,7,-
15-12,동전주영업소,-,전북특별자치도 전주시 덕진구 수곡길 33-50,전북청,쓰레기통(대형),EA,3,2,5,-
15-13,동전주영업소,-,전북특별자치도 전주시 덕진구 수곡길 33-50,전북청,폐기물봉투,BOX,1,1,2,-
16-1,북남원영업소,-,전북특별자치도 남원시 대산면 순천완주고속도로 64,전북청,화학보호복 3형식,EA,10,4,14,-
16-2,북남원영업소,-,전북특별자치도 남원시 대산면 순천완주고속도로 64,전북청,전면형 방독면,EA,10,4,14,-
16-3,북남원영업소,-,전북특별자치도 남원시 대산면 순천완주고속도로 64,전북청,방독면 필터,EA,10,4,14,-
16-4,북남원영업소,-,전북특별자치도 남원시 대산면 순천완주고속도로 64,전북청,내화학장화,EA,10,4,14,-
16-5,북남원영업소,-,전북특별자치도 남원시 대산면 순천완주고속도로 64,전북청,내화학장갑,EA,10,4,14,-
16-6,북남원영업소,-,전북특별자치도 남원시 대산면 순천완주고속도로 64,전북청,화학물질 흡착포,BOX,3,3,6,-
16-7,북남원영업소,-,전북특별자치도 남원시 대산면 순천완주고속도로 64,전북청,유류 흡착포,BOX,3,3,6,-
16-8,북남원영업소,-,전북특별자치도 남원시 대산면 순천완주고속도로 64,전북청,모래주머니,EA,50,30,80,-
16-9,북남원영업소,-,전북특별자치도 남원시 대산면 순천완주고속도로 64,전북청,플라스틱 빗자루,EA,3,4,7,-
16-10,북남원영업소,-,전북특별자치도 남원시 대산면 순천완주고속도로 64,전북청,제설용 삽,EA,3,4,7,-
16-11,북남원영업소,-,전북특별자치도 남원시 대산면 순천완주고속도로 64,전북청,삽,EA,3,4,7,-
16-12,북남원영업소,-,전북특별자치도 남원시 대산면 순천완주고속도로 64,전북청,쓰레기통(대형),EA,3,2,5,-
16-13,북남원영업소,-,전북특별자치도 남원시 대산면 순천완주고속도로 64,전북청,폐기물봉투,BOX,1,1,2,-
17-1,한국도로공사 남원지사,-,전북특별자치도 남원시 충정로 265-19,전북청,화학보호복 3형식,EA,10,4,14,-
17-2,한국도로공사 남원지사,-,전북특별자치도 남원시 충정로 265-19,전북청,전면형 방독면,EA,10,4,14,-
17-3,한국도로공사 남원지사,-,전북특별자치도 남원시 충정로 265-19,전북청,방독면 필터,EA,10,4,14,-
17-4,한국도로공사 남원지사,-,전북특별자치도 남원시 충정로 265-19,전북청,내화학장화,EA,10,4,14,-
17-5,한국도로공사 남원지사,-,전북특별자치도 남원시 충정로 265-19,전북청,내화학장갑,EA,10,4,14,-
17-6,한국도로공사 남원지사,-,전북특별자치도 남원시 충정로 265-19,전북청,화학물질 흡착포,BOX,3,3,6,-
17-7,한국도로공사 남원지사,-,전북특별자치도 남원시 충정로 265-19,전북청,유류 흡착포,BOX,3,3,6,-
17-8,한국도로공사 남원지사,-,전북특별자치도 남원시 충정로 265-19,전북청,모래주머니,EA,50,30,80,-
17-9,한국도로공사 남원지사,-,전북특별자치도 남원시 충정로 265-19,전북청,플라스틱 빗자루,EA,3,4,7,-
17-10,한국도로공사 남원지사,-,전북특별자치도 남원시 충정로 265-19,전북청,제설용 삽,EA,3,4,7,-
17-11,한국도로공사 남원지사,-,전북특별자치도 남원시 충정로 265-19,전북청,삽,EA,3,4,7,-
17-12,한국도로공사 남원지사,-,전북특별자치도 남원시 충정로 265-19,전북청,쓰레기통(대형),EA,3,2,5,-
17-13,한국도로공사 남원지사,-,전북특별자치도 남원시 충정로 265-19,전북청,폐기물봉투,BOX,1,1,2,-
18-1,오수휴게소 완주방향(상),순천완주고속도로,전북특별자치도 임실군 오수면 순천완주고속도로 74,전북청,화학보호복 3형식,EA,10,4,14,-
18-2,오수휴게소 완주방향(상),순천완주고속도로,전북특별자치도 임실군 오수면 순천완주고속도로 74,전북청,전면형 방독면,EA,10,4,14,-
18-3,오수휴게소 완주방향(상),순천완주고속도로,전북특별자치도 임실군 오수면 순천완주고속도로 74,전북청,방독면 필터,EA,10,4,14,-
18-4,오수휴게소 완주방향(상),순천완주고속도로,전북특별자치도 임실군 오수면 순천완주고속도로 74,전북청,내화학장화,EA,10,4,14,-
18-5,오수휴게소 완주방향(상),순천완주고속도로,전북특별자치도 임실군 오수면 순천완주고속도로 74,전북청,내화학장갑,EA,10,4,14,-
18-6,오수휴게소 완주방향(상),순천완주고속도로,전북특별자치도 임실군 오수면 순천완주고속도로 74,전북청,화학물질 흡착포,BOX,3,3,6,-
18-7,오수휴게소 완주방향(상),순천완주고속도로,전북특별자치도 임실군 오수면 순천완주고속도로 74,전북청,유류 흡착포,BOX,3,3,6,-
18-8,오수휴게소 완주방향(상),순천완주고속도로,전북특별자치도 임실군 오수면 순천완주고속도로 74,전북청,모래주머니,EA,50,30,80,-
18-9,오수휴게소 완주방향(상),순천완주고속도로,전북특별자치도 임실군 오수면 순천완주고속도로 74,전북청,플라스틱 빗자루,EA,3,4,7,-
18-10,오수휴게소 완주방향(상),순천완주고속도로,전북특별자치도 임실군 오수면 순천완주고속도로 74,전북청,제설용 삽,EA,3,4,7,-
18-11,오수휴게소 완주방향(상),순천완주고속도로,전북특별자치도 임실군 오수면 순천완주고속도로 74,전북청,삽,EA,3,4,7,-
18-12,오수휴게소 완주방향(상),순천완주고속도로,전북특별자치도 임실군 오수면 순천완주고속도로 74,전북청,쓰레기통(대형),EA,3,2,5,-
18-13,오수휴게소 완주방향(상),순천완주고속도로,전북특별자치도 임실군 오수면 순천완주고속도로 74,전북청,폐기물봉투,BOX,1,1,2,-
19-1,춘향휴게소 순천방향(하),순천완주고속도로,전북특별자치도 남원시 수지면 순천완주고속도로 50,전북청,화학보호복 3형식,EA,10,4,14,-
19-2,춘향휴게소 순천방향(하),순천완주고속도로,전북특별자치도 남원시 수지면 순천완주고속도로 50,전북청,전면형 방독면,EA,10,4,14,-
19-3,춘향휴게소 순천방향(하),순천완주고속도로,전북특별자치도 남원시 수지면 순천완주고속도로 50,전북청,방독면 필터,EA,10,4,14,-
19-4,춘향휴게소 순천방향(하),순천완주고속도로,전북특별자치도 남원시 수지면 순천완주고속도로 50,전북청,내화학장화,EA,10,4,14,-
19-5,춘향휴게소 순천방향(하),순천완주고속도로,전북특별자치도 남원시 수지면 순천완주고속도로 50,전북청,내화학장갑,EA,10,4,14,-
19-6,춘향휴게소 순천방향(하),순천완주고속도로,전북특별자치도 남원시 수지면 순천완주고속도로 50,전북청,화학물질 흡착포,BOX,3,3,6,-
19-7,춘향휴게소 순천방향(하),순천완주고속도로,전북특별자치도 남원시 수지면 순천완주고속도로 50,전북청,유류 흡착포,BOX,3,3,6,-
19-8,춘향휴게소 순천방향(하),순천완주고속도로,전북특별자치도 남원시 수지면 순천완주고속도로 50,전북청,모래주머니,EA,50,30,80,-
19-9,춘향휴게소 순천방향(하),순천완주고속도로,전북특별자치도 남원시 수지면 순천완주고속도로 50,전북청,플라스틱 빗자루,EA,3,4,7,-
19-10,춘향휴게소 순천방향(하),순천완주고속도로,전북특별자치도 남원시 수지면 순천완주고속도로 50,전북청,제설용 삽,EA,3,4,7,-
19-11,춘향휴게소 순천방향(하),순천완주고속도로,전북특별자치도 남원시 수지면 순천완주고속도로 50,전북청,삽,EA,3,4,7,-
19-12,춘향휴게소 순천방향(하),순천완주고속도로,전북특별자치도 남원시 수지면 순천완주고속도로 50,전북청,쓰레기통(대형),EA,3,2,5,-
19-13,춘향휴게소 순천방향(하),순천완주고속도로,전북특별자치도 남원시 수지면 순천완주고속도로 50,전북청,폐기물봉투,BOX,1,1,2,-
17-1,진안 마이산휴게소 익산방향,익산장수고속도로,전북특별자치도 진안군 진안읍 익산장수고속도로 41,전북청,화학보호복 3형식,EA,10,4,14,-
17-2,진안 마이산휴게소 익산방향,익산장수고속도로,전북특별자치도 진안군 진안읍 익산장수고속도로 41,전북청,전면형 방독면,EA,10,4,14,-
17-3,진안 마이산휴게소 익산방향,익산장수고속도로,전북특별자치도 진안군 진안읍 익산장수고속도로 41,전북청,방독면 필터,EA,10,4,14,-
17-4,진안 마이산휴게소 익산방향,익산장수고속도로,전북특별자치도 진안군 진안읍 익산장수고속도로 41,전북청,내화학장화,EA,10,4,14,-
17-5,진안 마이산휴게소 익산방향,익산장수고속도로,전북특별자치도 진안군 진안읍 익산장수고속도로 41,전북청,내화학장갑,EA,10,4,14,-
17-6,진안 마이산휴게소 익산방향,익산장수고속도로,전북특별자치도 진안군 진안읍 익산장수고속도로 41,전북청,화학물질 흡착포,BOX,3,3,6,-
17-7,진안 마이산휴게소 익산방향,익산장수고속도로,전북특별자치도 진안군 진안읍 익산장수고속도로 41,전북청,유류 흡착포,BOX,3,3,6,-
17-8,진안 마이산휴게소 익산방향,익산장수고속도로,전북특별자치도 진안군 진안읍 익산장수고속도로 41,전북청,모래주머니,EA,50,30,80,-
17-9,진안 마이산휴게소 익산방향,익산장수고속도로,전북특별자치도 진안군 진안읍 익산장수고속도로 41,전북청,플라스틱 빗자루,EA,3,4,7,-
17-10,진안 마이산휴게소 익산방향,익산장수고속도로,전북특별자치도 진안군 진안읍 익산장수고속도로 41,전북청,제설용 삽,EA,3,4,7,-
17-11,진안 마이산휴게소 익산방향,익산장수고속도로,전북특별자치도 진안군 진안읍 익산장수고속도로 41,전북청,삽,EA,3,4,7,-
17-12,진안 마이산휴게소 익산방향,익산장수고속도로,전북특별자치도 진안군 진안읍 익산장수고속도로 41,전북청,쓰레기통(대형),EA,3,2,5,-
17-13,진안 마이산휴게소 익산방향,익산장수고속도로,전북특별자치도 진안군 진안읍 익산장수고속도로 41,전북청,폐기물봉투,BOX,1,1,2,-
18-1,진안 마이산휴게소 장수방향,익산장수고속도로,전북특별자치도 진안군 진안읍 익산장수고속도로 42,전북청,화학보호복 3형식,EA,10,4,14,-
18-2,진안 마이산휴게소 장수방향,익산장수고속도로,전북특별자치도 진안군 진안읍 익산장수고속도로 42,전북청,전면형 방독면,EA,10,4,14,-
18-3,진안 마이산휴게소 장수방향,익산장수고속도로,전북특별자치도 진안군 진안읍 익산장수고속도로 42,전북청,방독면 필터,EA,10,4,14,-
18-4,진안 마이산휴게소 장수방향,익산장수고속도로,전북특별자치도 진안군 진안읍 익산장수고속도로 42,전북청,내화학장화,EA,10,4,14,-
18-5,진안 마이산휴게소 장수방향,익산장수고속도로,전북특별자치도 진안군 진안읍 익산장수고속도로 42,전북청,내화학장갑,EA,10,4,14,-
18-6,진안 마이산휴게소 장수방향,익산장수고속도로,전북특별자치도 진안군 진안읍 익산장수고속도로 42,전북청,화학물질 흡착포,BOX,3,3,6,-
18-7,진안 마이산휴게소 장수방향,익산장수고속도로,전북특별자치도 진안군 진안읍 익산장수고속도로 42,전북청,유류 흡착포,BOX,3,3,6,-
18-8,진안 마이산휴게소 장수방향,익산장수고속도로,전북특별자치도 진안군 진안읍 익산장수고속도로 42,전북청,모래주머니,EA,50,30,80,-
18-9,진안 마이산휴게소 장수방향,익산장수고속도로,전북특별자치도 진안군 진안읍 익산장수고속도로 42,전북청,플라스틱 빗자루,EA,3,4,7,-
18-10,진안 마이산휴게소 장수방향,익산장수고속도로,전북특별자치도 진안군 진안읍 익산장수고속도로 42,전북청,제설용 삽,EA,3,4,7,-
18-11,진안 마이산휴게소 장수방향,익산장수고속도로,전북특별자치도 진안군 진안읍 익산장수고속도로 42,전북청,삽,EA,3,4,7,-
18-12,진안 마이산휴게소 장수방향,익산장수고속도로,전북특별자치도 진안군 진안읍 익산장수고속도로 42,전북청,쓰레기통(대형),EA,3,2,5,-
18-13,진안 마이산휴게소 장수방향,익산장수고속도로,전북특별자치도 진안군 진안읍 익산장수고속도로 42,전북청,폐기물봉투,BOX,1,1,2,-
19-1,도레이첨단소재㈜ 군산공장 주차장,새만금산단,전북특별자치도 군산시 새만금북로 90,전북청,화학보호복 3형식,개,-,-,5,-
19-2,도레이첨단소재㈜ 군산공장 주차장,새만금산단,전북특별자치도 군산시 새만금북로 90,전북청,전면형 방독면,개,-,-,5,-
19-3,도레이첨단소재㈜ 군산공장 주차장,새만금산단,전북특별자치도 군산시 새만금북로 90,전북청,방독면 필터,개,-,-,5,-
19-4,도레이첨단소재㈜ 군산공장 주차장,새만금산단,전북특별자치도 군산시 새만금북로 90,전북청,내화학장화,개,-,-,5,-
19-5,도레이첨단소재㈜ 군산공장 주차장,새만금산단,전북특별자치도 군산시 새만금북로 90,전북청,내화학장갑,개,-,-,5,-
19-6,도레이첨단소재㈜ 군산공장 주차장,새만금산단,전북특별자치도 군산시 새만금북로 90,전북청,화학물질 흡착포(패드형),개,-,-,14,-
19-7,도레이첨단소재㈜ 군산공장 주차장,새만금산단,전북특별자치도 군산시 새만금북로 90,전북청,모래주머니,개,-,-,30,-
19-8,도레이첨단소재㈜ 군산공장 주차장,새만금산단,전북특별자치도 군산시 새만금북로 90,전북청,플라스틱 빗자루,개,-,-,4,-
19-9,도레이첨단소재㈜ 군산공장 주차장,새만금산단,전북특별자치도 군산시 새만금북로 90,전북청,제설용 삽,개,-,-,4,-
19-10,도레이첨단소재㈜ 군산공장 주차장,새만금산단,전북특별자치도 군산시 새만금북로 90,전북청,삽,개,-,-,4,-
19-11,도레이첨단소재㈜ 군산공장 주차장,새만금산단,전북특별자치도 군산시 새만금북로 90,전북청,폐기물 회수통,개,-,-,2,-
19-12,도레이첨단소재㈜ 군산공장 주차장,새만금산단,전북특별자치도 군산시 새만금북로 90,전북청,폐기물 봉투,개,-,-,1,-
20-1,도레이첨단소재㈜ 군산공장,새만금산단,전북특별자치도 군산시 새만금북로 90,전북도청,오일펜스,개,-,-,1,-
20-2,도레이첨단소재㈜ 군산공장,새만금산단,전북특별자치도 군산시 새만금북로 90,전북도청,유흡착제,개,-,-,16,-
20-3,도레이첨단소재㈜ 군산공장,새만금산단,전북특별자치도 군산시 새만금북로 90,전북도청,유처리제,개,-,-,5,-
20-4,도레이첨단소재㈜ 군산공장,새만금산단,전북특별자치도 군산시 새만금북로 90,전북도청,유처리제 살포기,개,-,-,2,-
20-5,도레이첨단소재㈜ 군산공장,새만금산단,전북특별자치도 군산시 새만금북로 90,전북도청,케미칼미니붐,개,-,-,7,-
20-6,도레이첨단소재㈜ 군산공장,새만금산단,전북특별자치도 군산시 새만금북로 90,전북도청,미니붐(유류),개,-,-,5,-
20-7,도레이첨단소재㈜ 군산공장,새만금산단,전북특별자치도 군산시 새만금북로 90,전북도청,화학물질흡착제,개,-,-,8,-
20-8,도레이첨단소재㈜ 군산공장,새만금산단,전북특별자치도 군산시 새만금북로 90,전북도청,방독마스크(반면형),개,-,-,8,-
20-9,도레이첨단소재㈜ 군산공장,새만금산단,전북특별자치도 군산시 새만금북로 90,전북도청,방독마스크(전면형),개,-,-,7,-
20-10,도레이첨단소재㈜ 군산공장,새만금산단,전북특별자치도 군산시 새만금북로 90,전북도청,정화통,개,-,-,8,-
20-11,도레이첨단소재㈜ 군산공장,새만금산단,전북특별자치도 군산시 새만금북로 90,전북도청,정화통(전면형),개,-,-,15,-
20-12,도레이첨단소재㈜ 군산공장,새만금산단,전북특별자치도 군산시 새만금북로 90,전북도청,pH페이퍼,개,-,-,3,-
20-13,도레이첨단소재㈜ 군산공장,새만금산단,전북특별자치도 군산시 새만금북로 90,전북도청,화학복,개,-,-,9,-
20-14,도레이첨단소재㈜ 군산공장,새만금산단,전북특별자치도 군산시 새만금북로 90,전북도청,가슴장화,개,-,-,5,-
20-15,도레이첨단소재㈜ 군산공장,새만금산단,전북특별자치도 군산시 새만금북로 90,전북도청,내화학장갑,개,-,-,10,-
20-16,도레이첨단소재㈜ 군산공장,새만금산단,전북특별자치도 군산시 새만금북로 90,전북도청,내산장화,개,-,-,4,-
21-1,119화학구조대(군산),군산일반산단,전북특별자치도 군산시 외항7길 7,군산시,오일펜스,개,-,-,1,-
21-2,119화학구조대(군산),군산일반산단,전북특별자치도 군산시 외항7길 7,군산시,유흡착제,개,-,-,16,-
21-3,119화학구조대(군산),군산일반산단,전북특별자치도 군산시 외항7길 7,군산시,유처리제,개,-,-,5,-
21-4,119화학구조대(군산),군산일반산단,전북특별자치도 군산시 외항7길 7,군산시,유처리제 살포기,개,-,-,2,-
21-5,119화학구조대(군산),군산일반산단,전북특별자치도 군산시 외항7길 7,군산시,케미칼미니붐,개,-,-,7,-
21-6,119화학구조대(군산),군산일반산단,전북특별자치도 군산시 외항7길 7,군산시,미니붐(유류),개,-,-,5,-
21-7,119화학구조대(군산),군산일반산단,전북특별자치도 군산시 외항7길 7,군산시,화학물질흡착제,개,-,-,8,-
21-8,119화학구조대(군산),군산일반산단,전북특별자치도 군산시 외항7길 7,군산시,방독마스크(반면형),개,-,-,8,-
21-9,119화학구조대(군산),군산일반산단,전북특별자치도 군산시 외항7길 7,군산시,방독마스크(전면형),개,-,-,7,-
21-10,119화학구조대(군산),군산일반산단,전북특별자치도 군산시 외항7길 7,군산시,정화통,개,-,-,8,-
21-11,119화학구조대(군산),군산일반산단,전북특별자치도 군산시 외항7길 7,군산시,정화통(전면형),개,-,-,15,-
21-12,119화학구조대(군산),군산일반산단,전북특별자치도 군산시 외항7길 7,군산시,pH페이퍼,개,-,-,3,-
21-13,119화학구조대(군산),군산일반산단,전북특별자치도 군산시 외항7길 7,군산시,화학복,개,-,-,9,-
21-14,119화학구조대(군산),군산일반산단,전북특별자치도 군산시 외항7길 7,군산시,가슴장화,개,-,-,5,-
21-15,119화학구조대(군산),군산일반산단,전북특별자치도 군산시 외항7길 7,군산시,내화학장갑,개,-,-,10,-
21-16,119화학구조대(군산),군산일반산단,전북특별자치도 군산시 외항7길 7,군산시,내산장화,개,-,-,4,-
22-1,어린이교통공원(군산1국가산단),군산1국가산단,전북특별자치도 군산시 동장산로 135,군산시,화학보호복 3형식,개,-,-,5,-
22-2,어린이교통공원(군산1국가산단),군산1국가산단,전북특별자치도 군산시 동장산로 135,군산시,전면형 방독면,개,-,-,5,-
22-3,어린이교통공원(군산1국가산단),군산1국가산단,전북특별자치도 군산시 동장산로 135,군산시,방독면 필터,개,-,-,5,-
22-4,어린이교통공원(군산1국가산단),군산1국가산단,전북특별자치도 군산시 동장산로 135,군산시,내화학장화,개,-,-,5,-
22-5,어린이교통공원(군산1국가산단),군산1국가산단,전북특별자치도 군산시 동장산로 135,군산시,내화학장갑,개,-,-,5,-
22-6,어린이교통공원(군산1국가산단),군산1국가산단,전북특별자치도 군산시 동장산로 135,군산시,화학물질 흡착포(붐형),개,-,-,15,-
22-7,어린이교통공원(군산1국가산단),군산1국가산단,전북특별자치도 군산시 동장산로 135,군산시,화학물질 흡착포(패드형),개,-,-,30,-
22-8,어린이교통공원(군산1국가산단),군산1국가산단,전북특별자치도 군산시 동장산로 135,군산시,모래주머니,개,-,-,30,-
22-9,어린이교통공원(군산1국가산단),군산1국가산단,전북특별자치도 군산시 동장산로 135,군산시,모래주머니포,개,-,-,10,-
22-10,어린이교통공원(군산1국가산단),군산1국가산단,전북특별자치도 군산시 동장산로 135,군산시,분말형 소화기,개,-,-,2,-
22-11,어린이교통공원(군산1국가산단),군산1국가산단,전북특별자치도 군산시 동장산로 135,군산시,투척용 소화기,개,-,-,2,-
22-12,어린이교통공원(군산1국가산단),군산1국가산단,전북특별자치도 군산시 동장산로 135,군산시,배수 펌프,개,-,-,1,-
22-13,어린이교통공원(군산1국가산단),군산1국가산단,전북특별자치도 군산시 동장산로 135,군산시,플라스틱 빗자루,개,-,-,5,-
22-14,어린이교통공원(군산1국가산단),군산1국가산단,전북특별자치도 군산시 동장산로 135,군산시,삽,개,-,-,5,-
22-15,어린이교통공원(군산1국가산단),군산1국가산단,전북특별자치도 군산시 동장산로 135,군산시,폐기물봉투,개,-,-,2,-
22-16,어린이교통공원(군산1국가산단),군산1국가산단,전북특별자치도 군산시 동장산로 135,군산시,경고 테이프(접근 제한),개,-,-,1,-
22-17,어린이교통공원(군산1국가산단),군산1국가산단,전북특별자치도 군산시 동장산로 135,군산시,오수 차폐 블럭,개,-,-,1,-
23-1,삼양화인테크놀로지㈜(군산2국가산단),군산2국가산단,전북특별자치도 군산시 자유무역 1길 63,군산시,화학보호복 3형식,개,-,-,5,-
23-2,삼양화인테크놀로지㈜(군산2국가산단),군산2국가산단,전북특별자치도 군산시 자유무역 1길 63,군산시,전면형 방독면,개,-,-,5,-
23-3,삼양화인테크놀로지㈜(군산2국가산단),군산2국가산단,전북특별자치도 군산시 자유무역 1길 63,군산시,방독면 필터,개,-,-,5,-
23-4,삼양화인테크놀로지㈜(군산2국가산단),군산2국가산단,전북특별자치도 군산시 자유무역 1길 63,군산시,내화학장화,개,-,-,5,-
23-5,삼양화인테크놀로지㈜(군산2국가산단),군산2국가산단,전북특별자치도 군산시 자유무역 1길 63,군산시,내화학장갑,개,-,-,5,-
23-6,삼양화인테크놀로지㈜(군산2국가산단),군산2국가산단,전북특별자치도 군산시 자유무역 1길 63,군산시,화학물질 흡착포(붐형),개,-,-,15,-
23-7,삼양화인테크놀로지㈜(군산2국가산단),군산2국가산단,전북특별자치도 군산시 자유무역 1길 63,군산시,화학물질 흡착포(패드형),개,-,-,30,-
23-8,삼양화인테크놀로지㈜(군산2국가산단),군산2국가산단,전북특별자치도 군산시 자유무역 1길 63,군산시,모래주머니,개,-,-,30,-
23-9,삼양화인테크놀로지㈜(군산2국가산단),군산2국가산단,전북특별자치도 군산시 자유무역 1길 63,군산시,모래주머니포,개,-,-,10,-
23-10,삼양화인테크놀로지㈜(군산2국가산단),군산2국가산단,전북특별자치도 군산시 자유무역 1길 63,군산시,분말형 소화기,개,-,-,2,-
23-11,삼양화인테크놀로지㈜(군산2국가산단),군산2국가산단,전북특별자치도 군산시 자유무역 1길 63,군산시,투척용 소화기,개,-,-,2,-
23-12,삼양화인테크놀로지㈜(군산2국가산단),군산2국가산단,전북특별자치도 군산시 자유무역 1길 63,군산시,배수 펌프,개,-,-,1,-
23-13,삼양화인테크놀로지㈜(군산2국가산단),군산2국가산단,전북특별자치도 군산시 자유무역 1길 63,군산시,플라스틱 빗자루,개,-,-,5,-
23-14,삼양화인테크놀로지㈜(군산2국가산단),군산2국가산단,전북특별자치도 군산시 자유무역 1길 63,군산시,삽,개,-,-,5,-
23-15,삼양화인테크놀로지㈜(군산2국가산단),군산2국가산단,전북특별자치도 군산시 자유무역 1길 63,군산시,폐기물봉투,개,-,-,2,-
23-16,삼양화인테크놀로지㈜(군산2국가산단),군산2국가산단,전북특별자치도 군산시 자유무역 1길 63,군산시,경고 테이프(접근 제한),개,-,-,1,-
24-1,이피캠텍㈜ 2공장(새만금산단),새만금산단,전북특별자치도 군산시 새만금산단 2로 358,군산시,화학보호복 3형식,개,-,-,5,-
24-2,이피캠텍㈜ 2공장(새만금산단),새만금산단,전북특별자치도 군산시 새만금산단 2로 358,군산시,전면형 방독면,개,-,-,5,-
24-3,이피캠텍㈜ 2공장(새만금산단),새만금산단,전북특별자치도 군산시 새만금산단 2로 358,군산시,방독면 필터,개,-,-,5,-
24-4,이피캠텍㈜ 2공장(새만금산단),새만금산단,전북특별자치도 군산시 새만금산단 2로 358,군산시,내화학장화,개,-,-,5,-
24-5,이피캠텍㈜ 2공장(새만금산단),새만금산단,전북특별자치도 군산시 새만금산단 2로 358,군산시,내화학장갑,개,-,-,5,-
24-6,이피캠텍㈜ 2공장(새만금산단),새만금산단,전북특별자치도 군산시 새만금산단 2로 358,군산시,화학물질 흡착포(붐형),개,-,-,15,-
24-7,이피캠텍㈜ 2공장(새만금산단),새만금산단,전북특별자치도 군산시 새만금산단 2로 358,군산시,화학물질 흡착포(패드형),개,-,-,30,-
24-8,이피캠텍㈜ 2공장(새만금산단),새만금산단,전북특별자치도 군산시 새만금산단 2로 358,군산시,모래주머니,개,-,-,30,-
24-9,이피캠텍㈜ 2공장(새만금산단),새만금산단,전북특별자치도 군산시 새만금산단 2로 358,군산시,모래주머니포,개,-,-,10,-
24-10,이피캠텍㈜ 2공장(새만금산단),새만금산단,전북특별자치도 군산시 새만금산단 2로 358,군산시,분말형 소화기,개,-,-,2,-
24-11,이피캠텍㈜ 2공장(새만금산단),새만금산단,전북특별자치도 군산시 새만금산단 2로 358,군산시,투척용 소화기,개,-,-,2,-
24-12,이피캠텍㈜ 2공장(새만금산단),새만금산단,전북특별자치도 군산시 새만금산단 2로 358,군산시,배수 펌프,개,-,-,1,-
24-13,이피캠텍㈜ 2공장(새만금산단),새만금산단,전북특별자치도 군산시 새만금산단 2로 358,군산시,플라스틱 빗자루,개,-,-,5,-
24-14,이피캠텍㈜ 2공장(새만금산단),새만금산단,전북특별자치도 군산시 새만금산단 2로 358,군산시,삽,개,-,-,5,-
24-15,이피캠텍㈜ 2공장(새만금산단),새만금산단,전북특별자치도 군산시 새만금산단 2로 358,군산시,폐기물봉투,개,-,-,2,-
24-16,이피캠텍㈜ 2공장(새만금산단),새만금산단,전북특별자치도 군산시 새만금산단 2로 358,군산시,경고 테이프(접근 제한),개,-,-,1,-
25-1,(주)휴비스전주공장,전주제2일반산단,전북특별자치도 전주시 덕진구 기린대로 787,전북도청,오일펜스,개,-,-,1,-
25-2,(주)휴비스전주공장,전주제2일반산단,전북특별자치도 전주시 덕진구 기린대로 787,전북도청,유흡착제,개,-,-,25,-
25-3,(주)휴비스전주공장,전주제2일반산단,전북특별자치도 전주시 덕진구 기린대로 787,전북도청,유처리제,개,-,-,5,-
25-4,(주)휴비스전주공장,전주제2일반산단,전북특별자치도 전주시 덕진구 기린대로 787,전북도청,유처리제 살포기,개,-,-,2,-
25-5,(주)휴비스전주공장,전주제2일반산단,전북특별자치도 전주시 덕진구 기린대로 787,전북도청,케미칼미니붐,개,-,-,7,-
25-6,(주)휴비스전주공장,전주제2일반산단,전북특별자치도 전주시 덕진구 기린대로 787,전북도청,미니붐(유류),개,-,-,5,-
25-7,(주)휴비스전주공장,전주제2일반산단,전북특별자치도 전주시 덕진구 기린대로 787,전북도청,화학물질흡착제,개,-,-,11,-
25-8,(주)휴비스전주공장,전주제2일반산단,전북특별자치도 전주시 덕진구 기린대로 787,전북도청,방독마스크(반면형),개,-,-,8,-
25-9,(주)휴비스전주공장,전주제2일반산단,전북특별자치도 전주시 덕진구 기린대로 787,전북도청,방독마스크(전면형),개,-,-,7,-
25-10,(주)휴비스전주공장,전주제2일반산단,전북특별자치도 전주시 덕진구 기린대로 787,전북도청,정화통,개,-,-,8,-
25-11,(주)휴비스전주공장,전주제2일반산단,전북특별자치도 전주시 덕진구 기린대로 787,전북도청,정화통(전면형),개,-,-,10,-
25-12,(주)휴비스전주공장,전주제2일반산단,전북특별자치도 전주시 덕진구 기린대로 787,전북도청,pH페이퍼,개,-,-,3,-
25-13,(주)휴비스전주공장,전주제2일반산단,전북특별자치도 전주시 덕진구 기린대로 787,전북도청,화학복,개,-,-,9,-
25-14,(주)휴비스전주공장,전주제2일반산단,전북특별자치도 전주시 덕진구 기린대로 787,전북도청,가슴장화,개,-,-,10,-
25-15,(주)휴비스전주공장,전주제2일반산단,전북특별자치도 전주시 덕진구 기린대로 787,전북도청,내화학장갑,개,-,-,10,-
25-16,(주)휴비스전주공장,전주제2일반산단,전북특별자치도 전주시 덕진구 기린대로 787,전북도청,내산장화,개,-,-,2,-
26-1,미원상사㈜ 익산공장,익산제4일반산단,전북특별자치도 익산시 낭산면 미륵사지로 820-25,전북도청,오일펜스,개,-,-,1,-
26-2,미원상사㈜ 익산공장,익산제4일반산단,전북특별자치도 익산시 낭산면 미륵사지로 820-25,전북도청,유흡착제,개,-,-,14,-
26-3,미원상사㈜ 익산공장,익산제4일반산단,전북특별자치도 익산시 낭산면 미륵사지로 820-25,전북도청,유처리제,개,-,-,5,-
26-4,미원상사㈜ 익산공장,익산제4일반산단,전북특별자치도 익산시 낭산면 미륵사지로 820-25,전북도청,유처리제 살포기,개,-,-,2,-
26-5,미원상사㈜ 익산공장,익산제4일반산단,전북특별자치도 익산시 낭산면 미륵사지로 820-25,전북도청,케미칼미니붐,개,-,-,3,-
26-6,미원상사㈜ 익산공장,익산제4일반산단,전북특별자치도 익산시 낭산면 미륵사지로 820-25,전북도청,미니붐(유류),개,-,-,2,-
26-7,미원상사㈜ 익산공장,익산제4일반산단,전북특별자치도 익산시 낭산면 미륵사지로 820-25,전북도청,화학물질흡착제,개,-,-,2,-
26-8,미원상사㈜ 익산공장,익산제4일반산단,전북특별자치도 익산시 낭산면 미륵사지로 820-25,전북도청,방독마스크(반면형),개,-,-,8,-
26-9,미원상사㈜ 익산공장,익산제4일반산단,전북특별자치도 익산시 낭산면 미륵사지로 820-25,전북도청,방독마스크(전면형),개,-,-,5,-
26-10,미원상사㈜ 익산공장,익산제4일반산단,전북특별자치도 익산시 낭산면 미륵사지로 820-25,전북도청,정화통,개,-,-,8,-
26-11,미원상사㈜ 익산공장,익산제4일반산단,전북특별자치도 익산시 낭산면 미륵사지로 820-25,전북도청,pH페이퍼,개,-,-,3,-
27-1,신제타코리아㈜,익산제2일반산단,전북특별자치도 익산시 석암로 11길 87,전북도청,미니붐(유류),개,-,-,4,-
27-2,신제타코리아㈜,익산제2일반산단,전북특별자치도 익산시 석암로 11길 87,전북도청,방독마스크(전면형),개,-,-,2,-
27-3,신제타코리아㈜,익산제2일반산단,전북특별자치도 익산시 석암로 11길 87,전북도청,정화통(전면형),개,-,-,4,-
27-4,신제타코리아㈜,익산제2일반산단,전북특별자치도 익산시 석암로 11길 87,전북도청,화학복,개,-,-,9,-
27-5,신제타코리아㈜,익산제2일반산단,전북특별자치도 익산시 석암로 11길 87,전북도청,가슴장화,개,-,-,10,-
27-6,신제타코리아㈜,익산제2일반산단,전북특별자치도 익산시 석암로 11길 87,전북도청,내화학장갑,개,-,-,10,-
27-7,신제타코리아㈜,익산제2일반산단,전북특별자치도 익산시 석암로 11길 87,전북도청,내산장화,개,-,-,2,-
28-1,디와이 이노베이트㈜,익산제2일반산단,전북특별자치도 익산시 석암로 13길 118,전북도청,유흡착제,개,-,-,13,-
28-2,디와이 이노베이트㈜,익산제2일반산단,전북특별자치도 익산시 석암로 13길 118,전북도청,케미칼미니붐,개,-,-,3,-
28-3,디와이 이노베이트㈜,익산제2일반산단,전북특별자치도 익산시 석암로 13길 118,전북도청,화학물질흡착제,개,-,-,10,-
29-1,SK넥실리스㈜ 정읍공장,정읍제3일반산단,전북특별자치도 정읍시 북면 3산단2길 2,전북도청,오일펜스,개,-,-,1,-
29-2,SK넥실리스㈜ 정읍공장,정읍제3일반산단,전북특별자치도 정읍시 북면 3산단2길 2,전북도청,유흡착제,개,-,-,10,-
29-3,SK넥실리스㈜ 정읍공장,정읍제3일반산단,전북특별자치도 정읍시 북면 3산단2길 2,전북도청,유처리제,개,-,-,4,-
29-4,SK넥실리스㈜ 정읍공장,정읍제3일반산단,전북특별자치도 정읍시 북면 3산단2길 2,전북도청,유처리제 살포기,개,-,-,2,-
29-5,SK넥실리스㈜ 정읍공장,정읍제3일반산단,전북특별자치도 정읍시 북면 3산단2길 2,전북도청,미니붐(유류),개,-,-,9,-
29-6,SK넥실리스㈜ 정읍공장,정읍제3일반산단,전북특별자치도 정읍시 북면 3산단2길 2,전북도청,화학물질흡착제,개,-,-,2,-
29-7,SK넥실리스㈜ 정읍공장,정읍제3일반산단,전북특별자치도 정읍시 북면 3산단2길 2,전북도청,방독마스크(반면형),개,-,-,8,-
29-8,SK넥실리스㈜ 정읍공장,정읍제3일반산단,전북특별자치도 정읍시 북면 3산단2길 2,전북도청,방독마스크(전면형),개,-,-,5,-
29-9,SK넥실리스㈜ 정읍공장,정읍제3일반산단,전북특별자치도 정읍시 북면 3산단2길 2,전북도청,정화통,개,-,-,8,-
29-10,SK넥실리스㈜ 정읍공장,정읍제3일반산단,전북특별자치도 정읍시 북면 3산단2길 2,전북도청,정화통(전면형),개,-,-,10,-
29-11,SK넥실리스㈜ 정읍공장,정읍제3일반산단,전북특별자치도 정읍시 북면 3산단2길 2,전북도청,pH페이퍼,개,-,-,3,-
29-12,SK넥실리스㈜ 정읍공장,정읍제3일반산단,전북특별자치도 정읍시 북면 3산단2길 2,전북도청,화학복,개,-,-,9,-
29-13,SK넥실리스㈜ 정읍공장,정읍제3일반산단,전북특별자치도 정읍시 북면 3산단2길 2,전북도청,가슴장화,개,-,-,10,-
29-14,SK넥실리스㈜ 정읍공장,정읍제3일반산단,전북특별자치도 정읍시 북면 3산단2길 2,전북도청,내화학장갑,개,-,-,10,-
29-15,SK넥실리스㈜ 정읍공장,정읍제3일반산단,전북특별자치도 정읍시 북면 3산단2길 2,전북도청,내산장화,개,-,-,2,-
30-1,현대자동차㈜,완주일반산단,전북특별자치도 완주군 봉동읍 완주산단5로 163,전북도청,오일펜스,개,-,-,1,-
30-2,현대자동차㈜,완주일반산단,전북특별자치도 완주군 봉동읍 완주산단5로 164,전북도청,유흡착제,개,-,-,19,-
30-3,현대자동차㈜,완주일반산단,전북특별자치도 완주군 봉동읍 완주산단5로 165,전북도청,유처리제,개,-,-,5,-
30-4,현대자동차㈜,완주일반산단,전북특별자치도 완주군 봉동읍 완주산단5로 166,전북도청,유처리제 살포기,개,-,-,2,-
30-5,현대자동차㈜,완주일반산단,전북특별자치도 완주군 봉동읍 완주산단5로 167,전북도청,케미칼미니붐,개,-,-,6,-
30-6,현대자동차㈜,완주일반산단,전북특별자치도 완주군 봉동읍 완주산단5로 168,전북도청,미니붐(유류),개,-,-,4,-
30-7,현대자동차㈜,완주일반산단,전북특별자치도 완주군 봉동읍 완주산단5로 169,전북도청,화학물질흡착제,개,-,-,7,-
30-8,현대자동차㈜,완주일반산단,전북특별자치도 완주군 봉동읍 완주산단5로 170,전북도청,방독마스크(반면형),개,-,-,8,-
30-9,현대자동차㈜,완주일반산단,전북특별자치도 완주군 봉동읍 완주산단5로 171,전북도청,방독마스크(전면형),개,-,-,7,-
30-10,현대자동차㈜,완주일반산단,전북특별자치도 완주군 봉동읍 완주산단5로 172,전북도청,정화통,개,-,-,8,-
30-11,현대자동차㈜,완주일반산단,전북특별자치도 완주군 봉동읍 완주산단5로 173,전북도청,정화통(전면형),개,-,-,13,-
30-12,현대자동차㈜,완주일반산단,전북특별자치도 완주군 봉동읍 완주산단5로 174,전북도청,pH페이퍼,개,-,-,4,-
30-13,현대자동차㈜,완주일반산단,전북특별자치도 완주군 봉동읍 완주산단5로 175,전북도청,화학복,개,-,-,9,-
30-14,현대자동차㈜,완주일반산단,전북특별자치도 완주군 봉동읍 완주산단5로 176,전북도청,가슴장화,개,-,-,10,-
30-15,현대자동차㈜,완주일반산단,전북특별자치도 완주군 봉동읍 완주산단5로 177,전북도청,내화학장갑,개,-,-,10,-
30-16,현대자동차㈜,완주일반산단,전북특별자치도 완주군 봉동읍 완주산단5로 178,전북도청,내산장화,개,-,-,2,-
