업체명,소재지,대표전화,장비·인력,단위,수량
구다우케미칼,전라남도 여수시 중흥동 751-1,061-690-7808,유흡착제,BOX,2
구다우케미칼,전라남도 여수시 중흥동 751-1,061-690-7808,반면형마스크,EA,10
구다우케미칼,전라남도 여수시 중흥동 751-1,061-690-7808,보호장갑,EA,30
구다우케미칼,전라남도 여수시 중흥동 751-1,061-690-7808,보호장화,EA,8
구다우케미칼,전라남도 여수시 중흥동 751-1,061-690-7808,방재인원,명,24
금호미쓰이화학㈜,전라남도 여수시 여수산단2로 305,061-688-5090 061-688-5095,소방차,1대,1
금호미쓰이화학㈜,전라남도 여수시 여수산단2로 305,061-688-5090 061-688-5095,가스검지기,46대,46
금호미쓰이화학㈜,전라남도 여수시 여수산단2로 305,061-688-5090 061-688-5095,양압식공기호흡기,대(60분용),38
금호미쓰이화학㈜,전라남도 여수시 여수산단2로 305,061-688-5090 061-688-5095,양압식공기호흡기,대(30분용),15
금호미쓰이화학㈜,전라남도 여수시 여수산단2로 305,061-688-5090 061-688-5095,양압식공기호흡기,EA,5
금호미쓰이화학㈜,전라남도 여수시 여수산단2로 305,061-688-5090 061-688-5095,오실레이팅모티터,대,2
금호미쓰이화학㈜,전라남도 여수시 여수산단2로 305,061-688-5090 061-688-5095,분말살포기,대,1
금호미쓰이화학㈜,전라남도 여수시 여수산단2로 305,061-688-5090 061-688-5095,화학복(1형식),EA,4
금호미쓰이화학㈜,전라남도 여수시 여수산단2로 305,061-688-5090 061-688-5095,"화학복(3,4형식)",EA,100
금호미쓰이화학㈜,전라남도 여수시 여수산단2로 305,061-688-5090 061-688-5095,화학장갑,EA,50
금호미쓰이화학㈜,전라남도 여수시 여수산단2로 305,061-688-5090 061-688-5095,방독면(전면형),SET,20
금호미쓰이화학㈜,전라남도 여수시 여수산단2로 305,061-688-5090 061-688-5095,방독면,SET,50
금호미쓰이화학㈜,전라남도 여수시 여수산단2로 305,061-688-5090 061-688-5095,소석회,포,80
금호미쓰이화학㈜,전라남도 여수시 여수산단2로 305,061-688-5090 061-688-5095,규조토(반면형),포,100
금호미쓰이화학㈜,전라남도 여수시 여수산단2로 305,061-688-5090 061-688-5095,흡착포,BOX,20
금호석유화학㈜ 여수고무제1공장,전라남도 여수시 여수산단 3로118,061-688-3135 061-688-3136,소방차,대,1
금호석유화학㈜ 여수고무제1공장,전라남도 여수시 여수산단 3로118,061-688-3135 061-688-3136,흡착포,EA,155
금호석유화학㈜ 여수고무제1공장,전라남도 여수시 여수산단 3로118,061-688-3135 061-688-3136,방독면,EA,100
금호석유화학㈜ 여수고무제1공장,전라남도 여수시 여수산단 3로118,061-688-3135 061-688-3136,가스측정기,EA,15
금호석유화학㈜ 여수고무제1공장,전라남도 여수시 여수산단 3로118,061-688-3135 061-688-3136,풍향계,EA,3
금호석유화학㈜ 여수고무제1공장,전라남도 여수시 여수산단 3로118,061-688-3135 061-688-3136,규조토(20KG),EA,50
금호석유화학㈜ 여수고무제1공장,전라남도 여수시 여수산단 3로118,061-688-3135 061-688-3136,소석회(20KG),EA,100
금호석유화학㈜ 여수고무제1공장,전라남도 여수시 여수산단 3로118,061-688-3135 061-688-3136,유처리제,L,300
금호석유화학㈜ 여수고무제1공장,전라남도 여수시 여수산단 3로118,061-688-3135 061-688-3136,방재인원,명,10
금호석유화학㈜ 여수고무제2공장,전라남도 여수시 산단중앙로33,061-688-7261,소방차,대,1
금호석유화학㈜ 여수고무제2공장,전라남도 여수시 산단중앙로33,061-688-7261,흡착포,EA,500
금호석유화학㈜ 여수고무제2공장,전라남도 여수시 산단중앙로33,061-688-7261,방독면,EA,50
금호석유화학㈜ 여수고무제2공장,전라남도 여수시 산단중앙로33,061-688-7261,가스측정기,EA,1
금호석유화학㈜ 여수고무제2공장,전라남도 여수시 산단중앙로33,061-688-7261,수중PUMP,EA,1
금호석유화학㈜ 여수고무제2공장,전라남도 여수시 산단중앙로33,061-688-7261,모래,KG,250
금호석유화학㈜ 여수고무제2공장,전라남도 여수시 산단중앙로33,061-688-7261,액상소석회,L,500
금호석유화학㈜ 여수고무제2공장,전라남도 여수시 산단중앙로33,061-688-7261,방재인원,명,5
금호석유화학㈜ 여수정밀화학공장,전라남도 여수시 여수산단2로 227,061-688-3943,유처리제,EA,4
금호석유화학㈜ 여수정밀화학공장,전라남도 여수시 여수산단2로 227,061-688-3943,유흡착제,EA,20
금호석유화학㈜ 여수정밀화학공장,전라남도 여수시 여수산단2로 227,061-688-3943,반면형마스크,EA,20
금호석유화학㈜ 여수정밀화학공장,전라남도 여수시 여수산단2로 227,061-688-3943,전면형마스크,EA,80
금호석유화학㈜ 여수정밀화학공장,전라남도 여수시 여수산단2로 227,061-688-3943,보호장갑,A,90
금호석유화학㈜ 여수정밀화학공장,전라남도 여수시 여수산단2로 227,061-688-3943,보호장화,EA,46
금호석유화학㈜ 여수정밀화학공장,전라남도 여수시 여수산단2로 227,061-688-3943,내화학복,EA,200
금호석유화학㈜ 여수정밀화학공장,전라남도 여수시 여수산단2로 227,061-688-3943,방재인원,명,122
금호석유화학㈜ 제1열병합발전소,전라남도 여수시 여수산단2로 46-51,061-688-3943,유흡착제,EA,3
금호석유화학㈜ 제1열병합발전소,전라남도 여수시 여수산단2로 46-51,061-688-3943,반면형마스크,EA,10
금호석유화학㈜ 제1열병합발전소,전라남도 여수시 여수산단2로 46-51,061-688-3943,보호장갑,EA,6
금호석유화학㈜ 제1열병합발전소,전라남도 여수시 여수산단2로 46-51,061-688-3943,보호장화,EA,4
금호석유화학㈜ 제1열병합발전소,전라남도 여수시 여수산단2로 46-51,061-688-3943,방독마스크(전면형),EA,7
금호석유화학㈜ 제1열병합발전소,전라남도 여수시 여수산단2로 46-51,061-688-3943,내화학복,EA,7
금호석유화학㈜ 제1열병합발전소,전라남도 여수시 여수산단2로 46-51,061-688-3943,방재인원,명,52
금호석유화학㈜ 제2열병합발전소,전라남도 여수시 여수산단2로 233-84,061-688-3943,유흡착제,EA,4
금호석유화학㈜ 제2열병합발전소,전라남도 여수시 여수산단2로 233-84,061-688-3943,반면형마스크,EA,18
금호석유화학㈜ 제2열병합발전소,전라남도 여수시 여수산단2로 233-84,061-688-3943,보호장갑,EA,11
금호석유화학㈜ 제2열병합발전소,전라남도 여수시 여수산단2로 233-84,061-688-3943,보호장화,EA,8
금호석유화학㈜ 제2열병합발전소,전라남도 여수시 여수산단2로 233-84,061-688-3943,방독마스크(전면형),EA,11
금호석유화학㈜ 제2열병합발전소,전라남도 여수시 여수산단2로 233-84,061-688-3943,내화학복,EA,11
금호석유화학㈜ 제2열병합발전소,전라남도 여수시 여수산단2로 233-84,061-688-3943,방재인원,명,47
남해화학㈜,전라남도 여수시 여수산돈로 1384,061-688-5752,화학차,대,2
남해화학㈜,전라남도 여수시 여수산돈로 1384,061-688-5752,포트레일러,대,1
남해화학㈜,전라남도 여수시 여수산돈로 1384,061-688-5752,구급차,대,1
남해화학㈜,전라남도 여수시 여수산돈로 1384,061-688-5752,포크레인,대,6
남해화학㈜,전라남도 여수시 여수산돈로 1384,061-688-5752,도우저,대,15
남해화학㈜,전라남도 여수시 여수산돈로 1384,061-688-5752,지게차,대,20
남해화학㈜,전라남도 여수시 여수산돈로 1384,061-688-5752,공기호흡기,EA,22
남해화학㈜,전라남도 여수시 여수산돈로 1384,061-688-5752,가스측정기(독성),EA,2
남해화학㈜,전라남도 여수시 여수산돈로 1384,061-688-5752,가스측정기(가연성),EA,8
남해화학㈜,전라남도 여수시 여수산돈로 1384,061-688-5752,포소화설비(고정포),EA,6
남해화학㈜,전라남도 여수시 여수산돈로 1384,061-688-5752,포소화설비(보조포),EA,13
남해화학㈜,전라남도 여수시 여수산돈로 1384,061-688-5752,자동화재탐지설비,EA,23
남해화학㈜,전라남도 여수시 여수산돈로 1384,061-688-5752,누전경보기,EA,2
남해화학㈜,전라남도 여수시 여수산돈로 1384,061-688-5752,비상경보 설비/발신기,EA,173
남해화학㈜,전라남도 여수시 여수산돈로 1384,061-688-5752,비상방송기,EA,1
남해화학㈜,전라남도 여수시 여수산돈로 1384,061-688-5752,화학복-A,EA,10
남해화학㈜,전라남도 여수시 여수산돈로 1384,061-688-5752,화학복-C,EA,200
남해화학㈜,전라남도 여수시 여수산돈로 1384,061-688-5752,중화제(소석회),KG,4150
남해화학㈜,전라남도 여수시 여수산돈로 1384,061-688-5752,흡착포(유흡착제),EA,1020
남해화학㈜,전라남도 여수시 여수산돈로 1384,061-688-5752,오일휀스,M,260
남해화학㈜,전라남도 여수시 여수산돈로 1384,061-688-5752,유화제,L,1944
남해화학㈜,전라남도 여수시 여수산돈로 1384,061-688-5752,소화기(분말),EA,800
남해화학㈜,전라남도 여수시 여수산돈로 1384,061-688-5752,소화기(CO2),EA,125
남해화학㈜,전라남도 여수시 여수산돈로 1384,061-688-5752,소화기(할론),EA,10
남해화학㈜,전라남도 여수시 여수산돈로 1384,061-688-5752,옥내소화전,EA,80
남해화학㈜,전라남도 여수시 여수산돈로 1384,061-688-5752,옥외소화전,EA,161
남해화학㈜,전라남도 여수시 여수산돈로 1384,061-688-5752,물분무소화설비,EA,8
닛소남해아그로㈜,전라남도 여수시 여수산단로 1384,061-900-3531,유흡착제,EA,100
닛소남해아그로㈜,전라남도 여수시 여수산단로 1384,061-900-3531,화학흡착제,EA,100
닛소남해아그로㈜,전라남도 여수시 여수산단로 1384,061-900-3531,호흡보호구(반면형),EA,20
닛소남해아그로㈜,전라남도 여수시 여수산단로 1384,061-900-3531,호흡보호구(전면형),EA,30
닛소남해아그로㈜,전라남도 여수시 여수산단로 1384,061-900-3531,송기마스크,EA,4
닛소남해아그로㈜,전라남도 여수시 여수산단로 1384,061-900-3531,전동식마스크,EA,3
닛소남해아그로㈜,전라남도 여수시 여수산단로 1384,061-900-3531,공기호흡기,EA,3
닛소남해아그로㈜,전라남도 여수시 여수산단로 1384,061-900-3531,공기호흡기,SET,3
닛소남해아그로㈜,전라남도 여수시 여수산단로 1384,061-900-3531,안면보호면,EA,5
닛소남해아그로㈜,전라남도 여수시 여수산단로 1384,061-900-3531,보안경,EA,5
닛소남해아그로㈜,전라남도 여수시 여수산단로 1384,061-900-3531,화학장화,EA,14
닛소남해아그로㈜,전라남도 여수시 여수산단로 1384,061-900-3531,화학장갑(알파텍),EA,72
닛소남해아그로㈜,전라남도 여수시 여수산단로 1384,061-900-3531,방재인원,명,31
대림산업㈜ 여수공장,전라남도 여수시 여수산단2로 220-10,061-688-6481,공기통 마스크,EA,12
대림산업㈜ 여수공장,전라남도 여수시 여수산단2로 220-10,061-688-6481,방수복,SET,8
대림산업㈜ 여수공장,전라남도 여수시 여수산단2로 220-10,061-688-6481,방열복,EA,2
대림산업㈜ 여수공장,전라남도 여수시 여수산단2로 220-10,061-688-6481,방열장갑,EA,2
대림산업㈜ 여수공장,전라남도 여수시 여수산단2로 220-10,061-688-6481,방열장화,EA,2
대림산업㈜ 여수공장,전라남도 여수시 여수산단2로 220-10,061-688-6481,방화복,EA,3
대림산업㈜ 여수공장,전라남도 여수시 여수산단2로 220-10,061-688-6481,전면형 마스크,EA,18
대림산업㈜ 여수공장,전라남도 여수시 여수산단2로 220-10,061-688-6481,화학보호복,EA,18
대림산업㈜ 여수공장,전라남도 여수시 여수산단2로 220-10,061-688-6481,화학장갑,EA,18
대림산업㈜ 여수공장,전라남도 여수시 여수산단2로 220-10,061-688-6481,규조토,KG,60
대림산업㈜ 여수공장,전라남도 여수시 여수산단2로 220-10,061-688-6481,소석회,KG,100
대림산업㈜ 여수공장,전라남도 여수시 여수산단2로 220-10,061-688-6481,팽창질석,KG,2200
대림산업㈜ LHDPE공장,전라남도 여수시 여수산단중앙로 438,061-688-7548,공기통마스크,EA,8
대림산업㈜ LHDPE공장,전라남도 여수시 여수산단중앙로 438,061-688-7548,방열복,EA,4
대림산업㈜ LHDPE공장,전라남도 여수시 여수산단중앙로 438,061-688-7548,방열장갑,EA,4
대림산업㈜ LHDPE공장,전라남도 여수시 여수산단중앙로 438,061-688-7548,방열장화,EA,4
대림산업㈜ LHDPE공장,전라남도 여수시 여수산단중앙로 438,061-688-7548,방화복,EA,5
대림산업㈜ LHDPE공장,전라남도 여수시 여수산단중앙로 438,061-688-7548,전면형 마스크,EA,9
대림산업㈜ LHDPE공장,전라남도 여수시 여수산단중앙로 438,061-688-7548,화학보호복,EA,9
대림산업㈜ LHDPE공장,전라남도 여수시 여수산단중앙로 438,061-688-7548,화학장갑,EA,9
대림산업㈜ LHDPE공장,전라남도 여수시 여수산단중앙로 438,061-688-7548,케미칼 흡착포,BOX,1
대림산업㈜ LHDPE공장,전라남도 여수시 여수산단중앙로 438,061-688-7548,흡착포,BOX,2
대림산업㈜ LHDPE공장,전라남도 여수시 여수산단중앙로 438,061-688-7548,방재인원,명,2
대림산업㈜ 여수PB공장,전라남도 여수시 여수산단중앙로 276,061-688-6371,공기통마스크,EA,7
대림산업㈜ 여수PB공장,전라남도 여수시 여수산단중앙로 276,061-688-6371,방열복,EA,2
대림산업㈜ 여수PB공장,전라남도 여수시 여수산단중앙로 276,061-688-6371,방열장갑,EA,2
대림산업㈜ 여수PB공장,전라남도 여수시 여수산단중앙로 276,061-688-6371,방열장화,EA,2
대림산업㈜ 여수PB공장,전라남도 여수시 여수산단중앙로 276,061-688-6371,방화복,EA,6
대림산업㈜ 여수PB공장,전라남도 여수시 여수산단중앙로 276,061-688-6371,전면형 마스크,EA,6
대림산업㈜ 여수PB공장,전라남도 여수시 여수산단중앙로 276,061-688-6371,화학보호복,EA,6
대림산업㈜ 여수PB공장,전라남도 여수시 여수산단중앙로 276,061-688-6371,화학장갑,EA,6
대림산업㈜ 여수PB공장,전라남도 여수시 여수산단중앙로 276,061-688-6371,케미칼흡착포,BOX,3
대림산업㈜ 여수PB공장,전라남도 여수시 여수산단중앙로 276,061-688-6371,오일흡착포,BOX,4
대림산업㈜ 여수PB공장,전라남도 여수시 여수산단중앙로 276,061-688-6371,분말규조토,KG,20
대림산업㈜ 여수PB공장,전라남도 여수시 여수산단중앙로 276,061-688-6371,방재인원,명,2
대림산업㈜ 여수C4공장,전라남도 여수시 여수산단중앙로 275,061-688-6821,공기통마스크,SET,13
대림산업㈜ 여수C4공장,전라남도 여수시 여수산단중앙로 275,061-688-6821,방수복,SET,2
대림산업㈜ 여수C4공장,전라남도 여수시 여수산단중앙로 275,061-688-6821,방열복,EA,5
대림산업㈜ 여수C4공장,전라남도 여수시 여수산단중앙로 275,061-688-6821,방열안전모,EA,5
대림산업㈜ 여수C4공장,전라남도 여수시 여수산단중앙로 275,061-688-6821,방열장갑,EA,5
대림산업㈜ 여수C4공장,전라남도 여수시 여수산단중앙로 275,061-688-6821,방열장화,EA,5
대림산업㈜ 여수C4공장,전라남도 여수시 여수산단중앙로 275,061-688-6821,방화두건,EA,5
대림산업㈜ 여수C4공장,전라남도 여수시 여수산단중앙로 275,061-688-6821,방화복,EA,2
대림산업㈜ 여수C4공장,전라남도 여수시 여수산단중앙로 275,061-688-6821,전동식마스크,EA,1
대림산업㈜ 여수C4공장,전라남도 여수시 여수산단중앙로 275,061-688-6821,전면형마스크,EA,30
대림산업㈜ 여수C4공장,전라남도 여수시 여수산단중앙로 275,061-688-6821,화학보호복,EA,20
대림산업㈜ 여수C4공장,전라남도 여수시 여수산단중앙로 275,061-688-6821,화학장갑,EA,20
대림산업㈜ 여수C4공장,전라남도 여수시 여수산단중앙로 275,061-688-6821,분말소석회,KG,520
대림산업㈜ 여수C4공장,전라남도 여수시 여수산단중앙로 275,061-688-6821,액상소석회,L,40
대림산업㈜ 여수C4공장,전라남도 여수시 여수산단중앙로 275,061-688-6821,오일흡착포,BOX,33
대림산업㈜ 여수C4공장,전라남도 여수시 여수산단중앙로 275,061-688-6821,케미칼흡착패드,매,560
대림산업㈜ 여수C4공장,전라남도 여수시 여수산단중앙로 275,061-688-6821,방재인원,명,7
대림산업㈜ 여수C4공장,전라남도 여수시 여수산단중앙로 275,061-688-6821,오일펜스,M,200
대림산업㈜ 여수C4공장,전라남도 여수시 여수산단중앙로 275,061-688-6821,오일분산제,KG,90
대림산업㈜ 여수C4공장,전라남도 여수시 여수산단중앙로 275,061-688-6821,흡착제,KG,200
대림산업㈜ 여수C4공장,전라남도 여수시 여수산단중앙로 275,061-688-6821,방재인원,명,4
대정티씨 여수공장,전라남도 여수시 여수산단1로 310-37,061-685-3021,소화기,EA,1
대정티씨 여수공장,전라남도 여수시 여수산단1로 310-37,061-685-3021,내산복,EA,2
대정티씨 여수공장,전라남도 여수시 여수산단1로 310-37,061-685-3021,개인보호구,EA,2
대정티씨 여수공장,전라남도 여수시 여수산단1로 310-37,061-685-3021,흡착포,EA,50
대정티씨 여수공장,전라남도 여수시 여수산단1로 310-37,061-685-3021,모래,포,5
㈜대진,전라남도 여수시 삼동로 101,061-685-5980,차량,대,23
㈜대진,전라남도 여수시 삼동로 101,061-685-5980,방독면,EA,2
㈜대진,전라남도 여수시 삼동로 101,061-685-5980,소화기,EA,2
㈜대진,전라남도 여수시 삼동로 101,061-685-5980,삽,EA,2
㈜대진,전라남도 여수시 삼동로 101,061-685-5980,보안경,EA,2
㈜대진,전라남도 여수시 삼동로 101,061-685-5980,보안면,EA,2
㈜대진,전라남도 여수시 삼동로 101,061-685-5980,보호장갑,EA,2
㈜대진,전라남도 여수시 삼동로 101,061-685-5980,보호장화,EA,2
㈜대진,전라남도 여수시 삼동로 101,061-685-5980,안전화,EA,2
㈜대진,전라남도 여수시 삼동로 101,061-685-5980,보호의,EA,2
㈜대진,전라남도 여수시 삼동로 101,061-685-5980,안전모,EA,2
㈜대진,전라남도 여수시 삼동로 101,061-685-5980,흡착포,BOX,1
㈜대진,전라남도 여수시 삼동로 101,061-685-5980,방재인원,명,31
㈜두원,전라남도 광양시 광양읍 초남공단1길 10,061-763-1755,소화기,EA,2
㈜두원,전라남도 광양시 광양읍 초남공단1길 10,061-763-1755,소석회,KG,140
㈜두원,전라남도 광양시 광양읍 초남공단1길 10,061-763-1755,모래,KG,200
㈜두원,전라남도 광양시 광양읍 초남공단1길 10,061-763-1755,방재인원,명,25
㈜동특,전라남도 여수시 여수산단 4로 96,061-685-2311,오일펜스,M,440
㈜동특,전라남도 여수시 여수산단 4로 96,061-685-2311,유흡착제,매,500
㈜동특,전라남도 여수시 여수산단 4로 96,061-685-2311,반면형마스크,EA,3
㈜동특,전라남도 여수시 여수산단 4로 96,061-685-2311,보호장갑,EA,5
㈜동특,전라남도 여수시 여수산단 4로 96,061-685-2311,보호장화,EA,5
㈜동특,전라남도 여수시 여수산단 4로 96,061-685-2311,방재인력(명),명,3
㈜대평(냉동센터 위험물센터),전라남도 광양시 중마로 13,061-792-8147,보호장화,EA,10
㈜대평(냉동센터 위험물센터),전라남도 광양시 중마로 13,061-792-8147,작업복,EA,8
㈜대평(냉동센터 위험물센터),전라남도 광양시 중마로 13,061-792-8147,방독마스크,EA,7
㈜대평(냉동센터 위험물센터),전라남도 광양시 중마로 13,061-792-8147,필터,EA,7
㈜대평(냉동센터 위험물센터),전라남도 광양시 중마로 13,061-792-8147,장갑,EA,6
㈜대평(냉동센터 위험물센터),전라남도 광양시 중마로 13,061-792-8147,삽,EA,22
㈜대평(냉동센터 위험물센터),전라남도 광양시 중마로 13,061-792-8147,유흡착제,BOX,2
㈜대평(냉동센터 위험물센터),전라남도 광양시 중마로 13,061-792-8147,방재인원,명,4
㈜동성코퍼레이션,전라남도 여수시 여수산단2로 223-40,061-690-4623,소방차,대,1
㈜동성코퍼레이션,전라남도 여수시 여수산단2로 223-40,061-690-4623,오일펜스,EA,2
㈜동성코퍼레이션,전라남도 여수시 여수산단2로 223-40,061-690-4623,반면형마스크,EA,45
㈜동성코퍼레이션,전라남도 여수시 여수산단2로 223-40,061-690-4623,보호장갑,EA,40
㈜동성코퍼레이션,전라남도 여수시 여수산단2로 223-40,061-690-4623,보호장화,EA,24
㈜동성코퍼레이션,전라남도 여수시 여수산단2로 223-40,061-690-4623,공기호흡기,EA,5
㈜동성코퍼레이션,전라남도 여수시 여수산단2로 223-40,061-690-4623,보호복,EA,40
㈜동성코퍼레이션,전라남도 여수시 여수산단2로 223-40,061-690-4623,방재인원,명,40
㈜로비스,전라남도 여수시 여수산단로 274-9,061-805-9220,포터,대(1톤),1
㈜로비스,전라남도 여수시 여수산단로 274-9,061-805-9220,개인보호구,SET,5
㈜로비스,전라남도 여수시 여수산단로 274-9,061-805-9220,삽,EA,5
㈜로비스,전라남도 여수시 여수산단로 274-9,061-805-9220,곡괭이,EA,2
㈜로비스,전라남도 여수시 여수산단로 274-9,061-805-9220,오일휀스,M,15
㈜로비스,전라남도 여수시 여수산단로 274-9,061-805-9220,흡착포,BOX,2
㈜로비스,전라남도 여수시 여수산단로 274-9,061-805-9220,방재인원,명,5
롯데미쓰이화학㈜,전라남도 여수시 여수산단4로 129,061-680-8411,보호의,EA,2
롯데미쓰이화학㈜,전라남도 여수시 여수산단4로 129,061-680-8411,보호장갑,EA,2
롯데미쓰이화학㈜,전라남도 여수시 여수산단4로 129,061-680-8411,보호장화,EA,2
롯데미쓰이화학㈜,전라남도 여수시 여수산단4로 129,061-680-8411,방독면,EA,2
롯데미쓰이화학㈜,전라남도 여수시 여수산단4로 129,061-680-8411,보안경,EA(1BOX),2
롯데미쓰이화학㈜,전라남도 여수시 여수산단4로 129,061-680-8411,방제사,KG,100
롯데미쓰이화학㈜,전라남도 여수시 여수산단4로 129,061-680-8411,흡착PAD,BOX,1
롯데미쓰이화학㈜,전라남도 여수시 여수산단4로 129,061-680-8411,소화기,대,1
롯데미쓰이화학㈜,전라남도 여수시 여수산단4로 129,061-680-8411,흡착포,BOX,2
롯데미쓰이화학㈜,전라남도 여수시 여수산단4로 129,061-680-8411,중화제(탄산칼슘),BOX,1
롯데미쓰이화학㈜,전라남도 여수시 여수산단4로 129,061-680-8411,방재인원,명,4
롯데첨단소재㈜,전라남도 여수시 여수산단로 334-27,061-689-1301 061-689-1303,소방차,대,1
롯데첨단소재㈜,전라남도 여수시 여수산단로 334-27,061-689-1301 061-689-1303,공기호흡기,EA,41
롯데첨단소재㈜,전라남도 여수시 여수산단로 334-27,061-689-1301 061-689-1303,전면형방독면,EA,600
롯데첨단소재㈜,전라남도 여수시 여수산단로 334-27,061-689-1301 061-689-1303,에어라인마스크,EA,10
롯데첨단소재㈜,전라남도 여수시 여수산단로 334-27,061-689-1301 061-689-1303,내화학복(1형식),EA,1
롯데첨단소재㈜,전라남도 여수시 여수산단로 334-27,061-689-1301 061-689-1303,내화학복(4형식),EA,200
롯데첨단소재㈜,전라남도 여수시 여수산단로 334-27,061-689-1301 061-689-1303,방화복,EA,66
롯데첨단소재㈜,전라남도 여수시 여수산단로 334-27,061-689-1301 061-689-1303,방열복,EA,26
롯데첨단소재㈜,전라남도 여수시 여수산단로 334-27,061-689-1301 061-689-1303,중화제(소석회),KG,1600
롯데첨단소재㈜,전라남도 여수시 여수산단로 334-27,061-689-1301 061-689-1303,중화제(규조토),KG,200
롯데첨단소재㈜,전라남도 여수시 여수산단로 334-27,061-689-1301 061-689-1303,중화제(산/알칼리),KG,200
롯데첨단소재㈜,전라남도 여수시 여수산단로 334-27,061-689-1301 061-689-1303,오일흡착포,EA,1500
롯데첨단소재㈜,전라남도 여수시 여수산단로 334-27,061-689-1301 061-689-1303,유기용제마스크,EA,200
롯데첨단소재㈜,전라남도 여수시 여수산단로 334-27,061-689-1301 061-689-1303,내화학보호장갑,EA,120
롯데첨단소재㈜,전라남도 여수시 여수산단로 334-27,061-689-1301 061-689-1303,내산장화,EA,50
롯데첨단소재㈜,전라남도 여수시 여수산단로 334-27,061-689-1301 061-689-1303,수중펌프,EA,35
롯데첨단소재㈜,전라남도 여수시 여수산단로 334-27,061-689-1301 061-689-1303,모래주머니,EA,1000
롯데첨단소재㈜,전라남도 여수시 여수산단로 334-27,061-689-1301 061-689-1303,방재인원(비상),명,28
롯데첨단소재㈜,전라남도 여수시 여수산단로 334-27,061-689-1301 061-689-1303,방재인원(진압),명,132
롯데베르살리스 엘라스토머스㈜,전라남도 여수시 여수산단4로 53,061-690-2522,소방차,대,1
롯데베르살리스 엘라스토머스㈜,전라남도 여수시 여수산단4로 53,061-690-2522,방독마스크(전면형),EA,75
롯데베르살리스 엘라스토머스㈜,전라남도 여수시 여수산단4로 53,061-690-2522,방독마스크(반면형),EA,26
롯데베르살리스 엘라스토머스㈜,전라남도 여수시 여수산단4로 53,061-690-2522,화학보호복(3형식),SET,26
롯데베르살리스 엘라스토머스㈜,전라남도 여수시 여수산단4로 53,061-690-2522,내화학장화,EA,12
롯데베르살리스 엘라스토머스㈜,전라남도 여수시 여수산단4로 53,061-690-2522,안전장화,EA,18
롯데베르살리스 엘라스토머스㈜,전라남도 여수시 여수산단4로 53,061-690-2522,유흡착포,BOX,10
롯데베르살리스 엘라스토머스㈜,전라남도 여수시 여수산단4로 53,061-690-2522,삽,EA,8
롯데베르살리스 엘라스토머스㈜,전라남도 여수시 여수산단4로 53,061-690-2522,곡괭이,EA,5
롯데베르살리스 엘라스토머스㈜,전라남도 여수시 여수산단4로 53,061-690-2522,모래함,EA,8
롯데베르살리스 엘라스토머스㈜,전라남도 여수시 여수산단4로 53,061-690-2522,방재인력,명,5
롯데엠시시㈜ 여수1공장,전라남도 여수시 여수산단2로 116-82,061-680-8050,유흡착제,BOX,5
롯데엠시시㈜ 여수1공장,전라남도 여수시 여수산단2로 116-82,061-680-8050,반면형마스크,EA,12
롯데엠시시㈜ 여수1공장,전라남도 여수시 여수산단2로 116-82,061-680-8050,보호장갑,EA,24
롯데엠시시㈜ 여수1공장,전라남도 여수시 여수산단2로 116-82,061-680-8050,보호장화,EA,6
롯데엠시시㈜ 여수1공장,전라남도 여수시 여수산단2로 116-82,061-680-8050,내화학보호복,EA,24
롯데엠시시㈜ 여수1공장,전라남도 여수시 여수산단2로 116-82,061-680-8050,방열복,EA,4
롯데엠시시㈜ 여수1공장,전라남도 여수시 여수산단2로 116-82,061-680-8050,공기호흡기,EA,11
롯데엠시시㈜ 여수1공장,전라남도 여수시 여수산단2로 116-82,061-680-8050,방재인원,명,5
롯데엠시시㈜ 여수2공장,전라남도 여수시 여수산단4로 129,061-680-8453,소방차,대,1
롯데엠시시㈜ 여수2공장,전라남도 여수시 여수산단4로 129,061-680-8453,유흡착붐,BOX,1
롯데엠시시㈜ 여수2공장,전라남도 여수시 여수산단4로 129,061-680-8453,유흡착제,BOX,19
롯데엠시시㈜ 여수2공장,전라남도 여수시 여수산단4로 129,061-680-8453,반면형마스크,EA,36
롯데엠시시㈜ 여수2공장,전라남도 여수시 여수산단4로 129,061-680-8453,보호장갑,EA,72
롯데엠시시㈜ 여수2공장,전라남도 여수시 여수산단4로 129,061-680-8453,보호장화,EA,14
롯데엠시시㈜ 여수2공장,전라남도 여수시 여수산단4로 129,061-680-8453,방독마스크(전면형),EA,72
롯데엠시시㈜ 여수2공장,전라남도 여수시 여수산단4로 129,061-680-8453,모래함,EA,4
롯데엠시시㈜ 여수2공장,전라남도 여수시 여수산단4로 129,061-680-8453,방열복,EA,4
롯데엠시시㈜ 여수2공장,전라남도 여수시 여수산단4로 129,061-680-8453,삽,EA,21
롯데엠시시㈜ 여수2공장,전라남도 여수시 여수산단4로 129,061-680-8453,공기호흡기,EA,17
롯데엠시시㈜ 여수2공장,전라남도 여수시 여수산단4로 129,061-680-8453,송기마스크,EA,2
롯데엠시시㈜ 여수2공장,전라남도 여수시 여수산단4로 129,061-680-8453,특수방화복,EA,5
롯데엠시시㈜ 여수2공장,전라남도 여수시 여수산단4로 129,061-680-8453,소석회,EA,4
롯데엠시시㈜ 여수2공장,전라남도 여수시 여수산단4로 129,061-680-8453,워터젤,EA,2
롯데엠시시㈜ 여수2공장,전라남도 여수시 여수산단4로 129,061-680-8453,방재인원,명,6
롯데케미칼㈜ 여수1공장,전라남도 여수시 여수산단4로 53,061-688-2156,소방차,대,5
롯데케미칼㈜ 여수1공장,전라남도 여수시 여수산단4로 53,061-688-2156,진공차,대,2
롯데케미칼㈜ 여수1공장,전라남도 여수시 여수산단4로 53,061-688-2156,오일펜스,SET,43
롯데케미칼㈜ 여수1공장,전라남도 여수시 여수산단4로 53,061-688-2156,유처리제,L,630
롯데케미칼㈜ 여수1공장,전라남도 여수시 여수산단4로 53,061-688-2156,유흡착붐,EA,32
롯데케미칼㈜ 여수1공장,전라남도 여수시 여수산단4로 53,061-688-2156,유흡착쿠션,BOX,16
롯데케미칼㈜ 여수1공장,전라남도 여수시 여수산단4로 53,061-688-2156,유흡착제,BOX,46
롯데케미칼㈜ 여수1공장,전라남도 여수시 여수산단4로 53,061-688-2156,방독마스크,EA,6661
롯데케미칼㈜ 여수1공장,전라남도 여수시 여수산단4로 53,061-688-2156,보호장갑,EA,6661
롯데케미칼㈜ 여수1공장,전라남도 여수시 여수산단4로 53,061-688-2156,보호장화,EA,6661
롯데케미칼㈜ 여수2공장,전라남도 여수시 여수산단2로 116-82,061-688-2156,소방차,대,1
롯데케미칼㈜ 여수2공장,전라남도 여수시 여수산단2로 116-82,061-688-2156,유흡착붐,EA,8
롯데케미칼㈜ 여수2공장,전라남도 여수시 여수산단2로 116-82,061-688-2156,유흡착제,BOX,4
롯데케미칼㈜ 여수2공장,전라남도 여수시 여수산단2로 116-82,061-688-2156,방독마스크,EA,69
롯데케미칼㈜ 여수2공장,전라남도 여수시 여수산단2로 116-82,061-688-2156,보호장갑,EA,69
롯데케미칼㈜ 여수2공장,전라남도 여수시 여수산단2로 116-82,061-688-2156,보호장화,EA,69
롯데케미칼㈜ 여수2공장,전라남도 여수시 여수산단2로 116-82,061-688-2156,유흡착쿠션,BOX,4
㈜리스텍비즈 광양공장,전라남도 광양시 제철로 2148-97,061-797-2011,방제사,포,50
㈜리스텍비즈 광양공장,전라남도 광양시 제철로 2148-97,061-797-2011,소화기,EA,3
㈜리스텍비즈 광양공장,전라남도 광양시 제철로 2148-97,061-797-2011,보호복,EA,9
㈜리스텍비즈 광양공장,전라남도 광양시 제철로 2148-97,061-797-2011,보호장갑,EA,9
㈜리스텍비즈 광양공장,전라남도 광양시 제철로 2148-97,061-797-2011,보호장화,EA,9
㈜리스텍비즈 광양공장,전라남도 광양시 제철로 2148-97,061-797-2011,방독마스크(전면형),EA,9
㈜리스텍비즈 광양공장,전라남도 광양시 제철로 2148-97,061-797-2011,정화통,EA,9
㈜리스텍비즈 광양공장,전라남도 광양시 제철로 2148-97,061-797-2011,흡착포,BOX,9
매일식품㈜,전라남도 순천시 서면산단1길 16,061-752-3331,탄산나트륨,TON,5
매일식품㈜,전라남도 순천시 서면산단1길 16,061-752-3331,유흡착제,BOX,1
매일식품㈜,전라남도 순천시 서면산단1길 16,061-752-3331,보호마스크,EA,3
매일식품㈜,전라남도 순천시 서면산단1길 16,061-752-3331,방독면,EA,3
매일식품㈜,전라남도 순천시 서면산단1길 16,061-752-3331,보호안경,EA,3
매일식품㈜,전라남도 순천시 서면산단1길 16,061-752-3331,보호장갑,EA,5
매일식품㈜,전라남도 순천시 서면산단1길 16,061-752-3331,보호복,EA,3
매일식품㈜,전라남도 순천시 서면산단1길 16,061-752-3331,보호장화,EA,3
㈜부림산업,전라남도 순천시 서면곰배미길 30,061-755-8724,가성소다,KG,600
㈜부림산업,전라남도 순천시 서면곰배미길 30,061-755-8724,소석회,KG,1500
㈜부림산업,전라남도 순천시 서면곰배미길 30,061-755-8724,방재인원,명,1
백광산업,전라남도 여수시 여수산단2로 284,061-680-0600,전면형마스크,EA,5
백광산업,전라남도 여수시 여수산단2로 284,061-680-0600,반면형마스크,EA,10
백광산업,전라남도 여수시 여수산단2로 284,061-680-0600,방독면 필터,EA,20
백광산업,전라남도 여수시 여수산단2로 284,061-680-0600,보호복,EA,20
백광산업,전라남도 여수시 여수산단2로 284,061-680-0600,보호장화,EA,10
백광산업,전라남도 여수시 여수산단2로 284,061-680-0600,보호장갑,EA,10
백광산업,전라남도 여수시 여수산단2로 284,061-680-0600,안전모,EA,10
백광산업,전라남도 여수시 여수산단2로 284,061-680-0600,보호안경,EA,10
백광산업,전라남도 여수시 여수산단2로 284,061-680-0600,흡착포,BOX,10
백광산업,전라남도 여수시 여수산단2로 284,061-680-0600,모래주머니,EA,30
백광산업,전라남도 여수시 여수산단2로 284,061-680-0600,소석회,TON,1
백광산업,전라남도 여수시 여수산단2로 284,061-680-0600,소화기,대,2
백광산업,전라남도 여수시 여수산단2로 284,061-680-0600,고무판,M,5
백광산업,전라남도 여수시 여수산단2로 284,061-680-0600,공구함,SET,1
백광산업,전라남도 여수시 여수산단2로 284,061-680-0600,이송호스,M,40
백광산업,전라남도 여수시 여수산단2로 284,061-680-0600,AIR호스,M,20
백광산업,전라남도 여수시 여수산단2로 284,061-680-0600,다이아후렘펌프,대,1
백광산업,전라남도 여수시 여수산단2로 284,061-680-0600,삽,EA,10
백광산업,전라남도 여수시 여수산단2로 284,061-680-0600,방재인원,명,5
삼남석유화학㈜,전라남도 여수시 여수산단로 955,061-688-8283,소방차,대,2
삼남석유화학㈜,전라남도 여수시 여수산단로 955,061-688-8283,방독면(전면형),EA,130
삼남석유화학㈜,전라남도 여수시 여수산단로 955,061-688-8283,보호복,EA,100
삼남석유화학㈜,전라남도 여수시 여수산단로 955,061-688-8283,보호장갑,EA,140
삼남석유화학㈜,전라남도 여수시 여수산단로 955,061-688-8283,보호장화,EA,47
삼남석유화학㈜,전라남도 여수시 여수산단로 955,061-688-8283,화학복,EA,4
삼남석유화학㈜,전라남도 여수시 여수산단로 955,061-688-8283,공기호흡기,EA,21
삼남석유화학㈜,전라남도 여수시 여수산단로 955,061-688-8283,규조토,TON,2.1
삼남석유화학㈜,전라남도 여수시 여수산단로 955,061-688-8283,흡착포,BOX,15
삼남석유화학㈜,전라남도 여수시 여수산단로 955,061-688-8283,유흡착포,BOX,10
삼남석유화학㈜,전라남도 여수시 여수산단로 955,061-688-8283,모래주머니,EA,20
삼남석유화학㈜,전라남도 여수시 여수산단로 955,061-688-8283,유흡착붐,EA,3
삼남석유화학㈜,전라남도 여수시 여수산단로 955,061-688-8283,유겔화제,L,100
삼남석유화학㈜,전라남도 여수시 여수산단로 955,061-688-8283,방재인원,명,93
㈜삼양냉장,전라남도 여수시 국동 97-21,061-641-8001,차량,대(11인승),1
㈜삼양냉장,전라남도 여수시 국동 97-21,061-641-8001,방제장비,"화학복,방독면",-
㈜삼양냉장,전라남도 여수시 국동 97-21,061-641-8001,방제물품,"흡착포, 모래, 폐기드럼",-
㈜삼양냉장,전라남도 여수시 국동 97-21,061-641-8001,방재인원,명,27
㈜삼엽,경상남도 하동군 금성면 금성로 31,055-4271-9220,개인보호구,SET,2
㈜삼엽,경상남도 하동군 금성면 금성로 31,055-4271-9220,염산,KG,69
㈜삼엽,경상남도 하동군 금성면 금성로 31,055-4271-9220,방제사,㎥,0.5
㈜삼엽,경상남도 하동군 금성면 금성로 31,055-4271-9220,흡착포,BOX,2
㈜삼엽,경상남도 하동군 금성면 금성로 31,055-4271-9220,면 보루,KG,10
㈜삼엽,경상남도 하동군 금성면 금성로 31,055-4271-9220,삽,EA,2
㈜삼엽,경상남도 하동군 금성면 금성로 31,055-4271-9220,방재인원,명,2
㈜성원,전라남도 광양시 광양읍 초남공단2길 5,,방독면,EA,6
㈜성원,전라남도 광양시 광양읍 초남공단2길 5,,보안경,EA,6
㈜성원,전라남도 광양시 광양읍 초남공단2길 5,,보호의,EA,6
㈜성원,전라남도 광양시 광양읍 초남공단2길 5,,보호장갑,EA,6
㈜성원,전라남도 광양시 광양읍 초남공단2길 5,,보호장화,EA,6
㈜성원,전라남도 광양시 광양읍 초남공단2길 5,,소석회(액상),TON,15
㈜성원,전라남도 광양시 광양읍 초남공단2길 5,,흡착포,SET(200매),2
㈜성원,전라남도 광양시 광양읍 초남공단2길 5,,소석회(분말),EA,18
㈜세아엠엔에스,전라남도 여수시 산단중앙로 188,061-807-7114,유흡착붐,BOX,3
㈜세아엠엔에스,전라남도 여수시 산단중앙로 188,061-807-7114,유처리제,L,100
㈜세아엠엔에스,전라남도 여수시 산단중앙로 188,061-807-7114,산중화제,L,6
㈜세아엠엔에스,전라남도 여수시 산단중앙로 188,061-807-7114,알칼리중화제,L,6
㈜세아엠엔에스,전라남도 여수시 산단중앙로 188,061-807-7114,전면형마스크,EA,10
㈜세아엠엔에스,전라남도 여수시 산단중앙로 188,061-807-7114,필터,EA,20
㈜세아엠엔에스,전라남도 여수시 산단중앙로 188,061-807-7114,내화학보호복,EA,10
㈜세아엠엔에스,전라남도 여수시 산단중앙로 188,061-807-7114,보호장갑,EA,10
㈜세아엠엔에스,전라남도 여수시 산단중앙로 188,061-807-7114,보호장화,EA,6
㈜세아엠엔에스,전라남도 여수시 산단중앙로 188,061-807-7114,누출감용스프레이(산),EA,2
㈜세아엠엔에스,전라남도 여수시 산단중앙로 188,061-807-7114,누출감용스프레이(알칼리),EA,2
㈜세아엠엔에스,전라남도 여수시 산단중앙로 188,061-807-7114,누출감용센서테이프(산),EA,2
㈜세아엠엔에스,전라남도 여수시 산단중앙로 188,061-807-7114,누출감용센서테이프(알칼리),EA,2
㈜세아엠엔에스,전라남도 여수시 산단중앙로 188,061-807-7114,폐기물봉투,EA,200
㈜세아엠엔에스,전라남도 여수시 산단중앙로 188,061-807-7114,방제장비함,EA,2
㈜세아엠엔에스,전라남도 여수시 산단중앙로 188,061-807-7114,구급함,EA,5
㈜세아엠엔에스,전라남도 여수시 산단중앙로 188,061-807-7114,방재인원,명,10
㈜세아제강 순천공장 4블럭,전라남도 순천시 해룡면 신성리 908,061-760-2506,방독마스크,EA,6
㈜세아제강 순천공장 4블럭,전라남도 순천시 해룡면 신성리 908,061-760-2506,필터,EA,19
㈜세아제강 순천공장 4블럭,전라남도 순천시 해룡면 신성리 908,061-760-2506,보호의,EA,6
㈜세아제강 순천공장 4블럭,전라남도 순천시 해룡면 신성리 908,061-760-2506,보호장갑,EA,6
㈜세아제강 순천공장 4블럭,전라남도 순천시 해룡면 신성리 908,061-760-2506,안전장화,EA,6
㈜세아제강 순천공장 4블럭,전라남도 순천시 해룡면 신성리 908,061-760-2506,흡착포,SET,5
㈜세아제강 순천공장 4블럭,전라남도 순천시 해룡면 신성리 908,061-760-2506,방제사,KG,200
㈜세아제강 순천공장 4블럭,전라남도 순천시 해룡면 신성리 908,061-760-2506,방하삽,EA,5
㈜세아제강 순천공장 4블럭,전라남도 순천시 해룡면 신성리 908,061-760-2506,방재인원,명,3
수자원공사 여수권지사 별량수령장,전라남도 순천시,061-759-4212,오일펜스,280M,280
수자원공사 여수권지사 별량수령장,전라남도 순천시,061-759-4212,유흡착제,310KG,310
수자원공사 여수권지사 별량수령장,전라남도 순천시,061-759-4212,보호장갑,12EA,12
수자원공사 여수권지사 별량수령장,전라남도 순천시,061-759-4212,보호장화,8EA,8
수자원공사 여수권지사 별량수령장,전라남도 순천시,061-759-4212,분말소석회,포(20kg),3
수자원공사 여수권지사 별량수령장,전라남도 순천시,061-759-4212,양압형 공기호흡기,EA,1
수자원공사 여수권지사 별량수령장,전라남도 순천시,061-759-4212,방독마스크,EA,9
수자원공사 여수권지사 별량수령장,전라남도 순천시,061-759-4212,보호의,EA,3
수자원공사 여수권지사 별량수령장,전라남도 순천시,061-759-4212,안전모,EA,2
수자원공사 여수권지사 별량수령장,전라남도 순천시,061-759-4212,방재인원,명,19
㈜씨앤씨케미칼 광양공장,전라남도 광양시 광양읍 직동1길 50,061-762-9340,탱크로리,1대,1
㈜씨앤씨케미칼 광양공장,전라남도 광양시 광양읍 직동1길 50,061-762-9340,카고트럭,1대,1
㈜씨앤씨케미칼 광양공장,전라남도 광양시 광양읍 직동1길 50,061-762-9340,방제사,EA,40
㈜씨앤씨케미칼 광양공장,전라남도 광양시 광양읍 직동1길 50,061-762-9340,보호복,EA,3
㈜씨앤씨케미칼 광양공장,전라남도 광양시 광양읍 직동1길 50,061-762-9340,보호장갑,EA,10
㈜씨앤씨케미칼 광양공장,전라남도 광양시 광양읍 직동1길 50,061-762-9340,보호장화,EA,5
㈜씨앤씨케미칼 광양공장,전라남도 광양시 광양읍 직동1길 50,061-762-9340,소화기,EA,10
㈜씨앤씨케미칼 광양공장,전라남도 광양시 광양읍 직동1길 50,061-762-9340,방제삽,EA,5
㈜씨앤씨케미칼 광양공장,전라남도 광양시 광양읍 직동1길 50,061-762-9340,방독마스크,EA,3
아이씨케미칼,전라남도 여수시 여수산단4로 80,061-685-6717,전면형마스크,EA,5
아이씨케미칼,전라남도 여수시 여수산단4로 80,061-685-6717,반면형마스크,EA,10
아이씨케미칼,전라남도 여수시 여수산단4로 80,061-685-6717,내화학성 장갑,EA,20
아이씨케미칼,전라남도 여수시 여수산단4로 80,061-685-6717,내화학복(4형식),EA,20
아이씨케미칼,전라남도 여수시 여수산단4로 80,061-685-6717,내화학복(1형식),EA,2
아이씨케미칼,전라남도 여수시 여수산단4로 80,061-685-6717,내화학성 장화,EA,20
아이씨케미칼,전라남도 여수시 여수산단4로 80,061-685-6717,공기호흡기,EA,2
아이씨케미칼,전라남도 여수시 여수산단4로 80,061-685-6717,흡착포,EA(5BOX),100
아이씨케미칼,전라남도 여수시 여수산단4로 80,061-685-6717,방재사,KG,50
아이씨케미칼,전라남도 여수시 여수산단4로 80,061-685-6717,톱밥,KG,300
㈜에스엔엔씨,전라남도 광양시 제철로 2148-139,061-797-9244,복합가스용 방독면,EA,10
㈜에스엔엔씨,전라남도 광양시 제철로 2148-139,061-797-9244,방독필터,EA,20
㈜에스엔엔씨,전라남도 광양시 제철로 2148-139,061-797-9244,보호장갑,EA,10
㈜에스엔엔씨,전라남도 광양시 제철로 2148-139,061-797-9244,보호신발,EA,10
㈜에스엔엔씨,전라남도 광양시 제철로 2148-139,061-797-9244,보호의(4형식),EA,10
㈜에스엔엔씨,전라남도 광양시 제철로 2148-139,061-797-9244,삽,EA,5
㈜에스엔엔씨,전라남도 광양시 제철로 2148-139,061-797-9244,중화제(HCL 5%),EA,10
㈜에스엔엔씨,전라남도 광양시 제철로 2148-139,061-797-9244,중화제(HCL 10%),EA,10
㈜에스엔엔씨,전라남도 광양시 제철로 2148-139,061-797-9244,소화기,EA,5
㈜에스엔엔씨,전라남도 광양시 제철로 2148-139,061-797-9244,생석회(10KG),EA,4
㈜에스엔엔씨,전라남도 광양시 제철로 2148-139,061-797-9244,케미칼 흡착제,BOX,10
㈜에스엔엔씨,전라남도 광양시 제철로 2148-139,061-797-9244,모래주머니,EA,75
㈜에스엔엔씨,전라남도 광양시 제철로 2148-139,061-797-9244,공기호흡기,EA,15
엘지엠엠에이㈜,전라남도 여수시 여수산단4로 58,061-805-3855,소방차,대,2
엘지엠엠에이㈜,전라남도 여수시 여수산단4로 58,061-805-3855,방제차,대,1
엘지엠엠에이㈜,전라남도 여수시 여수산단4로 58,061-805-3855,내화학복,EA,200
엘지엠엠에이㈜,전라남도 여수시 여수산단4로 58,061-805-3855,내화학장갑,EA,200
엘지엠엠에이㈜,전라남도 여수시 여수산단4로 58,061-805-3855,송기마스크,EA,50
엘지엠엠에이㈜,전라남도 여수시 여수산단4로 58,061-805-3855,방독마스크,EA,200
엘지엠엠에이㈜,전라남도 여수시 여수산단4로 58,061-805-3855,정화통,EA,100
엘지엠엠에이㈜,전라남도 여수시 여수산단4로 58,061-805-3855,유흡착제,EA,2000
엘지엠엠에이㈜,전라남도 여수시 여수산단4로 58,061-805-3855,유독물흡착제,EA,2000
엘지엠엠에이㈜,전라남도 여수시 여수산단4로 58,061-805-3855,중화제(가성소다),L,140000
엘지엠엠에이㈜(PMMA공장),전라남도 여수시 여수산단2로 55,061-805-3855,중화제(황산),L,48000
엘지엠엠에이㈜(PMMA공장),전라남도 여수시 여수산단2로 55,061-805-3855,중화제(염산),L,855000
엘지엠엠에이㈜(PMMA공장),전라남도 여수시 여수산단2로 55,061-805-3855,유처리제,L,200
엘지엠엠에이㈜(PMMA공장),전라남도 여수시 여수산단2로 55,061-805-3855,소석회,KG,400
엘지엠엠에이㈜(PMMA공장),전라남도 여수시 여수산단2로 55,061-805-3855,소화수,L,800000
엘지엠엠에이㈜(PMMA공장),전라남도 여수시 여수산단2로 55,061-805-3855,오일휀스,M,320
엘지엠엠에이㈜(PMMA공장),전라남도 여수시 여수산단2로 55,061-805-3855,공기호흡기,EA,10
엘지엠엠에이㈜(PMMA공장),전라남도 여수시 여수산단2로 55,061-805-3855,방재인원(주간),명,68
엘지엠엠에이㈜(PMMA공장),전라남도 여수시 여수산단2로 55,061-805-3855,방재인원(야간),명,25
㈜엘지화학(SM),전라남도 여수시 여수산단로 951,061-680-6524,소방차,대,1
㈜엘지화학(SM),전라남도 여수시 여수산단로 952,061-680-6524,구급차,대,1
㈜엘지화학(SM),전라남도 여수시 여수산단로 953,061-680-6524,유처리제,L,40
㈜엘지화학(SM),전라남도 여수시 여수산단로 954,061-680-6524,방독마스크,EA,24
㈜엘지화학(SM),전라남도 여수시 여수산단로 955,061-680-6524,보호장갑,EA,24
㈜엘지화학(SM),전라남도 여수시 여수산단로 956,061-680-6524,보호복,EA,24
㈜엘지화학(SM),전라남도 여수시 여수산단로 957,061-680-6524,보호장화,EA,24
㈜엘지화학(SM),전라남도 여수시 여수산단로 958,061-680-6524,흡착포,BOX,12
㈜엘지화학(SM),전라남도 여수시 여수산단로 959,061-680-6524,공기호흡기,EA,8
㈜엘지화학(SM),전라남도 여수시 여수산단로 960,061-680-6524,방재인원,명,14
㈜엘지화학(VCM),전라남도 여수시 여수산단로 1121,061-680-6524,소방차,대,1
㈜엘지화학(VCM),전라남도 여수시 여수산단로 1121,061-680-6524,구급차,대,1
㈜엘지화학(VCM),전라남도 여수시 여수산단로 1121,061-680-6524,오일펜스,M,500
㈜엘지화학(VCM),전라남도 여수시 여수산단로 1121,061-680-6524,유처리제,L,1710
㈜엘지화학(VCM),전라남도 여수시 여수산단로 1121,061-680-6524,방독마스크,EA,172
㈜엘지화학(VCM),전라남도 여수시 여수산단로 1121,061-680-6524,보호장갑,EA,162
㈜엘지화학(VCM),전라남도 여수시 여수산단로 1121,061-680-6524,보호복,EA,152
㈜엘지화학(VCM),전라남도 여수시 여수산단로 1121,061-680-6524,보호장화,EA,150
㈜엘지화학(VCM),전라남도 여수시 여수산단로 1121,061-680-6524,흡착포,BOX,60
㈜엘지화학(VCM),전라남도 여수시 여수산단로 1121,061-680-6524,공기호흡기,EA,21
㈜엘지화학(VCM),전라남도 여수시 여수산단로 1121,061-680-6524,방재인원,명,21
㈜엘지화학(용성),전라남도 여수시 여수산단4로 58,061-689-3304,소방차,대,3
㈜엘지화학(용성),전라남도 여수시 여수산단4로 58,061-689-3304,방재차량,대,1
㈜엘지화학(용성),전라남도 여수시 여수산단4로 58,061-689-3304,오일펜스,EA,120
㈜엘지화학(용성),전라남도 여수시 여수산단4로 58,061-689-3304,유처리제,DRUM,72
㈜엘지화학(용성),전라남도 여수시 여수산단4로 58,061-689-3304,유흡착제,BOX,30
㈜엘지화학(용성),전라남도 여수시 여수산단4로 58,061-689-3304,반면형마스크,SET,1
㈜엘지화학(용성),전라남도 여수시 여수산단4로 58,061-689-3304,보호장갑,SET,1
㈜엘지화학(용성),전라남도 여수시 여수산단4로 58,061-689-3304,보호장화,SET,1
㈜엘지화학(용성),전라남도 여수시 여수산단4로 58,061-689-3304,방재인력(명),2명/1조,2명/1조
㈜엘지화학(용성2),전라남도 여수시 여수산단4로 58 확장단지,061-89-5362,소방호스,EA,1
㈜엘지화학(용성2),전라남도 여수시 여수산단4로 58 확장단지,061-89-5362,소화기,EA,3
㈜엘지화학(용성2),전라남도 여수시 여수산단4로 58 확장단지,061-89-5362,CO2소화기,EA,3
㈜엘지화학(용성2),전라남도 여수시 여수산단4로 58 확장단지,061-89-5362,공기호흡기,EA,3
㈜엘지화학(용성2),전라남도 여수시 여수산단4로 58 확장단지,061-89-5362,소석회,BOX,3
㈜엘지화학(용성2),전라남도 여수시 여수산단4로 58 확장단지,061-89-5362,공구함,EA,1
㈜엘지화학(용성2),전라남도 여수시 여수산단4로 58 확장단지,061-89-5362,산성물질 응고제,KG,22.7
㈜엘지화학(용성2),전라남도 여수시 여수산단4로 58 확장단지,061-89-5362,염기성물질 응고제,KG,19.1
㈜엘지화학(용성2),전라남도 여수시 여수산단4로 58 확장단지,061-89-5362,용매 흡착제,KG,14.5
㈜엘지화학(용성2),전라남도 여수시 여수산단4로 58 확장단지,061-89-5362,포르말린 고형화제,KG,16.8
㈜엘지화학(용성2),전라남도 여수시 여수산단4로 58 확장단지,061-89-5362,방열복/방열모,SET,2
㈜엘지화학(용성2),전라남도 여수시 여수산단4로 58 확장단지,061-89-5362,내화학장화,EA,8
㈜엘지화학(용성2),전라남도 여수시 여수산단4로 58 확장단지,061-89-5362,흡착포,BOX,2
㈜엘지화학(용성2),전라남도 여수시 여수산단4로 58 확장단지,061-89-5362,슬리브,BOX,2
㈜엘지화학(용성2),전라남도 여수시 여수산단4로 58 확장단지,061-89-5362,전면형방독면,EA,10
㈜엘지화학(용성2),전라남도 여수시 여수산단4로 58 확장단지,061-89-5362,방독면 필터,EA,6
㈜엘지화학(용성2),전라남도 여수시 여수산단4로 58 확장단지,061-89-5362,삽,EA,1
㈜엘지화학(용성2),전라남도 여수시 여수산단4로 58 확장단지,061-89-5362,곡괭이,EA,2
㈜엘지화학(용성2),전라남도 여수시 여수산단4로 58 확장단지,061-89-5362,오일펜스,BOX,2
㈜엘지화학(용성2),전라남도 여수시 여수산단4로 58 확장단지,061-89-5362,화학복,EA,5
㈜엘지화학(용성2),전라남도 여수시 여수산단4로 58 확장단지,061-89-5362,내산장갑,EA,3
㈜엘지화학(용성2),전라남도 여수시 여수산단4로 58 확장단지,061-89-5362,고무장갑,EA,5
㈜엘지화학(용성2),전라남도 여수시 여수산단4로 58 확장단지,061-89-5362,마대,EA,20
㈜엘지화학(용성2),전라남도 여수시 여수산단4로 58 확장단지,061-89-5362,흡착포,BOX,2
㈜엘지화학(용성2),전라남도 여수시 여수산단4로 58 확장단지,061-89-5362,화학흡착포,BOX,3
㈜엘지화학(용성2),전라남도 여수시 여수산단4로 58 확장단지,061-89-5362,전면장화,EA,4
㈜엘지화학(용성2),전라남도 여수시 여수산단4로 58 확장단지,061-89-5362,수중펌프,EA,1
㈜엘지화학(용성2),전라남도 여수시 여수산단4로 58 확장단지,061-89-5362,저장조,EA,1
㈜엘지화학(용성2),전라남도 여수시 여수산단4로 58 확장단지,061-89-5362,모래주머니,EA,20
㈜엘지화학(용성2),전라남도 여수시 여수산단4로 58 확장단지,061-89-5362,응급누설 방지기구,EA,3
㈜엘지화학(용성2),전라남도 여수시 여수산단4로 58 확장단지,061-89-5362,소화전 모니터,EA,2
㈜엘지화학(화치),전라남도 여수시 여수산단2로 55,061-680-1068,소방차,대,2
㈜엘지화학(화치),전라남도 여수시 여수산단2로 55,061-680-1068,구급차,대,1
㈜엘지화학(화치),전라남도 여수시 여수산단2로 55,061-680-1068,방재차,대,1
㈜엘지화학(화치),전라남도 여수시 여수산단2로 55,061-680-1068,누출방지창,SET,1
㈜엘지화학(화치),전라남도 여수시 여수산단2로 55,061-680-1068,누출방지밴드,SET,1
㈜엘지화학(화치),전라남도 여수시 여수산단2로 55,061-680-1068,공기호흡기,EA,16
㈜엘지화학(화치),전라남도 여수시 여수산단2로 55,061-680-1068,케미컬흡착포,EA,"3,200"
㈜엘지화학(화치),전라남도 여수시 여수산단2로 55,061-680-1068,유류흡착포,EA,"2,600"
㈜엘지화학(화치),전라남도 여수시 여수산단2로 55,061-680-1068,일체형화학복,EA,2
㈜엘지화학(화치),전라남도 여수시 여수산단2로 55,061-680-1068,산/염기 중화제,KG,90.8
㈜엘지화학(화치),전라남도 여수시 여수산단2로 55,061-680-1068,소석회,KG,1000
㈜엘지화학(화치),전라남도 여수시 여수산단2로 55,061-680-1068,유화제,L,240
㈜엘지화학(화치),전라남도 여수시 여수산단2로 55,061-680-1068,GEL,L,240
㈜엘지화학(화치),전라남도 여수시 여수산단2로 55,061-680-1068,활성탄,KG,200
㈜엘지화학(화치),전라남도 여수시 여수산단2로 55,061-680-1068,규조토,KG,"1,200"
㈜엘지화학(화치),전라남도 여수시 여수산단2로 55,061-680-1068,오일펜스,M,64
㈜엘지화학(화치),전라남도 여수시 여수산단2로 55,061-680-1068,소포제,L,50
㈜엘지화학(화치),전라남도 여수시 여수산단2로 55,061-680-1068,모래주머니,EA,100
㈜엘지화학(화치),전라남도 여수시 여수산단2로 55,061-680-1068,계면활성제,KG,400
㈜엘지화학(화치),전라남도 여수시 여수산단2로 55,061-680-1068,연장류,EA,17
㈜엘지화학(화치),전라남도 여수시 여수산단2로 55,061-680-1068,방재인원(자체소방대),명,48
㈜엘지화학(화치),전라남도 여수시 여수산단2로 55,061-680-1068,방재인원(방재실),명,8
㈜엠이시,전라남도 광영시 옥곡면 신금산단5길 30,061-772-8825,차량,대,1
㈜엠이시,전라남도 광영시 옥곡면 신금산단5길 30,061-772-8825,수중펌프,대,1
㈜엠이시,전라남도 광영시 옥곡면 신금산단5길 30,061-772-8825,밸브,대,1
㈜엠이시,전라남도 광영시 옥곡면 신금산단5길 30,061-772-8825,송수고,대,1
㈜엠이시,전라남도 광영시 옥곡면 신금산단5길 30,061-772-8825,자동화재탐지설비,대,1
㈜엠이시,전라남도 광영시 옥곡면 신금산단5길 30,061-772-8825,누액감지기,EA,3
㈜엠이시,전라남도 광영시 옥곡면 신금산단5길 30,061-772-8825,CCTV,EA,1
㈜엠이시,전라남도 광영시 옥곡면 신금산단5길 30,061-772-8825,보호의,EA,6
㈜엠이시,전라남도 광영시 옥곡면 신금산단5길 30,061-772-8825,전면마스크,EA,4
㈜엠이시,전라남도 광영시 옥곡면 신금산단5길 30,061-772-8825,반면형마스크,EA,5
㈜엠이시,전라남도 광영시 옥곡면 신금산단5길 30,061-772-8825,보호장화,EA,5
㈜엠이시,전라남도 광영시 옥곡면 신금산단5길 30,061-772-8825,보호장갑,EA,10
㈜엠이시,전라남도 광영시 옥곡면 신금산단5길 30,061-772-8825,보안경,EA,5
여천NCC㈜ 여수1공장,전라남도 여수시 여수산단3로 2,061-688-6065,소방차,대,2
여천NCC㈜ 여수1공장,전라남도 여수시 여수산단3로 2,061-688-6065,구급차,대,1
여천NCC㈜ 여수1공장,전라남도 여수시 여수산단3로 2,061-688-6065,트럭,대,1
여천NCC㈜ 여수1공장,전라남도 여수시 여수산단3로 2,061-688-6065,오일휀스(해양),EA,43
여천NCC㈜ 여수1공장,전라남도 여수시 여수산단3로 2,061-688-6065,오일휀스(하천),EA,1
여천NCC㈜ 여수1공장,전라남도 여수시 여수산단3로 2,061-688-6065,가스감지기,EA,8
여천NCC㈜ 여수1공장,전라남도 여수시 여수산단3로 2,061-688-6065,내산복,EA,73
여천NCC㈜ 여수1공장,전라남도 여수시 여수산단3로 2,061-688-6065,화학복,EA,7
여천NCC㈜ 여수1공장,전라남도 여수시 여수산단3로 2,061-688-6065,공기통마스크,EA,57
여천NCC㈜ 여수1공장,전라남도 여수시 여수산단3로 2,061-688-6065,양수기,EA,2
여천NCC㈜ 여수1공장,전라남도 여수시 여수산단3로 2,061-688-6065,모래주머니,EA,200
여천NCC㈜ 여수1공장,전라남도 여수시 여수산단3로 2,061-688-6065,분말오일흡착제,KG,50
여천NCC㈜ 여수1공장,전라남도 여수시 여수산단3로 2,061-688-6065,소석회,KG,500
여천NCC㈜ 여수1공장,전라남도 여수시 여수산단3로 2,061-688-6065,규조토,KG,"1,000"
여천NCC㈜ 여수1공장,전라남도 여수시 여수산단3로 2,061-688-6065,계면활성제,KG,400
여천NCC㈜ 여수1공장,전라남도 여수시 여수산단3로 2,061-688-6065,오일흡착포,KG,300
여천NCC㈜ 여수1공장,전라남도 여수시 여수산단3로 2,061-688-6065,방재인원(일근),명,25
여천NCC㈜ 여수1공장,전라남도 여수시 여수산단3로 2,061-688-6065,방재인원(교대조),명,14
여천NCC㈜ 여수2공장,전라남도 여수시 여수산단2로 46-20,061-688-6065,소방차,대,2
여천NCC㈜ 여수2공장,전라남도 여수시 여수산단2로 46-20,061-688-6065,1톤트럭,대,1
여천NCC㈜ 여수2공장,전라남도 여수시 여수산단2로 46-20,061-688-6065,오일휀스(하천),EA(20M),1
여천NCC㈜ 여수2공장,전라남도 여수시 여수산단2로 46-20,061-688-6065,가스감지기,EA,5
여천NCC㈜ 여수2공장,전라남도 여수시 여수산단2로 46-20,061-688-6065,내산복,EA,15
여천NCC㈜ 여수2공장,전라남도 여수시 여수산단2로 46-20,061-688-6065,화학복,EA,2
여천NCC㈜ 여수2공장,전라남도 여수시 여수산단2로 46-20,061-688-6065,공기통마스크,EA,38
여천NCC㈜ 여수2공장,전라남도 여수시 여수산단2로 46-20,061-688-6065,양수기,EA,1
여천NCC㈜ 여수2공장,전라남도 여수시 여수산단2로 46-20,061-688-6065,모래주머니,EA,200
여천NCC㈜ 여수2공장,전라남도 여수시 여수산단2로 46-20,061-688-6065,규조토,KG,620
여천NCC㈜ 여수2공장,전라남도 여수시 여수산단2로 46-20,061-688-6065,제오라이트,KG,90
여천NCC㈜ 여수2공장,전라남도 여수시 여수산단2로 46-20,061-688-6065,오일흡착포,KG,170
여천NCC㈜ 여수2공장,전라남도 여수시 여수산단2로 46-20,061-688-6065,계면활성제,KG,600
여천NCC㈜ 여수2공장,전라남도 여수시 여수산단2로 46-20,061-688-6065,방재인원(일근),명,15
여천NCC㈜ 여수2공장,전라남도 여수시 여수산단2로 46-20,061-688-6065,방재인원(교대조),명,10
여천NCC㈜ 여수3공장,전라남도 여수시 여수산단2로 220-62,061-688-6065,소방차,대,2
여천NCC㈜ 여수3공장,전라남도 여수시 여수산단2로 220-62,061-688-6065,1톤트럭,대,1
여천NCC㈜ 여수3공장,전라남도 여수시 여수산단2로 220-62,061-688-6065,펌프카,대,1
여천NCC㈜ 여수3공장,전라남도 여수시 여수산단2로 220-62,061-688-6065,오일휀스(하천),EA(20M),1
여천NCC㈜ 여수3공장,전라남도 여수시 여수산단2로 220-62,061-688-6065,가스감지기,EA,4
여천NCC㈜ 여수3공장,전라남도 여수시 여수산단2로 220-62,061-688-6065,내산복,EA,54
여천NCC㈜ 여수3공장,전라남도 여수시 여수산단2로 220-62,061-688-6065,화학복,EA,2
여천NCC㈜ 여수3공장,전라남도 여수시 여수산단2로 220-62,061-688-6065,공기통마스크,EA,30
여천NCC㈜ 여수3공장,전라남도 여수시 여수산단2로 220-62,061-688-6065,양수기,EA,1
여천NCC㈜ 여수3공장,전라남도 여수시 여수산단2로 220-62,061-688-6065,모래주머니,EA,340
여천NCC㈜ 여수3공장,전라남도 여수시 여수산단2로 220-62,061-688-6065,규조토,KG,250
여천NCC㈜ 여수3공장,전라남도 여수시 여수산단2로 220-62,061-688-6065,소석회,KG,530
여천NCC㈜ 여수3공장,전라남도 여수시 여수산단2로 220-62,061-688-6065,활석분,KG,130
여천NCC㈜ 여수3공장,전라남도 여수시 여수산단2로 220-62,061-688-6065,오일흡착포,KG,90
여천NCC㈜ 여수3공장,전라남도 여수시 여수산단2로 220-62,061-688-6065,계면활성제,KG,600
여천NCC㈜ 여수3공장,전라남도 여수시 여수산단2로 220-62,061-688-6065,방재인원(일근),명,10
여천NCC㈜ 여수3공장,전라남도 여수시 여수산단2로 220-62,061-688-6065,방재인원(교대조),명,8
여천NCC㈜ C5분리공장,전라남도 여수시 화치동 1468,061-688-6065,소방차,대,1
여천NCC㈜ C5분리공장,전라남도 여수시 화치동 1468,061-688-6065,가스감지기,EA,1
여천NCC㈜ C5분리공장,전라남도 여수시 화치동 1468,061-688-6065,공기통마스크,EA,4
여천NCC㈜ C5분리공장,전라남도 여수시 화치동 1468,061-688-6065,모래주머니,EA,300
여천NCC㈜ C5분리공장,전라남도 여수시 화치동 1468,061-688-6065,분말오일흡착제,EA,300
여천NCC㈜ C5분리공장,전라남도 여수시 화치동 1468,061-688-6065,방재인원(일근),명,5
여천NCC㈜ C5분리공장,전라남도 여수시 화치동 1468,061-688-6065,방재인원(교대조),명,3
㈜와이엔텍,전라남도 여수시 여수산단로 1232,061-690-6910,굴삭기,대,1
㈜와이엔텍,전라남도 여수시 여수산단로 1232,061-690-6910,황산,KG,30
㈜와이엔텍,전라남도 여수시 여수산단로 1232,061-690-6910,모래,KG,100
㈜와이엔텍,전라남도 여수시 여수산단로 1232,061-690-6910,흡착포,EA,60
㈜와이엔텍,전라남도 여수시 여수산단로 1232,061-690-6910,보호장갑,EA,2
㈜와이엔텍,전라남도 여수시 여수산단로 1232,061-690-6910,보호장화,EA,2
㈜와이엔텍,전라남도 여수시 여수산단로 1232,061-690-6910,방독마스크,SET,2
㈜와이엔텍,전라남도 여수시 여수산단로 1232,061-690-6910,방독면필터,EA,2
㈜와이엔텍,전라남도 여수시 여수산단로 1232,061-690-6910,안전면,EA,2
㈜와이엔텍,전라남도 여수시 여수산단로 1232,061-690-6910,방재인원,명,10
오리온엔지니어드카본즈㈜,전라남도 여수시 진달래길 310-88,061-690-5143,소방차,대,1
오리온엔지니어드카본즈㈜,전라남도 여수시 진달래길 310-88,061-690-5143,유처리제,L,100
오리온엔지니어드카본즈㈜,전라남도 여수시 진달래길 310-88,061-690-5143,유흡착제,BOX,10
오리온엔지니어드카본즈㈜,전라남도 여수시 진달래길 310-88,061-690-5143,반면형마스크,EA,30
오리온엔지니어드카본즈㈜,전라남도 여수시 진달래길 310-88,061-690-5143,보호장갑,EA,100
오리온엔지니어드카본즈㈜,전라남도 여수시 진달래길 310-88,061-690-5143,보호장화,EA,30
오리온엔지니어드카본즈㈜,전라남도 여수시 진달래길 310-88,061-690-5143,공기호흡기,대,10
오리온엔지니어드카본즈㈜,전라남도 여수시 진달래길 310-88,061-690-5143,건사,포,50
오리온엔지니어드카본즈㈜,전라남도 여수시 진달래길 310-88,061-690-5143,방독마스크,EA,50
오리온엔지니어드카본즈㈜,전라남도 여수시 진달래길 310-88,061-690-5143,내화학복,EA,30
㈜유니테크 여수지점,전라남도 여수시 진달래길 14,061-692-0461,방제복(1-B형식),SET,2
㈜유니테크 여수지점,전라남도 여수시 진달래길 14,061-692-0461,공기호흡기(60분),SET,2
㈜유니테크 여수지점,전라남도 여수시 진달래길 14,061-692-0461,규조토,EA(20kg),10
㈜유니테크 여수지점,전라남도 여수시 진달래길 14,061-692-0461,중화제(NaOH4%),EA(18L),10
㈜유니테크 여수지점,전라남도 여수시 진달래길 14,061-692-0461,중화제(HCl),EA(18L),6
㈜유니테크 여수지점,전라남도 여수시 진달래길 14,061-692-0461,전면형방독마스크,EA,4
㈜유니테크 여수지점,전라남도 여수시 진달래길 14,061-692-0461,반면형방독마스크,EA,4
㈜유니테크 여수지점,전라남도 여수시 진달래길 14,061-692-0461,전면형필터,SET,4
㈜유니테크 여수지점,전라남도 여수시 진달래길 14,061-692-0461,반면형필터,SET,4
㈜유니테크 여수지점,전라남도 여수시 진달래길 14,061-692-0461,보안경(유체용),EA,4
㈜유니테크 여수지점,전라남도 여수시 진달래길 14,061-692-0461,내화학장갑,SET,8
㈜유니테크 여수지점,전라남도 여수시 진달래길 14,061-692-0461,내화학장화,SET,8
㈜유니테크 여수지점,전라남도 여수시 진달래길 14,061-692-0461,내화학복(C형식),EA,8
㈜유니테크 여수지점,전라남도 여수시 진달래길 14,061-692-0461,유흡착포,BOX,4
㈜유니테크 여수지점,전라남도 여수시 진달래길 14,061-692-0461,삽,EA,2
㈜위스컴여수공장,전라남도 여수시 중흥동 1449,061-685-8337,방제장비,-,-
㈜위스컴여수공장,전라남도 여수시 중흥동 1449,061-685-8337,방재인원,명,3
이맥솔루션㈜,전라남도 순천시 서면 곰배미길 63,061-755-7295,방제장비,-,-
이맥솔루션㈜,전라남도 순천시 서면 곰배미길 63,061-755-7295,방제물품,-,-
이맥솔루션㈜,전라남도 순천시 서면 곰배미길 63,061-755-7295,방재인원,명,3
㈜이화산업,전라남도 여수시 여수산단로 597,061-686-4878,흡착포,BOX,1
㈜이화산업,전라남도 여수시 여수산단로 597,061-686-4878,전면형마스크,EA,3
㈜이화산업,전라남도 여수시 여수산단로 597,061-686-4878,보호장갑,EA,3
㈜이화산업,전라남도 여수시 여수산단로 597,061-686-4878,보호장화,EA,3
㈜이화산업,전라남도 여수시 여수산단로 597,061-686-4878,보호의,EA,3
㈜이화산업,전라남도 여수시 여수산단로 597,061-686-4878,소석회,TON,1
㈜이화산업,전라남도 여수시 여수산단로 597,061-686-4878,방재인원,명,3
인제화학㈜,전라남도 여수시 화양면 화양로 1122-12,061-685-4300,방제장비,-,-
인제화학㈜,전라남도 여수시 화양면 화양로 1122-12,061-685-4300,모래,KG,20
일양화학㈜,전라남도 여수시 여수산단2로 14,061-683-2201,지게차,대(3ton),2
일양화학㈜,전라남도 여수시 여수산단2로 14,061-683-2201,공기호흡기,EA,3
일양화학㈜,전라남도 여수시 여수산단2로 14,061-683-2201,옥내소화전,EA,8
일양화학㈜,전라남도 여수시 여수산단2로 14,061-683-2201,중화제 살포기,EA,1
일양화학㈜,전라남도 여수시 여수산단2로 14,061-683-2201,살포기,,
일양화학㈜,전라남도 여수시 여수산단2로 14,061-683-2201,화학보호복(A형),벌,4
일양화학㈜,전라남도 여수시 여수산단2로 14,061-683-2201,화학보호복(C형),벌,50
일양화학㈜,전라남도 여수시 여수산단2로 14,061-683-2201,암모니아수,KG,100
일양화학㈜,전라남도 여수시 여수산단2로 14,061-683-2201,활성탄,KG,100
일양화학㈜,전라남도 여수시 여수산단2로 14,061-683-2201,방재인원,명,15
재원산업㈜,전라남도 여수시 낙포단지길 79,061-690-9273,고압진공차,대,1
재원산업㈜,전라남도 여수시 낙포단지길 79,061-690-9273,진공차량,대,1
재원산업㈜,전라남도 여수시 낙포단지길 79,061-690-9273,카고크레인,대,1
재원산업㈜,전라남도 여수시 낙포단지길 79,061-690-9273,1톤 포터,대,2
재원산업㈜,전라남도 여수시 낙포단지길 79,061-690-9273,유독물흡수포,BOX,7
재원산업㈜,전라남도 여수시 낙포단지길 79,061-690-9273,오일흡수포,BOX,10
재원산업㈜,전라남도 여수시 낙포단지길 79,061-690-9273,PE BAG,장,550
재원산업㈜,전라남도 여수시 낙포단지길 79,061-690-9273,화학물질BAG,EA,1
재원산업㈜,전라남도 여수시 낙포단지길 79,061-690-9273,방재인원,명,25
재원산업㈜ 두암공장,전라남도 여수시 여수산단로 742,061-690-9273,톱밥,KG,30
재원산업㈜ 두암공장,전라남도 여수시 여수산단로 742,061-690-9273,유독물 흡수포,BOX,2
재원산업㈜ 두암공장,전라남도 여수시 여수산단로 742,061-690-9273,오일흡수포,BOX,3
재원산업㈜ 두암공장,전라남도 여수시 여수산단로 742,061-690-9273,PE BAG,장,50
재원산업㈜ 두암공장,전라남도 여수시 여수산단로 742,061-690-9273,방재인원,명,5
㈜지와이씨,전라남도 순천시 용당동 신흥길 38,061-724-9393,유흡착포,ROLL,2
㈜지와이씨,전라남도 순천시 용당동 신흥길 38,061-724-9393,모래주머니,EA,15
㈜지와이씨,전라남도 순천시 용당동 신흥길 38,061-724-9393,팽창질석,L,100
㈜케이씨씨 여천공장,전라남도 여수시 상암로 601,061-680-7820,오일휀스,M,60
㈜케이씨씨 여천공장,전라남도 여수시 상암로 601,061-680-7820,흡착포,BOX,10
㈜케이씨씨 여천공장,전라남도 여수시 상암로 601,061-680-7820,유처리제,L,60
㈜케이씨씨 여천공장,전라남도 여수시 상암로 601,061-680-7820,방재인원,명,20
케미스타㈜,전라남도 순천시 해룡면 율촌산단1로 19-59,061-811-3033,방제장비,-,-
케미스타㈜,전라남도 순천시 해룡면 율촌산단1로 19-59,061-811-3033,모래주머니,KG,600
케미스타㈜,전라남도 순천시 해룡면 율촌산단1로 19-59,061-811-3033,마른모래,KG,400
케미스타㈜,전라남도 순천시 해룡면 율촌산단1로 19-59,061-811-3033,흡착포,BOX,5
케미스타㈜,전라남도 순천시 해룡면 율촌산단1로 19-59,061-811-3033,방재인원,명,9
케이씨환경서비스㈜ 여수사업부,전라남도 여수시 산단중앙로 30-36,061-805-9501,소석회,EA,5
케이씨환경서비스㈜ 여수사업부,전라남도 여수시 산단중앙로 30-36,061-805-9501,유처리제,EA,4
케이씨환경서비스㈜ 여수사업부,전라남도 여수시 산단중앙로 30-36,061-805-9501,유흡착제,EA,4
케이씨환경서비스㈜ 여수사업부,전라남도 여수시 산단중앙로 30-36,061-805-9501,전면형마스크,EA,2
케이씨환경서비스㈜ 여수사업부,전라남도 여수시 산단중앙로 30-36,061-805-9501,보호장갑,EA,2
케이씨환경서비스㈜ 여수사업부,전라남도 여수시 산단중앙로 30-36,061-805-9501,보호장화,EA,2
케이씨환경서비스㈜ 여수사업부,전라남도 여수시 산단중앙로 30-36,061-805-9501,보호복,EA,2
케이알코폴리머㈜,전라남도 여수시 여수산단4로 60,061-688-7710,오일휀스,M,24
케이알코폴리머㈜,전라남도 여수시 여수산단4로 60,061-688-7710,유흡착포,BOX(10KG),2
케이알코폴리머㈜,전라남도 여수시 여수산단4로 60,061-688-7710,방제인력(주간),명,20
케이알코폴리머㈜,전라남도 여수시 여수산단4로 60,061-688-7710,방제인력(야간),명,7
케이에스광학㈜,전라남도 순천시 율촌산단4로 26-108,061-727-9717,반면형마스크,EA,34
케이에스광학㈜,전라남도 순천시 율촌산단4로 26-108,061-727-9717,전면형마스크,EA,30
케이에스광학㈜,전라남도 순천시 율촌산단4로 26-108,061-727-9717,방독면필터(6001K),EA,41
케이에스광학㈜,전라남도 순천시 율촌산단4로 26-108,061-727-9717,방독면필터(6003K),EA,56
케이에스광학㈜,전라남도 순천시 율촌산단4로 26-108,061-727-9717,방독면필터(6006K),EA,40
케이에스광학㈜,전라남도 순천시 율촌산단4로 26-108,061-727-9717,내화학복,EA,19
케이에스광학㈜,전라남도 순천시 율촌산단4로 26-108,061-727-9717,내화학장갑,SET,42
케이에스광학㈜,전라남도 순천시 율촌산단4로 26-108,061-727-9717,안전장화,SET,20
케이에스광학㈜,전라남도 순천시 율촌산단4로 26-108,061-727-9717,보안경,㎥,0.25
케이에스광학㈜,전라남도 순천시 율촌산단4로 26-108,061-727-9717,유흡착포,BOX(300EA),3
케이에스광학㈜,전라남도 순천시 율촌산단4로 26-108,061-727-9717,케미칼흡착포,BOX(300EA),3
케이에스광학㈜,전라남도 순천시 율촌산단4로 26-108,061-727-9717,건사,KG,400
케이에스광학㈜,전라남도 순천시 율촌산단4로 26-108,061-727-9717,소석회,KG,105
KPX라이프 사이언스㈜,전라남도 여수시 여수산단2로 84,061-688-4622,공기호흡기,EA,22
KPX라이프 사이언스㈜,전라남도 여수시 여수산단2로 84,061-688-4622,송기식마스크,EA,12
KPX라이프 사이언스㈜,전라남도 여수시 여수산단2로 84,061-688-4622,보호복,EA,12
KPX라이프 사이언스㈜,전라남도 여수시 여수산단2로 84,061-688-4622,내화학장화,EA,6
KPX라이프 사이언스㈜,전라남도 여수시 여수산단2로 84,061-688-4622,내화학보호복,EA,10
KPX라이프 사이언스㈜,전라남도 여수시 여수산단2로 84,061-688-4622,화학용장갑,EA,17
KPX라이프 사이언스㈜,전라남도 여수시 여수산단2로 84,061-688-4622,안전모,EA,4
KPX라이프 사이언스㈜,전라남도 여수시 여수산단2로 84,061-688-4622,보안경,EA,3
KPX라이프 사이언스㈜,전라남도 여수시 여수산단2로 84,061-688-4622,보안면,EA,2
KPX라이프 사이언스㈜,전라남도 여수시 여수산단로 201,061-688-4622,전면마스크,EA,9
KPX라이프 사이언스㈜,전라남도 여수시 여수산단로 201,061-688-4622,보안면,EA,11
KPX라이프 사이언스㈜,전라남도 여수시 여수산단로 201,061-688-4622,내화학장갑,EA,33
KPX라이프 사이언스㈜,전라남도 여수시 여수산단로 201,061-688-4622,내화학장화,EA,8
KPX라이프 사이언스㈜,전라남도 여수시 여수산단로 201,061-688-4622,내화학보호복,EA,6
KPX라이프 사이언스㈜,전라남도 여수시 여수산단로 201,061-688-4622,우의,EA,7
KPX라이프 사이언스㈜,전라남도 여수시 여수산단로 201,061-688-4622,보안경,EA,10
KPX라이프 사이언스㈜,전라남도 여수시 여수산단로 201,061-688-4622,삽,EA,9
KPX라이프 사이언스㈜,전라남도 여수시 여수산단로 201,061-688-4622,안전모,EA,2
KPX라이프 사이언스㈜,전라남도 여수시 여수산단로 201,061-688-4622,규조토,BOX,1
KPX라이프 사이언스㈜,전라남도 여수시 여수산단로 201,061-688-4622,모래주머니,EA,4
KPX라이프 사이언스㈜,전라남도 여수시 여수산단로 201,061-688-4622,유흡착제,BOX,1
비를라카본코리아㈜,전라남도 여수시 여수산단2로 46-101,061-688-3331,유처리제,EA,10
비를라카본코리아㈜,전라남도 여수시 여수산단2로 46-101,061-688-3331,모래,KG,15
비를라카본코리아㈜,전라남도 여수시 여수산단2로 46-101,061-688-3331,유흡착포,BOX,10
비를라카본코리아㈜,전라남도 여수시 여수산단2로 46-101,061-688-3331,전면형마스크,EA,105
비를라카본코리아㈜,전라남도 여수시 여수산단2로 46-101,061-688-3331,반면형마스크,EA,25
비를라카본코리아㈜,전라남도 여수시 여수산단2로 46-101,061-688-3331,보호장갑,EA,30
비를라카본코리아㈜,전라남도 여수시 여수산단2로 46-101,061-688-3331,보호장화,EA,10
비를라카본코리아㈜,전라남도 여수시 여수산단2로 46-101,061-688-3331,공기호흡기,EA,5
비를라카본코리아㈜,전라남도 여수시 여수산단2로 46-101,061-688-3331,AED,대,2
비를라카본코리아㈜,전라남도 여수시 여수산단2로 46-101,061-688-3331,산소소생기,EA,5
비를라카본코리아㈜,전라남도 여수시 여수산단2로 46-101,061-688-3331,지게차,대,10
비를라카본코리아㈜,전라남도 여수시 여수산단2로 46-101,061-688-3331,보호의,EA,12
코오롱인더스트리㈜ 여수공장,전라남도 여수시 산단중앙로 213,061-690-9842,화학소방차,대,1
코오롱인더스트리㈜ 여수공장,전라남도 여수시 산단중앙로 213,061-690-9842,공기호흡기,EA,11
코오롱인더스트리㈜ 여수공장,전라남도 여수시 산단중앙로 213,061-690-9842,오일펜스,SET,2
코오롱인더스트리㈜ 여수공장,전라남도 여수시 산단중앙로 213,061-690-9842,유처리제,통,10
코오롱인더스트리㈜ 여수공장,전라남도 여수시 산단중앙로 213,061-690-9842,유흡착포,BOX,20
코오롱인더스트리㈜ 여수공장,전라남도 여수시 산단중앙로 213,061-690-9842,오일붐,SET,1
코오롱인더스트리㈜ 여수공장,전라남도 여수시 산단중앙로 213,061-690-9842,반면형마스크,EA,25
코오롱인더스트리㈜ 여수공장,전라남도 여수시 산단중앙로 213,061-690-9842,보호장갑,EA,43
코오롱인더스트리㈜ 여수공장,전라남도 여수시 산단중앙로 213,061-690-9842,보호장화,EA,21
코오롱인더스트리㈜ 여수공장,전라남도 여수시 산단중앙로 213,061-690-9842,안전보호복,EA,25
코오롱인더스트리㈜ 여수공장,전라남도 여수시 산단중앙로 213,061-690-9842,방재인원,명,25
㈜클린메터,전라남도 여수시 여수산단1로 310-37,061-807-2244,보호장갑,EA,2
㈜클린메터,전라남도 여수시 여수산단1로 310-37,061-807-2244,보호장화,EA,2
㈜클린메터,전라남도 여수시 여수산단1로 310-37,061-807-2244,방독면,EA,2
㈜클린메터,전라남도 여수시 여수산단1로 310-37,061-807-2244,보호복,EA,2
㈜클린메터,전라남도 여수시 여수산단1로 310-37,061-807-2244,마대,EA,20
㈜클린메터,전라남도 여수시 여수산단1로 310-37,061-807-2244,흡착포,EA,30
㈜클린메터,전라남도 여수시 여수산단1로 310-37,061-807-2244,방재인원,명,3
㈜포스코 광양제철소,전라남도 광양시 제철로1800,061-790-2542,소방차,대,3
㈜포스코 광양제철소,전라남도 광양시 제철로1800,061-790-2542,진공차,대,2
㈜포스코 광양제철소,전라남도 광양시 제철로1800,061-790-2542,구급차,대,2
㈜포스코 광양제철소,전라남도 광양시 제철로1800,061-790-2542,제트워셔카,대,1
㈜포스코 광양제철소,전라남도 광양시 제철로1800,061-790-2542,복합장비,대,1
㈜포스코 광양제철소,전라남도 광양시 제철로1800,061-790-2542,공기호흡기,EA,175
㈜포스코 광양제철소,전라남도 광양시 제철로1800,061-790-2542,화학방독면,EA,764
㈜포스코 광양제철소,전라남도 광양시 제철로1800,061-790-2542,보호장갑,EA,772
㈜포스코 광양제철소,전라남도 광양시 제철로1800,061-790-2542,보호장화,EA,399
㈜포스코 광양제철소,전라남도 광양시 제철로1800,061-790-2542,화학보호복(1형식),EA,48
㈜포스코 광양제철소,전라남도 광양시 제철로1800,061-790-2542,화학보호복(3형식),EA,805
㈜포스코 광양제철소,전라남도 광양시 제철로1800,061-790-2542,중화액,EA,252
㈜포스코 광양제철소,전라남도 광양시 제철로1800,061-790-2542,중화제,EA,242
㈜포스코 광양제철소,전라남도 광양시 제철로1800,061-790-2542,모래주머니,EA,1689
㈜포스코 광양제철소,전라남도 광양시 제철로1800,061-790-2542,방재인원,명,30
포스코에너지㈜,전라남도 광양시 제철로1800,061-790-8494,공기호흡기,EA,4
포스코에너지㈜,전라남도 광양시 제철로1800,061-790-8494,전동식공기호흡기,EA,2
포스코에너지㈜,전라남도 광양시 제철로1800,061-790-8494,보호장갑,EA,22
포스코에너지㈜,전라남도 광양시 제철로1800,061-790-8494,유처리제,L,40
포스코에너지㈜,전라남도 광양시 제철로1800,061-790-8494,보호복(4형식),EA,42
포스코에너지㈜,전라남도 광양시 제철로1800,061-790-8494,유흡착제,BOX,6
포스코에너지㈜,전라남도 광양시 제철로1800,061-790-8494,보호장화,EA,12
포스코에너지㈜,전라남도 광양시 제철로1800,061-790-8494,전면형마스크,EA,19
㈜피엠씨텍,전라남도 광양시 제철로2408,061-760-8976,보호의,EA,30
㈜피엠씨텍,전라남도 광양시 제철로2408,061-760-8976,보호신발,EA,30
㈜피엠씨텍,전라남도 광양시 제철로2408,061-760-8976,보호장갑,EA,30
㈜피엠씨텍,전라남도 광양시 제철로2408,061-760-8976,보호장갑,EA,30
㈜피엠씨텍,전라남도 광양시 제철로2408,061-760-8976,보호앞치마,EA,30
㈜피엠씨텍,전라남도 광양시 제철로2408,061-760-8976,모래,EA,150
㈜피엠씨텍,전라남도 광양시 제철로2408,061-760-8976,분말소화기,EA,10
㈜피엠씨텍,전라남도 광양시 제철로2408,061-760-8976,송기마스크,EA,16
㈜피엠씨텍,전라남도 광양시 제철로2408,061-760-8976,방재인원,명,92
한국남동발전㈜ 여수발전본부,전라남도 여수시 여수산단로 727,070-8898-5622,진공차,대,1
한국남동발전㈜ 여수발전본부,전라남도 여수시 여수산단로 727,070-8898-5622,미니소방차,대,1
한국남동발전㈜ 여수발전본부,전라남도 여수시 여수산단로 727,070-8898-5622,오일펜스,M,360
한국남동발전㈜ 여수발전본부,전라남도 여수시 여수산단로 727,070-8898-5622,유처리제,L,552
한국남동발전㈜ 여수발전본부,전라남도 여수시 여수산단로 727,070-8898-5622,유흡착제,KG,65
한국남동발전㈜ 여수발전본부,전라남도 여수시 여수산단로 727,070-8898-5622,반면형마스크,EA,3
한국남동발전㈜ 여수발전본부,전라남도 여수시 여수산단로 727,070-8898-5622,전면형마스크,EA,10
한국남동발전㈜ 여수발전본부,전라남도 여수시 여수산단로 727,070-8898-5622,안면보호대,EA,4
한국남동발전㈜ 여수발전본부,전라남도 여수시 여수산단로 727,070-8898-5622,보호장갑,EA,20
한국남동발전㈜ 여수발전본부,전라남도 여수시 여수산단로 727,070-8898-5622,가스마스크(대피용),EA,179
한국남동발전㈜ 여수발전본부,전라남도 여수시 여수산단로 727,070-8898-5622,가스마스크(전시용),EA,238
한국남동발전㈜ 여수발전본부,전라남도 여수시 여수산단로 727,070-8898-5622,염화칼슘,KG,300
한국남동발전㈜ 여수발전본부,전라남도 여수시 여수산단로 727,070-8898-5622,보호복,EA,30
한국남동발전㈜ 여수발전본부,전라남도 여수시 여수산단로 727,070-8898-5622,보호장화,EA,30
한국남동발전㈜ 여수발전본부,전라남도 여수시 여수산단로 727,070-8898-5622,정화통,EA,20
한국남동발전㈜ 여수발전본부,전라남도 여수시 여수산단로 727,070-8898-5622,개인보호구함,EA,10
한국남동발전㈜ 여수발전본부,전라남도 여수시 여수산단로 727,070-8898-5622,폼트레일러,대,1
한국남동발전㈜ 여수발전본부,전라남도 여수시 여수산단로 727,070-8898-5622,이동형 소방펌프,대,1
한국남동발전㈜ 여수발전본부,전라남도 여수시 여수산단로 727,070-8898-5622,모래주머니,KG,500
한국남동발전㈜ 여수발전본부,전라남도 여수시 여수산단로 727,070-8898-5622,소화기,EA,210
한국남동발전㈜ 하동발전본부,경상남도 하동군 금성면 경제산업로 509,070-7713-1294,화재진압차량,대,1
한국남동발전㈜ 하동발전본부,경상남도 하동군 금성면 경제산업로 509,070-7713-1294,엔진펌프,대,4
한국남동발전㈜ 하동발전본부,경상남도 하동군 금성면 경제산업로 509,070-7713-1294,불도저,대,4
한국남동발전㈜ 하동발전본부,경상남도 하동군 금성면 경제산업로 509,070-7713-1294,로더,대,2
한국남동발전㈜ 하동발전본부,경상남도 하동군 금성면 경제산업로 509,070-7713-1294,지게차,대,1
한국남동발전㈜ 하동발전본부,경상남도 하동군 금성면 경제산업로 509,070-7713-1294,진공청소차,대,2
한국남동발전㈜ 하동발전본부,경상남도 하동군 금성면 경제산업로 509,070-7713-1294,굴삭기,대,1
한국남동발전㈜ 하동발전본부,경상남도 하동군 금성면 경제산업로 509,070-7713-1294,덤프,대,2
한국남동발전㈜ 하동발전본부,경상남도 하동군 금성면 경제산업로 509,070-7713-1294,엔진펌프,대,4
한국남동발전㈜ 하동발전본부,경상남도 하동군 금성면 경제산업로 509,070-7713-1294,수중펌프,대,3
한국남동발전㈜ 하동발전본부,경상남도 하동군 금성면 경제산업로 509,070-7713-1294,유흡착포(Pad Type),매(90Box),8000
한국남동발전㈜ 하동발전본부,경상남도 하동군 금성면 경제산업로 509,070-7713-1294,유흡착포(Roll Type),개(245Kg),7
한국남동발전㈜ 하동발전본부,경상남도 하동군 금성면 경제산업로 509,070-7713-1294,유흡착포(Boom Type),KG,100
한국남동발전㈜ 하동발전본부,경상남도 하동군 금성면 경제산업로 509,070-7713-1294,유처리제,L,180
한국남동발전㈜ 하동발전본부,경상남도 하동군 금성면 경제산업로 509,070-7713-1294,오일펜스,Set,25
한국남동발전㈜ 하동발전본부,경상남도 하동군 금성면 경제산업로 509,070-7713-1294,보호신발,EA,46
한국남동발전㈜ 하동발전본부,경상남도 하동군 금성면 경제산업로 509,070-7713-1294,보호장갑,EA,46
한국남동발전㈜ 하동발전본부,경상남도 하동군 금성면 경제산업로 509,070-7713-1294,보호안경,EA,46
한국남동발전㈜ 하동발전본부,경상남도 하동군 금성면 경제산업로 509,070-7713-1294,보호의,EA,46
한국남동발전㈜ 하동발전본부,경상남도 하동군 금성면 경제산업로 509,070-7713-1294,앞치마,EA,46
한국남동발전㈜ 하동발전본부,경상남도 하동군 금성면 경제산업로 509,070-7713-1294,안면보호기,EA,23
한국남동발전㈜ 하동발전본부,경상남도 하동군 금성면 경제산업로 509,070-7713-1294,소석회,KG,300
한국남동발전㈜ 하동발전본부,경상남도 하동군 금성면 경제산업로 509,070-7713-1294,전면방독면,EA,46
한국남동발전㈜ 하동발전본부,경상남도 하동군 금성면 경제산업로 509,070-7713-1294,방독면필터,EA,90
한국남동발전㈜ 호남화력본부,"전라남도 여수시 여수산단로 1203, 1층",0710-5000-5352,공기호흡기,EA,4
한국남동발전㈜ 호남화력본부,"전라남도 여수시 여수산단로 1203, 1층",0710-5000-5352,전신보호복,EA,2
한국남동발전㈜ 호남화력본부,"전라남도 여수시 여수산단로 1203, 1층",0710-5000-5352,보호의,EA,42
한국남동발전㈜ 호남화력본부,"전라남도 여수시 여수산단로 1203, 1층",0710-5000-5352,방독면,EA,12
한국남동발전㈜ 호남화력본부,"전라남도 여수시 여수산단로 1203, 1층",0710-5000-5352,정화통,EA,38
한국남동발전㈜ 호남화력본부,"전라남도 여수시 여수산단로 1203, 1층",0710-5000-5352,보안경,EA,10
한국남동발전㈜ 호남화력본부,"전라남도 여수시 여수산단로 1203, 1층",0710-5000-5352,내화학장갑,EA,25
한국남동발전㈜ 호남화력본부,"전라남도 여수시 여수산단로 1203, 1층",0710-5000-5352,내화학장화,EA,21
한국남동발전㈜ 호남화력본부,"전라남도 여수시 여수산단로 1203, 1층",0710-5000-5352,고무앞치마,EA,11
한국남동발전㈜ 호남화력본부,"전라남도 여수시 여수산단로 1203, 1층",0710-5000-5352,방진마스크,EA,7
한국남동발전㈜ 호남화력본부,"전라남도 여수시 여수산단로 1203, 1층",0710-5000-5352,송기마스크,EA,7
한국남동발전㈜ 호남화력본부,"전라남도 여수시 여수산단로 1203, 1층",0710-5000-5352,보안면,EA,7
한국남동발전㈜ 호남화력본부,"전라남도 여수시 여수산단로 1203, 1층",0710-5000-5352,중화제,KG,380
한국남동발전㈜ 호남화력본부,"전라남도 여수시 여수산단로 1203, 1층",0710-5000-5352,유흡착매트,KG,340
한국남동발전㈜ 호남화력본부,"전라남도 여수시 여수산단로 1203, 1층",0710-5000-5352,오일펜스,M,750
한국남동발전㈜ 호남화력본부,"전라남도 여수시 여수산단로 1203, 1층",0710-5000-5352,기름처리제,L,1.896
한국남동발전㈜ 호남화력본부,"전라남도 여수시 여수산단로 1203, 1층",0710-5000-5352,방재인원,명,70
한국바스프㈜,전라남도 여수시 여수산단2로 284,061-680-7061,차량,대,24
한국바스프㈜,전라남도 여수시 여수산단2로 284,061-680-7061,VENTILATOR,EA,11
한국바스프㈜,전라남도 여수시 여수산단2로 284,061-680-7061,BINDING AGENT,EA,22
한국바스프㈜,전라남도 여수시 여수산단2로 284,061-680-7061,WHITE OIL,EA,11
한국바스프㈜,전라남도 여수시 여수산단2로 284,061-680-7061,중화제,통,11
한국바스프㈜,전라남도 여수시 여수산단2로 284,061-680-7061,폐기물통,EA,33
한국바스프㈜,전라남도 여수시 여수산단2로 284,061-680-7061,비닐백,EA,140
한국바스프㈜,전라남도 여수시 여수산단2로 284,061-680-7061,BASIN,EA,33
한국바스프㈜,전라남도 여수시 여수산단2로 284,061-680-7061,양동이,EA,11
한국바스프㈜,전라남도 여수시 여수산단2로 284,061-680-7061,공드럼,EA,22
한국바스프㈜,전라남도 여수시 여수산단2로 284,061-680-7061,DIAPHRAGM펌프,EA,11
한국바스프㈜,전라남도 여수시 여수산단2로 284,061-680-7061,DRUM 펌프,EA,22
한국바스프㈜,전라남도 여수시 여수산단2로 284,061-680-7061,CHEMICAL 호스,EA,66
한국바스프㈜,전라남도 여수시 여수산단2로 284,061-680-7061,질소 PURGING설비,EA,11
한국바스프㈜,전라남도 여수시 여수산단2로 284,061-680-7061,접지설비,EA,55
한국바스프㈜,전라남도 여수시 여수산단2로 284,061-680-7061,AIR HOSE,EA,22
한국바스프㈜,전라남도 여수시 여수산단2로 284,061-680-7061,폼 적재량,L,1600
한국바스프㈜,전라남도 여수시 여수산단2로 284,061-680-7061,물 적재량,L,2000
한국바스프㈜,전라남도 여수시 여수산단2로 284,061-680-7061,휴대용 발전기,EA,11
한국바스프㈜,전라남도 여수시 여수산단2로 284,061-680-7061,전선릴,EA,33
한국바스프㈜,전라남도 여수시 여수산단2로 284,061-680-7061,CUTTER,EA,11
한국바스프㈜,전라남도 여수시 여수산단2로 284,061-680-7061,드릴,EA,11
한국바스프㈜,전라남도 여수시 여수산단2로 284,061-680-7061,공구함,EA,11
한국바스프㈜,전라남도 여수시 여수산단2로 284,061-680-7061,HAMMER,EA,11
한국바스프㈜,전라남도 여수시 여수산단2로 284,061-680-7061,갈쿠리,EA,22
한국바스프㈜,전라남도 여수시 여수산단2로 284,061-680-7061,천정파괴기,EA,11
한국바스프㈜,전라남도 여수시 여수산단2로 284,061-680-7061,곡괭이,EA,11
한국바스프㈜,전라남도 여수시 여수산단2로 284,061-680-7061,빗,EA,22
한국바스프㈜,전라남도 여수시 여수산단2로 284,061-680-7061,가래삽,EA,32
한국바스프㈜,전라남도 여수시 여수산단2로 284,061-680-7061,일반삽,EA,11
한국바스프㈜,전라남도 여수시 여수산단2로 284,061-680-7061,도끼,EA,11
한국바스프㈜,전라남도 여수시 여수산단2로 284,061-680-7061,사다리,EA,11
한국바스프㈜,전라남도 여수시 여수산단2로 284,061-680-7061,지렛대,EA,11
한국바스프㈜,전라남도 여수시 여수산단2로 284,061-680-7061,위험표지판/테이프,EA,21
한국바스프㈜,전라남도 여수시 여수산단2로 284,061-680-7061,호스렌치,EA,22
한국바스프㈜,전라남도 여수시 여수산단2로 284,061-680-7061,소화전 렌치,EA,11
한국바스프㈜,전라남도 여수시 여수산단2로 284,061-680-7061,소방호스,EA,33
한국바스프㈜,전라남도 여수시 여수산단2로 284,061-680-7061,직·방사형 관창,EA,22
한국바스프㈜,전라남도 여수시 여수산단2로 284,061-680-7061,직사형관창,EA,55
한국바스프㈜,전라남도 여수시 여수산단2로 284,061-680-7061,관창 파이프,EA,22
한국바스프㈜,전라남도 여수시 여수산단2로 284,061-680-7061,퀵 커플링,EA,44
한국바스프㈜,전라남도 여수시 여수산단2로 284,061-680-7061,흡입호스,EA,44
한국바스프㈜,전라남도 여수시 여수산단2로 284,061-680-7061,흡입호스 여과망,EA,11
한국바스프㈜,전라남도 여수시 여수산단2로 284,061-680-7061,중개호스,EA,11
한국바스프㈜,전라남도 여수시 여수산단2로 284,061-680-7061,송수신 잭,EA,55
한국바스프㈜,전라남도 여수시 여수산단2로 284,061-680-7061,방열복 일체,EA,33
한국바스프㈜,전라남도 여수시 여수산단2로 284,061-680-7061,휴대용 모니터건,EA,11
한국바스프㈜,전라남도 여수시 여수산단2로 284,061-680-7061,WATER SHIELD,EA,44
한국바스프㈜,전라남도 여수시 여수산단2로 284,061-680-7061,휴대용렌턴,EA,77
한국바스프㈜,전라남도 여수시 여수산단2로 284,061-680-7061,로프,EA,44
한국바스프㈜,전라남도 여수시 여수산단2로 284,061-680-7061,무전기,EA,25
한국바스프㈜,전라남도 여수시 여수산단2로 284,061-680-7061,소화기,EA,22
한국바스프㈜,전라남도 여수시 여수산단2로 284,061-680-7061,공기호흡기,EA,55
한국바스프㈜,전라남도 여수시 여수산단2로 284,061-680-7061,경화학복,EA,66
한국바스프㈜,전라남도 여수시 여수산단2로 284,061-680-7061,중화학복,EA,44
한국바스프㈜,전라남도 여수시 여수산단2로 284,061-680-7061,코팅장갑,EA,20
한국바스프㈜,전라남도 여수시 여수산단2로 284,061-680-7061,NITRIL장갑,EA,38
한국바스프㈜,전라남도 여수시 여수산단2로 284,061-680-7061,NEOPRENE장갑,EA,24
한국바스프㈜,전라남도 여수시 여수산단2로 284,061-680-7061,안전벨트,EA,44
한국바스프㈜,전라남도 여수시 여수산단2로 284,061-680-7061,모노가글,EA,62
한국바스프㈜,전라남도 여수시 여수산단2로 284,061-680-7061,FACE SHIELD,EA,58
한국바스프㈜,전라남도 여수시 여수산단2로 284,061-680-7061,VOC농도측정기,EA,2
한국바스프㈜,전라남도 여수시 여수산단2로 284,061-680-7061,산소측정기,EA,2
한국바스프㈜,전라남도 여수시 여수산단2로 284,061-680-7061,환자운반구,EA,1
한국바스프㈜,전라남도 여수시 여수산단2로 284,061-680-7061,옥내소화전,EA,27
한국바스프㈜,전라남도 여수시 여수산단2로 284,061-680-7061,옥외소화전,EA,60
한국바스프㈜,전라남도 여수시 여수산단2로 284,061-680-7061,스프링쿨러,EA,5
한국바스프㈜,전라남도 여수시 여수산단2로 284,061-680-7061,화재수신기,EA,1
한국바스프㈜,전라남도 여수시 여수산단2로 284,061-680-7061,POST INCICATOR,EA,42
한국바스프㈜,전라남도 여수시 여수산단2로 284,061-680-7061,휴대용가스감지기,EA,18
한국바스프㈜,전라남도 여수시 여수산단2로 284,061-680-7061,화재수신기,EA,1
한국바스프㈜,전라남도 여수시 여수산단2로 284,061-680-7061,CO2소화설비,EA,2
한국바스프㈜,전라남도 여수시 여수산단2로 284,061-680-7061,포소화설비,EA,3
한국바스프㈜,전라남도 여수시 여수산단2로 284,061-680-7061,흡착포,BOX,39
한국바스프㈜,전라남도 여수시 여수산단2로 284,061-680-7061,보호의,EA,40
한국바스프㈜,전라남도 여수시 여수산단2로 284,061-680-7061,보호장갑,EA,68
한국바스프㈜,전라남도 여수시 여수산단2로 284,061-680-7061,전면형마스크,EA,56
한국바스프㈜,전라남도 여수시 여수산단2로 284,061-680-7061,안전장화,EA,78
한국바스프㈜,전라남도 여수시 여수산단2로 284,061-680-7061,송기마스크,EA,14
한국바스프㈜,전라남도 여수시 여수산단2로 284,061-680-7061,양압식공기호흡기,EA,63
한국바스프㈜,전라남도 여수시 여수산단2로 284,061-680-7061,소방복,EA,5
한국바스프㈜,전라남도 여수시 여수산단2로 284,061-680-7061,WATER JEL,EA,1
한국바스프㈜,전라남도 여수시 여수산단2로 284,061-680-7061,방열복,EA,2
한국바스프㈜,전라남도 여수시 여수산단2로 284,061-680-7061,방열면,EA,2
한국바스프㈜,전라남도 여수시 여수산단2로 284,061-680-7061,방열장갑,EA,2
한국바스프㈜,전라남도 여수시 여수산단2로 284,061-680-7061,가성소다,L,80
한국바스프㈜,전라남도 여수시 여수산단2로 284,061-680-7061,5분용 에어팩,EA,67
한국바스프㈜,전라남도 여수시 여수산단2로 284,061-680-7061,에어라인마스크,EA,60
한국바스프㈜,전라남도 여수시 여수산단2로 284,061-680-7061,유독물흡착포,EA,14
한국바스프㈜,전라남도 여수시 여수산단2로 284,061-680-7061,유기화학물보호복,EA,14
한국바스프㈜,전라남도 여수시 여수산단2로 284,061-680-7061,화학복,EA,20
한국바스프㈜,전라남도 여수시 여수산단2로 284,061-680-7061,보안면,EA,20
한국바스프㈜,전라남도 여수시 여수산단2로 284,061-680-7061,오일흡착포,BOX,20
한국바스프㈜,전라남도 여수시 여수산단2로 284,061-680-7061,소화기(4.5KG),EA,105
한국바스프㈜,전라남도 여수시 여수산단2로 284,061-680-7061,소화기(20KG),EA,33
한국바스프㈜,전라남도 여수시 여수산단2로 284,061-680-7061,소화기(CO₂),EA,34
한국바스프㈜,전라남도 여수시 여수산단2로 284,061-680-7061,방재인원,명,6
한국신광마이크로 애랙트로닉스㈜,전라남도 순천시 서면산단1길 32,061-753-8801,모래,KG,500
한국신광마이크로 애랙트로닉스㈜,전라남도 순천시 서면산단1길 32,061-753-8801,소석회,KG,100
한국신광마이크로 애랙트로닉스㈜,전라남도 순천시 서면산단1길 32,061-753-8801,방재인원,명,5
한승케미칼㈜,전라남도 광양시 광양읍 초남2공단2길 66,061-795-1958,안면보호구,EA,4
한승케미칼㈜,전라남도 광양시 광양읍 초남2공단2길 66,061-795-1958,보호장갑,EA,4
한승케미칼㈜,전라남도 광양시 광양읍 초남2공단2길 66,061-795-1958,보호장화,EA,4
한승케미칼㈜,전라남도 광양시 광양읍 초남2공단2길 66,061-795-1958,보호복,EA,4
한승케미칼㈜,전라남도 광양시 광양읍 초남2공단2길 66,061-795-1958,방재사,KG,400
한승케미칼㈜,전라남도 광양시 광양읍 초남2공단2길 66,061-795-1958,흡착포,포,4
한국캐솔㈜,전라남도 순천시 양율길 286,061-741-1661,톱밥,KG,160
한국캐솔㈜,전라남도 순천시 양율길 286,061-741-1661,내화학보호장갑,EA,5
한국캐솔㈜,전라남도 순천시 양율길 286,061-741-1661,안전장화,EA,5
한국캐솔㈜,전라남도 순천시 양율길 286,061-741-1661,안전고글,EA,5
한국캐솔㈜,전라남도 순천시 양율길 286,061-741-1661,방독마스크,EA,5
한국캐솔㈜,전라남도 순천시 양율길 286,061-741-1661,내화학복,EA,5
한국캐솔㈜,전라남도 순천시 양율길 286,061-741-1661,송기마스크,EA,1
㈜한국환경사업단,전라남도 여수시 진달래길 346,061-686-7066,방독면,EA,4
㈜한국환경사업단,전라남도 여수시 진달래길 346,061-686-7066,보호의,EA,4
㈜한국환경사업단,전라남도 여수시 진달래길 346,061-686-7066,보호신발,EA,5
㈜한국환경사업단,전라남도 여수시 진달래길 346,061-686-7066,눈 세안기,EA,1
㈜한국환경사업단,전라남도 여수시 진달래길 346,061-686-7066,흡착포,BOX,3
㈜한국환경사업단,전라남도 여수시 진달래길 346,061-686-7066,모래주머니,EA,30
㈜한국환경사업단,전라남도 여수시 진달래길 346,061-686-7066,방재인원,명,3
㈜한익스프레스,전라남도 여수시 여수산단로 611,061-685-5524,공기호흡기,EA,1
㈜한익스프레스,전라남도 여수시 여수산단로 611,061-685-5524,손전등,EA,6
㈜한익스프레스,전라남도 여수시 여수산단로 611,061-685-5524,오일펜스,EA,8
㈜한익스프레스,전라남도 여수시 여수산단로 611,061-685-5524,삽,EA,10
㈜한익스프레스,전라남도 여수시 여수산단로 611,061-685-5524,소석회,포,13
㈜한익스프레스,전라남도 여수시 여수산단로 611,061-685-5524,톱밥,EA,3
㈜한익스프레스,전라남도 여수시 여수산단로 611,061-685-5524,방독마스크,EA,5
㈜한익스프레스,전라남도 여수시 여수산단로 611,061-685-5524,보호장갑,EA,5
㈜한익스프레스,전라남도 여수시 여수산단로 611,061-685-5524,보호장화,EA,5
㈜한익스프레스,전라남도 여수시 여수산단로 611,061-685-5524,내화학복,EA,5
㈜한익스프레스,전라남도 여수시 여수산단로 611,061-685-5524,방진마스크,EA,25
㈜한익스프레스,전라남도 여수시 여수산단로 611,061-685-5524,이동식방제함,EA,1
㈜한익스프레스,전라남도 여수시 여수산단로 611,061-685-5524,흡착포,BOX,3
㈜한익스프레스,전라남도 여수시 여수산단로 611,061-685-5524,가슴장화,EA,5
㈜한익스프레스,전라남도 여수시 여수산단로 611,061-685-5524,전자신호봉,EA,5
㈜한익스프레스,전라남도 여수시 여수산단로 611,061-685-5524,신호수조끼,EA,5
㈜한익스프레스,전라남도 여수시 여수산단로 611,061-685-5524,소화기,EA,15
㈜한익스프레스,전라남도 여수시 여수산단로 611,061-685-5524,안전모,EA,10
㈜한익스프레스,전라남도 여수시 여수산단로 611,061-685-5524,메가폰,EA,2
㈜한익스프레스,전라남도 여수시 여수산단로 611,061-685-5524,빗자루,EA,5
㈜한익스프레스,전라남도 여수시 여수산단로 611,061-685-5524,모래,EA,8
㈜한익스프레스,전라남도 여수시 여수산단로 611,061-685-5524,안전벨트,EA,3
㈜한익스프레스,전라남도 여수시 여수산단로 611,061-685-5524,면보루,BOX,3
㈜한익스프레스,전라남도 여수시 여수산단로 611,061-685-5524,보호안경,EA,8
㈜한익스프레스,전라남도 여수시 여수산단로 611,061-685-5524,마대,EA,60
㈜한화여수사업장,전라남도 여수시 신월로 411,061-640-1232,소방차,대,1
㈜한화여수사업장,전라남도 여수시 신월로 411,061-640-1232,살수차,대,1
㈜한화여수사업장,전라남도 여수시 신월로 411,061-640-1232,헬기착륙장,곳,1
㈜한화여수사업장,전라남도 여수시 신월로 411,061-640-1232,오일펜스,M,50
㈜한화여수사업장,전라남도 여수시 신월로 411,061-640-1232,유흡착제,BOX,20
㈜한화여수사업장,전라남도 여수시 신월로 411,061-640-1232,분말소화기,EA,849
㈜한화여수사업장,전라남도 여수시 신월로 411,061-640-1232,기타소화기,EA,35
㈜한화여수사업장,전라남도 여수시 신월로 411,061-640-1232,탄산나트륨,KG,300
㈜한화여수사업장,전라남도 여수시 신월로 411,061-640-1232,전면형마스크,EA,40
㈜한화여수사업장,전라남도 여수시 신월로 411,061-640-1232,반면형마스크,EA,25
㈜한화여수사업장,전라남도 여수시 신월로 411,061-640-1232,공기호흡기,EA,17
㈜한화여수사업장,전라남도 여수시 신월로 411,061-640-1232,내화학복,EA,40
㈜한화여수사업장,전라남도 여수시 신월로 411,061-640-1232,내화학장갑,EA,40
㈜한화여수사업장,전라남도 여수시 신월로 411,061-640-1232,내화학장화,EA,40
㈜한화여수사업장,전라남도 여수시 신월로 411,061-640-1232,마른모래,KG,500
㈜한화여수사업장,전라남도 여수시 신월로 411,061-640-1232,송기마스크,EA,10
한화에너지㈜ 여수공장,전라남도 여수시 산단중앙로 1445,061-689-7678,습식노면청소차,대,1
한화에너지㈜ 여수공장,전라남도 여수시 산단중앙로 1445,061-689-7678,방제장비(보호구),SET,12
한화에너지㈜ 여수공장,전라남도 여수시 산단중앙로 1445,061-689-7678,방제물품,-,
"한화케미칼㈜ 여수1공장, 한화케미칼㈜ 여수2공장, 한화케미칼㈜ 여수3공장",전라남도 여수시 여수산단3로 117,061-688-1165,소방차,대,2
"한화케미칼㈜ 여수1공장, 한화케미칼㈜ 여수2공장, 한화케미칼㈜ 여수3공장",전라남도 여수시 여수산단3로 117,061-688-1165,운송차량(1.5톤),대,1
"한화케미칼㈜ 여수1공장, 한화케미칼㈜ 여수2공장, 한화케미칼㈜ 여수3공장",전라남도 여수시 여수산단3로 117,061-688-1165,진공흡수차량(4.5톤),대,1
"한화케미칼㈜ 여수1공장, 한화케미칼㈜ 여수2공장, 한화케미칼㈜ 여수3공장",전라남도 여수시 여수산단3로 117,061-688-1165,폐기물 운반차량(2.5톤),대,1
"한화케미칼㈜ 여수1공장, 한화케미칼㈜ 여수2공장, 한화케미칼㈜ 여수3공장",전라남도 여수시 여수산단3로 117,061-688-1165,지게차,대,1
"한화케미칼㈜ 여수1공장, 한화케미칼㈜ 여수2공장, 한화케미칼㈜ 여수3공장",전라남도 여수시 여수산단3로 117,061-688-1165,이동식 흡수차량,대,1
"한화케미칼㈜ 여수1공장, 한화케미칼㈜ 여수2공장, 한화케미칼㈜ 여수3공장",전라남도 여수시 여수산단3로 117,061-688-1165,이동식 펌프,대,1
"한화케미칼㈜ 여수1공장, 한화케미칼㈜ 여수2공장, 한화케미칼㈜ 여수3공장",전라남도 여수시 여수산단3로 117,061-688-1165,오일 펜스,EA,11
"한화케미칼㈜ 여수1공장, 한화케미칼㈜ 여수2공장, 한화케미칼㈜ 여수3공장",전라남도 여수시 여수산단3로 117,061-688-1165,중화제(5%염산(20L)),EA,5
"한화케미칼㈜ 여수1공장, 한화케미칼㈜ 여수2공장, 한화케미칼㈜ 여수3공장",전라남도 여수시 여수산단3로 117,061-688-1165,중화제(5%가성소다),EA,14
"한화케미칼㈜ 여수1공장, 한화케미칼㈜ 여수2공장, 한화케미칼㈜ 여수3공장",전라남도 여수시 여수산단3로 117,061-688-1165,오일흡착포,EA,21
"한화케미칼㈜ 여수1공장, 한화케미칼㈜ 여수2공장, 한화케미칼㈜ 여수3공장",전라남도 여수시 여수산단3로 117,061-688-1165,유독물흡착포,EA,47
"한화케미칼㈜ 여수1공장, 한화케미칼㈜ 여수2공장, 한화케미칼㈜ 여수3공장",전라남도 여수시 여수산단3로 117,061-688-1165,톱밥,EA,12
"한화케미칼㈜ 여수1공장, 한화케미칼㈜ 여수2공장, 한화케미칼㈜ 여수3공장",전라남도 여수시 여수산단3로 117,061-688-1165,활성탄,EA,2
"한화케미칼㈜ 여수1공장, 한화케미칼㈜ 여수2공장, 한화케미칼㈜ 여수3공장",전라남도 여수시 여수산단3로 117,061-688-1165,오일붐,EA,9
"한화케미칼㈜ 여수1공장, 한화케미칼㈜ 여수2공장, 한화케미칼㈜ 여수3공장",전라남도 여수시 여수산단3로 117,061-688-1165,규조토,EA,11
"한화케미칼㈜ 여수1공장, 한화케미칼㈜ 여수2공장, 한화케미칼㈜ 여수3공장",전라남도 여수시 여수산단3로 117,061-688-1165,유화제(18L),EA,9
"한화케미칼㈜ 여수1공장, 한화케미칼㈜ 여수2공장, 한화케미칼㈜ 여수3공장",전라남도 여수시 여수산단3로 117,061-688-1165,오일말끄미(20L),EA,2
"한화케미칼㈜ 여수1공장, 한화케미칼㈜ 여수2공장, 한화케미칼㈜ 여수3공장",전라남도 여수시 여수산단3로 117,061-688-1165,미생물처리제(20L),EA,7
"한화케미칼㈜ 여수1공장, 한화케미칼㈜ 여수2공장, 한화케미칼㈜ 여수3공장",전라남도 여수시 여수산단3로 117,061-688-1165,소포제(20L),EA,2
"한화케미칼㈜ 여수1공장, 한화케미칼㈜ 여수2공장, 한화케미칼㈜ 여수3공장",전라남도 여수시 여수산단3로 117,061-688-1165,빗자루,EA,8
"한화케미칼㈜ 여수1공장, 한화케미칼㈜ 여수2공장, 한화케미칼㈜ 여수3공장",전라남도 여수시 여수산단3로 117,061-688-1165,쓰레받이,EA,4
"한화케미칼㈜ 여수1공장, 한화케미칼㈜ 여수2공장, 한화케미칼㈜ 여수3공장",전라남도 여수시 여수산단3로 117,061-688-1165,갈쿠리,EA,2
"한화케미칼㈜ 여수1공장, 한화케미칼㈜ 여수2공장, 한화케미칼㈜ 여수3공장",전라남도 여수시 여수산단3로 117,061-688-1165,삽,EA,21
"한화케미칼㈜ 여수1공장, 한화케미칼㈜ 여수2공장, 한화케미칼㈜ 여수3공장",전라남도 여수시 여수산단3로 117,061-688-1165,곡괭이,EA,5
"한화케미칼㈜ 여수1공장, 한화케미칼㈜ 여수2공장, 한화케미칼㈜ 여수3공장",전라남도 여수시 여수산단3로 117,061-688-1165,비닐봉지,EA,100
"한화케미칼㈜ 여수1공장, 한화케미칼㈜ 여수2공장, 한화케미칼㈜ 여수3공장",전라남도 여수시 여수산단3로 117,061-688-1165,뜰채,EA,2
"한화케미칼㈜ 여수1공장, 한화케미칼㈜ 여수2공장, 한화케미칼㈜ 여수3공장",전라남도 여수시 여수산단3로 117,061-688-1165,마대자루,EA,3
"한화케미칼㈜ 여수1공장, 한화케미칼㈜ 여수2공장, 한화케미칼㈜ 여수3공장",전라남도 여수시 여수산단3로 117,061-688-1165,모래주머니,EA,400
"한화케미칼㈜ 여수1공장, 한화케미칼㈜ 여수2공장, 한화케미칼㈜ 여수3공장",전라남도 여수시 여수산단3로 117,061-688-1165,방재인원,명,33
한화케미칼㈜ 티다아이,전라남도 여수시 여수산단2로 46-47,061-688-4920\~1,화학소방차,대,1
한화케미칼㈜ 티다아이,전라남도 여수시 여수산단2로 46-47,061-688-4920\~1,화학물질용보호복(4형식),SET,150
한화케미칼㈜ 티다아이,전라남도 여수시 여수산단2로 46-47,061-688-4920\~1,화학물질용보호복(1형식),SET,5
한화케미칼㈜ 티다아이,전라남도 여수시 여수산단2로 46-47,061-688-4920\~1,공기호흡기,SET,44
한화케미칼㈜ 티다아이,전라남도 여수시 여수산단2로 46-47,061-688-4920\~1,전면형 송기마스크,SET,103
한화케미칼㈜ 티다아이,전라남도 여수시 여수산단2로 46-47,061-688-4920\~1,물분무 포소화설비,EA,1
한화케미칼㈜ 티다아이,전라남도 여수시 여수산단2로 46-47,061-688-4920\~1,엔젠에어컴프레샤,EA,1
한화케미칼㈜ 티다아이,전라남도 여수시 여수산단2로 46-47,061-688-4920\~1,소석회,포,66
한화케미칼㈜ 티다아이,전라남도 여수시 여수산단2로 46-47,061-688-4920\~1,규조토,포,32
한화케미칼㈜ 티다아이,전라남도 여수시 여수산단2로 46-47,061-688-4920\~1,유분흡착포,BOX,21
한화케미칼㈜ 티다아이,전라남도 여수시 여수산단2로 46-47,061-688-4920\~1,수산화나트륨,톤,100
한화케미칼㈜ 티다아이,전라남도 여수시 여수산단2로 46-47,061-688-4920\~1,염산,톤,100
한화케미칼㈜ 티다아이,전라남도 여수시 여수산단2로 46-47,061-688-4920\~1,유처리제,L,340
한화케미칼㈜ 티다아이,전라남도 여수시 여수산단2로 46-47,061-688-4920\~1,방제 펌프,EA,1
한화케미칼㈜ 티다아이,전라남도 여수시 여수산단2로 46-47,061-688-4920\~1,"자체 자위소방대, 방제인력",9명,9
한화케미칼㈜ 폴리실리콘,전라남도 여수시 여수산단4로 255,061-690-5728,소방차,대,1
한화케미칼㈜ 폴리실리콘,전라남도 여수시 여수산단4로 255,061-690-5728,내산복,EA,14
한화케미칼㈜ 폴리실리콘,전라남도 여수시 여수산단4로 255,061-690-5728,보안면,EA,14
한화케미칼㈜ 폴리실리콘,전라남도 여수시 여수산단4로 255,061-690-5728,모노고글,EA,14
한화케미칼㈜ 폴리실리콘,전라남도 여수시 여수산단4로 255,061-690-5728,내산장화,EA,14
한화케미칼㈜ 폴리실리콘,전라남도 여수시 여수산단4로 255,061-690-5728,내산장갑,EA,14
한화케미칼㈜ 폴리실리콘,전라남도 여수시 여수산단4로 255,061-690-5728,내산앞치마,EA,14
한화케미칼㈜ 폴리실리콘,전라남도 여수시 여수산단4로 255,061-690-5728,대피용호흡기,EA,14
한화케미칼㈜ 폴리실리콘,전라남도 여수시 여수산단4로 255,061-690-5728,보호복,SET,46
한화케미칼㈜ 폴리실리콘,전라남도 여수시 여수산단4로 255,061-690-5728,보호장갑,EA,46
한화케미칼㈜ 폴리실리콘,전라남도 여수시 여수산단4로 255,061-690-5728,보호장화,EA,46
한화케미칼㈜ 폴리실리콘,전라남도 여수시 여수산단4로 255,061-690-5728,방독면,EA,46
한화케미칼㈜ 폴리실리콘,전라남도 여수시 여수산단4로 255,061-690-5728,필터,EA,46
한화케미칼㈜ 폴리실리콘,전라남도 여수시 여수산단4로 255,061-690-5728,AIR PACK,EA,41
한화케미칼㈜ 폴리실리콘,전라남도 여수시 여수산단4로 255,061-690-5728,케미컬흡착제 패드,EA,150
한화케미칼㈜ 폴리실리콘,전라남도 여수시 여수산단4로 255,061-690-5728,응급처치키트,SET,2
한화케미칼㈜ 폴리실리콘,전라남도 여수시 여수산단4로 255,061-690-5728,젤튜브,EA,9
한화케미칼㈜ 폴리실리콘,전라남도 여수시 여수산단4로 255,061-690-5728,내화학테이프,EA,2
한화케미칼㈜ 폴리실리콘,전라남도 여수시 여수산단4로 255,061-690-5728,내산토시,EA,2
한화케미칼㈜ 폴리실리콘,전라남도 여수시 여수산단4로 255,061-690-5728,불산 감지 페이퍼,EA,2
한화케미칼㈜ 폴리실리콘,전라남도 여수시 여수산단4로 255,061-690-5728,내산비닐,EA,1600
한화케미칼㈜ 폴리실리콘,전라남도 여수시 여수산단4로 255,061-690-5728,중질탄산칼륨,포,12
한화케미칼㈜ 폴리실리콘,전라남도 여수시 여수산단4로 255,061-690-5728,소석회,포,9
한화케미칼㈜ 폴리실리콘,전라남도 여수시 여수산단4로 255,061-690-5728,방재인원,명,38
한화케미칼㈜ 여수2,전라남도 여수시 여수산단4로 255,061-690-5728,방독마스크,EA,16
한화케미칼㈜ 여수2,전라남도 여수시 여수산단4로 255,061-690-5728,정화통,EA,16
한화케미칼㈜ 여수2,전라남도 여수시 여수산단4로 255,061-690-5728,내화학복,EA,16
한화케미칼㈜ 여수2,전라남도 여수시 여수산단4로 255,061-690-5728,내화학장갑,EA,16
한화케미칼㈜ 여수2,전라남도 여수시 여수산단4로 255,061-690-5728,내화학장화,EA,16
한화케미칼㈜ 여수2,전라남도 여수시 여수산단4로 255,061-690-5728,흡착포,EA,40
한화케미칼㈜ 여수2,전라남도 여수시 여수산단4로 255,061-690-5728,AIR PACK,EA,15
한화케미칼㈜ 여수2,전라남도 여수시 여수산단4로 255,061-690-5728,방재인원,명,4
현대에너지㈜,전라남도 여수시 여수산단로 727,061-683-7319,전면형마스크,SET,3
현대에너지㈜,전라남도 여수시 여수산단로 727,061-683-7319,공기호흡기,SET,2
현대에너지㈜,전라남도 여수시 여수산단로 727,061-683-7319,방독마스크,EA,106
현대에너지㈜,전라남도 여수시 여수산단로 727,061-683-7319,필터(방독),EA,119
현대에너지㈜,전라남도 여수시 여수산단로 727,061-683-7319,필터(방진),EA,120
현대에너지㈜,전라남도 여수시 여수산단로 727,061-683-7319,내화학복,EA,106
현대에너지㈜,전라남도 여수시 여수산단로 727,061-683-7319,내화학장갑,EA,113
현대에너지㈜,전라남도 여수시 여수산단로 727,061-683-7319,보호장화,EA,28
현대에너지㈜,전라남도 여수시 여수산단로 727,061-683-7319,보안경,EA,21
현대에너지㈜,전라남도 여수시 여수산단로 727,061-683-7319,보안면,EA,19
현대제철㈜,전라남도 순천시 해룡면 인덕로 300,061-720-4665,살수차,대,1
현대제철㈜,전라남도 순천시 해룡면 인덕로 300,061-720-4665,방독마스크,EA,145
현대제철㈜,전라남도 순천시 해룡면 인덕로 300,061-720-4665,공기호흡기,SET,2
현대제철㈜,전라남도 순천시 해룡면 인덕로 300,061-720-4665,송기마스크,SET,3
현대제철㈜,전라남도 순천시 해룡면 인덕로 300,061-720-4665,보호의,EA,125
현대제철㈜,전라남도 순천시 해룡면 인덕로 300,061-720-4665,내화학장갑,EA,200
현대제철㈜,전라남도 순천시 해룡면 인덕로 300,061-720-4665,내화학장화,EA,40
현대제철㈜,전라남도 순천시 해룡면 인덕로 300,061-720-4665,산중화제,톤,28
현대제철㈜,전라남도 순천시 해룡면 인덕로 300,061-720-4665,알칼리중화제,톤,28
현대제철㈜,전라남도 순천시 해룡면 인덕로 300,061-720-4665,규조토,EA,50
현대제철㈜,전라남도 순천시 해룡면 인덕로 300,061-720-4665,모래주머니,EA,300
현대제철㈜,전라남도 순천시 해룡면 인덕로 300,061-720-4665,케미컬흡착제,BOX,7
현대제철㈜,전라남도 순천시 해룡면 인덕로 300,061-720-4665,수중펌프,EA,3
현대제철㈜,전라남도 순천시 해룡면 인덕로 300,061-720-4665,삽,EA,5
현대제철㈜,전라남도 순천시 해룡면 인덕로 300,061-720-4665,방재인원,명,120
현대제철㈜,전라남도 순천시 해룡면 인덕로 300,061-720-4665,처리능력,톤/hr,312.5
휴켐스㈜ 여수공장,전라남도 여수시 상암로 963,061-680-4613,소방차,대,1
휴켐스㈜ 여수공장,전라남도 여수시 상암로 963,061-680-4613,오일펜스,M,40
휴켐스㈜ 여수공장,전라남도 여수시 상암로 963,061-680-4613,유흡착포,BOX,10
휴켐스㈜ 여수공장,전라남도 여수시 상암로 963,061-680-4613,화학흡착포,BOX,8
휴켐스㈜ 여수공장,전라남도 여수시 상암로 963,061-680-4613,보호장화,EA,60
휴켐스㈜ 여수공장,전라남도 여수시 상암로 963,061-680-4613,보호장갑,EA,64
휴켐스㈜ 여수공장,전라남도 여수시 상암로 963,061-680-4613,보호복,EA,35
휴켐스㈜ 여수공장,전라남도 여수시 상암로 963,061-680-4613,삽,EA,55
휴켐스㈜ 여수공장,전라남도 여수시 상암로 963,061-680-4613,전면형마스크,EA,33
휴켐스㈜ 여수공장,전라남도 여수시 상암로 963,061-680-4613,반면형마스크,EA,11
휴켐스㈜ 여수공장,전라남도 여수시 상암로 963,061-680-4613,안전벨트,EA,7
휴켐스㈜ 여수공장,전라남도 여수시 상암로 963,061-680-4613,양수기,EA,2
휴켐스㈜ 여수공장,전라남도 여수시 상암로 963,061-680-4613,방재인원,명,50
㈜해담광양,전라남도 광양시 제철로 2148-543,061-797-9494,포터,대,1
㈜해담광양,전라남도 광양시 제철로 2148-543,061-797-9494,소화설비,대,1
㈜해담광양,전라남도 광양시 제철로 2148-543,061-797-9494,가성소다,KG,50
㈜해담광양,전라남도 광양시 제철로 2148-543,061-797-9494,황산알류미늄,KG,50
㈜해담광양,전라남도 광양시 제철로 2148-543,061-797-9494,방재인원,명,8
해인기업㈜ 여수공장,전라남도 여수시 중흥동 750-19,061-692-6800,포터,대,1
해인기업㈜ 여수공장,전라남도 여수시 중흥동 750-19,061-692-6800,안전모,EA,8
해인기업㈜ 여수공장,전라남도 여수시 중흥동 750-19,061-692-6800,전면형마스크,EA,17
해인기업㈜ 여수공장,전라남도 여수시 중흥동 750-19,061-692-6800,반면형마스크,EA,12
해인기업㈜ 여수공장,전라남도 여수시 중흥동 750-19,061-692-6800,정화통,EA,12
해인기업㈜ 여수공장,전라남도 여수시 중흥동 750-19,061-692-6800,공기호흡기,EA,2
해인기업㈜ 여수공장,전라남도 여수시 중흥동 750-19,061-692-6800,보호복,EA,8
해인기업㈜ 여수공장,전라남도 여수시 중흥동 750-19,061-692-6800,보호장갑,EA,7
해인기업㈜ 여수공장,전라남도 여수시 중흥동 750-19,061-692-6800,보호장화,EA,2
해인기업㈜ 여수공장,전라남도 여수시 중흥동 750-19,061-692-6800,일반장화,EA,19
해인기업㈜ 여수공장,전라남도 여수시 중흥동 750-19,061-692-6800,안전장화,EA,8
해인기업㈜ 여수공장,전라남도 여수시 중흥동 750-19,061-692-6800,방열복,EA,5
해인기업㈜ 여수공장,전라남도 여수시 중흥동 750-19,061-692-6800,방제삽,EA,14
해인기업㈜ 여수공장,전라남도 여수시 중흥동 750-19,061-692-6800,탄산칼슘,KG,200
해인기업㈜ 여수공장,전라남도 여수시 중흥동 750-19,061-692-6800,가성소다,DRUM,1
해인기업㈜ 여수공장,전라남도 여수시 중흥동 750-19,061-692-6800,알콜포,DRUM,5
해인기업㈜ 여수공장,전라남도 여수시 중흥동 750-19,061-692-6800,아황산나트륨,KG,300
해인기업㈜ 여수공장,전라남도 여수시 중흥동 750-19,061-692-6800,팽창질석,L,100
해인기업㈜ 여수공장,전라남도 여수시 중흥동 750-19,061-692-6800,송기마스크,EA,8
해인기업㈜ 여수공장,전라남도 여수시 중흥동 750-19,061-692-6800,가연성가스측정기,대,1
해인기업㈜ 여수공장,전라남도 여수시 중흥동 750-19,061-692-6800,포르말린가스측정기,대,1
해인기업㈜ 여수공장,전라남도 여수시 중흥동 750-19,061-692-6800,고글,EA,21
해인기업㈜ 여수공장,전라남도 여수시 중흥동 750-19,061-692-6800,확성기,EA,1
해인기업㈜ 여수공장,전라남도 여수시 중흥동 750-19,061-692-6800,귀마개,EA,10
해인기업㈜ 여수공장,전라남도 여수시 중흥동 750-19,061-692-6800,안전벨트,EA,6
해인기업㈜ 여수공장,전라남도 여수시 중흥동 750-19,061-692-6800,흡착포,BOX,4
해인기업㈜ 여수공장,전라남도 여수시 중흥동 750-19,061-692-6800,곡괭이,EA,4
해인기업㈜ 여수공장,전라남도 여수시 중흥동 750-19,061-692-6800,무전기,EA,4
해인기업㈜ 화치공장,전라남도 여수시 산단중앙로 30,061-686-6801,비상용차량,대,1
해인기업㈜ 화치공장,전라남도 여수시 산단중앙로 30,061-686-6801,전면형마스크,EA,10
해인기업㈜ 화치공장,전라남도 여수시 산단중앙로 30,061-686-6801,반면형마스크,EA,10
해인기업㈜ 화치공장,전라남도 여수시 산단중앙로 30,061-686-6801,방독면 필터,EA,10
해인기업㈜ 화치공장,전라남도 여수시 산단중앙로 30,061-686-6801,정화통,EA,10
해인기업㈜ 화치공장,전라남도 여수시 산단중앙로 30,061-686-6801,보호장화,EA,10
해인기업㈜ 화치공장,전라남도 여수시 산단중앙로 30,061-686-6801,보호의,EA,10
해인기업㈜ 화치공장,전라남도 여수시 산단중앙로 30,061-686-6801,보호장갑,EA,10
해인기업㈜ 화치공장,전라남도 여수시 산단중앙로 30,061-686-6801,스크린,EA,10
해인기업㈜ 화치공장,전라남도 여수시 산단중앙로 30,061-686-6801,방제삽,EA,10
해인기업㈜ 화치공장,전라남도 여수시 산단중앙로 30,061-686-6801,곡괭이,EA,10
해인기업㈜ 화치공장,전라남도 여수시 산단중앙로 30,061-686-6801,안전벨트,EA,5
해인기업㈜ 화치공장,전라남도 여수시 산단중앙로 30,061-686-6801,흡착포,BOX,4
해인기업㈜ 화치공장,전라남도 여수시 산단중앙로 30,061-686-6801,알콜포,DRUM,2
해인기업㈜ 화치공장,전라남도 여수시 산단중앙로 30,061-686-6801,팽창질석,L,200
해인기업㈜ 화치공장,전라남도 여수시 산단중앙로 30,061-686-6801,가성소다,DRUM,4
해인기업㈜ 화치공장,전라남도 여수시 산단중앙로 30,061-686-6801,소석회,KG,200
해인기업㈜ 화치공장,전라남도 여수시 산단중앙로 30,061-686-6801,송기마스크,EA,2
해인기업㈜ 화치공장,전라남도 여수시 산단중앙로 30,061-686-6801,포소화전,EA,2
해인기업㈜ 화치공장,전라남도 여수시 산단중앙로 30,061-686-6801,공기호흡기,EA,2
해인기업㈜ 화치공장,전라남도 여수시 산단중앙로 30,061-686-6801,내화학복,EA,10
해인기업㈜ 화치공장,전라남도 여수시 산단중앙로 30,061-686-6801,방화복,EA,2
해인기업㈜ 화치공장,전라남도 여수시 산단중앙로 30,061-686-6801,수중펌프,대,1
해인기업㈜ 여천공장,전라남도 여수시 여수산단로 830,061-686-0917,방화사,L,200
해인기업㈜ 여천공장,전라남도 여수시 여수산단로 830,061-686-0917,소화기,EA,20
해인기업㈜ 여천공장,전라남도 여수시 여수산단로 830,061-686-0917,내산성 보호의,EA,8
해인기업㈜ 여천공장,전라남도 여수시 여수산단로 830,061-686-0917,보호장갑,EA,16
해인기업㈜ 여천공장,전라남도 여수시 여수산단로 830,061-686-0917,보호장화,EA,10
해인기업㈜ 여천공장,전라남도 여수시 여수산단로 830,061-686-0917,전면형마스크,EA,11
해인기업㈜ 여천공장,전라남도 여수시 여수산단로 830,061-686-0917,흡착포,PAD,15
해인기업㈜ 여천공장,전라남도 여수시 여수산단로 830,061-686-0917,탄산칼슘,L,250
해인기업㈜ 여천공장,전라남도 여수시 여수산단로 830,061-686-0917,양압식공기호흡기,SET,2
해인기업㈜ 여천공장,전라남도 여수시 여수산단로 830,061-686-0917,팽창질석,L,200
해인기업㈜ 여천공장,전라남도 여수시 여수산단로 830,061-686-0917,방열복,EA,2
DSR제강㈜ 1공장,전라남도 순천시 서면 산단1길 15,061-729-3500,안면방독면,6EA,
DSR제강㈜ 1공장,전라남도 순천시 서면 산단1길 15,061-729-3500,방독면,6EA,
DSR제강㈜ 1공장,전라남도 순천시 서면 산단1길 15,061-729-3500,화학보호복,6EA,
DSR제강㈜ 1공장,전라남도 순천시 서면 산단1길 15,061-729-3500,화학보호장갑,6EA,
DSR제강㈜ 1공장,전라남도 순천시 서면 산단1길 15,061-729-3500,화학보호장화,6EA,
DSR제강㈜ 1공장,전라남도 순천시 서면 산단1길 15,061-729-3500,보호경,6EA,
DSR제강㈜ 1공장,전라남도 순천시 서면 산단1길 15,061-729-3500,보호복,6EA,
DSR제강㈜ 1공장,전라남도 순천시 서면 산단1길 15,061-729-3500,보호장갑,6EA,
DSR제강㈜ 1공장,전라남도 순천시 서면 산단1길 15,061-729-3500,보호장화,6EA,
DSR제강㈜ 1공장,전라남도 순천시 서면 산단1길 15,061-729-3500,방제사,"2,000KG",
DSR제강㈜ 1공장,전라남도 순천시 서면 산단1길 15,061-729-3500,방제약품,500KG,
DSR제강㈜ 1공장,전라남도 순천시 서면 산단1길 15,061-729-3500,방제삽,3EA,
DSR제강㈜ 1공장,전라남도 순천시 서면 산단1길 15,061-729-3500,식염수,2EA,
DSR제강㈜ 1공장,전라남도 순천시 서면 산단1길 15,061-729-3500,소화기,2EA,
DSR제강㈜ 2공장,전라남도 순천시 서면 산단4길 38,061-751-7121,안면방독면,12EA,
DSR제강㈜ 2공장,전라남도 순천시 서면 산단4길 38,061-751-7121,방독면,6EA,
DSR제강㈜ 2공장,전라남도 순천시 서면 산단4길 38,061-751-7121,화학보호복,12EA,
DSR제강㈜ 2공장,전라남도 순천시 서면 산단4길 38,061-751-7121,화학보호장갑,12EA,
DSR제강㈜ 2공장,전라남도 순천시 서면 산단4길 38,061-751-7121,화학보호장화,12EA,
DSR제강㈜ 2공장,전라남도 순천시 서면 산단4길 38,061-751-7121,보호경,6EA,
DSR제강㈜ 2공장,전라남도 순천시 서면 산단4길 38,061-751-7121,보호복,6EA,
DSR제강㈜ 2공장,전라남도 순천시 서면 산단4길 38,061-751-7121,보호장갑,6EA,
DSR제강㈜ 2공장,전라남도 순천시 서면 산단4길 38,061-751-7121,보호장화,6EA,
DSR제강㈜ 2공장,전라남도 순천시 서면 산단4길 38,061-751-7121,방제사,3톤,
DSR제강㈜ 2공장,전라남도 순천시 서면 산단4길 38,061-751-7121,방제약품,"1,000KG",
DSR제강㈜ 2공장,전라남도 순천시 서면 산단4길 38,061-751-7121,방제삽,3EA,
DSR제강㈜ 2공장,전라남도 순천시 서면 산단4길 38,061-751-7121,식염수,5EA,
DSR제강㈜ 2공장,전라남도 순천시 서면 산단4길 38,061-751-7121,소화기,6EA,
DSR제강㈜ 2공장,전라남도 순천시 서면 산단4길 38,061-751-7121,흡착포,20EA,
DSR제강㈜ 2공장,전라남도 순천시 서면 산단4길 38,061-751-7121,빗자루,2EA,
DSR제강㈜ 2공장,전라남도 순천시 서면 산단4길 38,061-751-7121,회수봉투,100EA,
DSR제강㈜ 2공장,전라남도 순천시 서면 산단4길 38,061-751-7121,방제인력,8명,
DSR제강㈜ 2공장,전라남도 순천시 서면 산단4길 38,061-751-7121,처리능력,12.5톤/hr,
DSR제강㈜ 율촌공장,전라남도 순천시 해룡면 율촌산단1로 80-21,061-729-3700,전면방독면,14EA,
DSR제강㈜ 율촌공장,전라남도 순천시 해룡면 율촌산단1로 80-21,061-729-3700,정화통,14EA,
DSR제강㈜ 율촌공장,전라남도 순천시 해룡면 율촌산단1로 80-21,061-729-3700,내화학보호복,14EA,
DSR제강㈜ 율촌공장,전라남도 순천시 해룡면 율촌산단1로 80-21,061-729-3700,화학보호장화,14EA,
DSR제강㈜ 율촌공장,전라남도 순천시 해룡면 율촌산단1로 80-21,061-729-3700,화학보호장갑,14EA,
DSR제강㈜ 율촌공장,전라남도 순천시 해룡면 율촌산단1로 80-21,061-729-3700,케미컬흡착포,200EA,
DSR제강㈜ 율촌공장,전라남도 순천시 해룡면 율촌산단1로 80-21,061-729-3700,방제삽,14EA,
DSR제강㈜ 율촌공장,전라남도 순천시 해룡면 율촌산단1로 80-21,061-729-3700,방제사,"5,000KG",
DSR제강㈜ 율촌공장,전라남도 순천시 해룡면 율촌산단1로 80-21,061-729-3700,분말소석회,"2,000KG",
DSR제강㈜ 율촌공장,전라남도 순천시 해룡면 율촌산단1로 80-21,061-729-3700,방제인력,6명,
㈜E1,전라남도 여수시 낙포단지길 60,061-690-9373,오일펜스,80M,
㈜E1,전라남도 여수시 낙포단지길 60,061-690-9373,유흡착제,62.4KG,
㈜E1,전라남도 여수시 낙포단지길 60,061-690-9373,반면형마스크,10EA,
㈜E1,전라남도 여수시 낙포단지길 60,061-690-9373,보호장갑,50EA,
㈜E1,전라남도 여수시 낙포단지길 60,061-690-9373,보호장화,6A,
㈜E1,전라남도 여수시 낙포단지길 60,061-690-9373,화학복,50EA,
㈜E1,전라남도 여수시 낙포단지길 60,061-690-9373,방재인원,36명,
GS바이오㈜,전라남도 여수시 여수산단로 923-106,061-680-5740,오일펜스,320m,
GS바이오㈜,전라남도 여수시 여수산단로 923-106,061-680-5740,유처리제,1ton,
GS바이오㈜,전라남도 여수시 여수산단로 923-106,061-680-5740,유흡착붐,36m,
GS바이오㈜,전라남도 여수시 여수산단로 923-106,061-680-5740,유흡착제,100kg,
GS바이오㈜,전라남도 여수시 여수산단로 923-106,061-680-5740,송기마스크,3set,
GS바이오㈜,전라남도 여수시 여수산단로 923-106,061-680-5740,반면형마스크,20ea,
GS바이오㈜,전라남도 여수시 여수산단로 923-106,061-680-5740,보호장갑,200ea,
GS바이오㈜,전라남도 여수시 여수산단로 923-106,061-680-5740,보호장화,20ea,
GS바이오㈜,전라남도 여수시 여수산단로 923-106,061-680-5740,전면형마스크,20ea,
GS바이오㈜,전라남도 여수시 여수산단로 923-106,061-680-5740,내산복,30ea,
GS바이오㈜,전라남도 여수시 여수산단로 923-106,061-680-5740,공기호흡기(60분),2ea,
GS바이오㈜,전라남도 여수시 여수산단로 923-106,061-680-5740,공기호흡기(5분),10ea,
GS바이오㈜,전라남도 여수시 여수산단로 923-106,061-680-5740,공기호흡기(10분),10ea,
GS바이오㈜,전라남도 여수시 여수산단로 923-106,061-680-5740,소석회,100kg,
GS바이오㈜,전라남도 여수시 여수산단로 923-106,061-680-5740,방재인력(명),20명,
GS칼텍스㈜,전라남도 여수시 여수산단로 923-106,061-680-2387,소방차,2대,
GS칼텍스㈜,전라남도 여수시 여수산단로 923-106,061-680-2387,진공차,1대,
GS칼텍스㈜,전라남도 여수시 여수산단로 923-106,061-680-2387,유흡착제,15BOX,
GS칼텍스㈜,전라남도 여수시 여수산단로 923-106,061-680-2387,유흡착붐,20EA,
GS칼텍스㈜,전라남도 여수시 여수산단로 923-106,061-680-2387,뜰채,10EA,
GS칼텍스㈜,전라남도 여수시 여수산단로 923-106,061-680-2387,장화,20EA,
GS칼텍스㈜,전라남도 여수시 여수산단로 923-106,061-680-2387,고무장갑,80EA,
GS칼텍스㈜,전라남도 여수시 여수산단로 923-106,061-680-2387,면장갑,80EA,
GS칼텍스㈜,전라남도 여수시 여수산단로 923-106,061-680-2387,방수백(40kg),100EA,
GS칼텍스㈜,전라남도 여수시 여수산단로 923-106,061-680-2387,집게,50EA,
GS칼텍스㈜,전라남도 여수시 여수산단로 923-106,061-680-2387,방독마스크,15EA,
GS칼텍스㈜,전라남도 여수시 여수산단로 923-106,061-680-2387,마스크카트리지,15EA,
GS칼텍스㈜,전라남도 여수시 여수산단로 923-106,061-680-2387,유독물방제복,20EA,
GS칼텍스㈜,전라남도 여수시 여수산단로 923-106,061-680-2387,유독물장갑,20EA,
GS칼텍스㈜,전라남도 여수시 여수산단로 923-106,061-680-2387,유독물장화,20EA,
GS칼텍스㈜,전라남도 여수시 여수산단로 923-106,061-680-2387,안면보호구,20EA,
GS칼텍스㈜,전라남도 여수시 여수산단로 923-106,061-680-2387,유독물,5BOX,
GS칼텍스㈜ 바이오부탄올,전라남도 여수시 여수산단로 923-106,061-660-6268,방제함(모래),6,
GS칼텍스㈜ 바이오부탄올,전라남도 여수시 여수산단로 923-106,061-660-6268,안전보호구함,3,
GS칼텍스㈜ 바이오부탄올,전라남도 여수시 여수산단로 923-106,061-660-6268,보호구함,28,
GS칼텍스㈜ 바이오부탄올,전라남도 여수시 여수산단로 923-106,061-660-6268,전면형방독마스크,6,
GS칼텍스㈜ 바이오부탄올,전라남도 여수시 여수산단로 923-106,061-660-6268,반면형방독마스크,16,
GS칼텍스㈜ 바이오부탄올,전라남도 여수시 여수산단로 923-106,061-660-6268,정화통,30Set,
GS칼텍스㈜ 바이오부탄올,전라남도 여수시 여수산단로 923-106,061-660-6268,보안경,24,
GS칼텍스㈜ 바이오부탄올,전라남도 여수시 여수산단로 923-106,061-660-6268,내화학보호의,14,
GS칼텍스㈜ 바이오부탄올,전라남도 여수시 여수산단로 923-106,061-660-6268,보호장갑,6,
GS칼텍스㈜ 바이오부탄올,전라남도 여수시 여수산단로 923-106,061-660-6268,보호장화,16,
GS칼텍스㈜ 바이오부탄올,전라남도 여수시 여수산단로 923-106,061-660-6268,흡착제,6,
GS칼텍스㈜ 바이오부탄올,전라남도 여수시 여수산단로 923-106,061-660-6268,실험복,4,
GS칼텍스㈜ 바이오부탄올,전라남도 여수시 여수산단로 923-106,061-660-6268,Spill Kit,4 Set,
GS칼텍스㈜ 바이오부탄올,전라남도 여수시 여수산단로 923-106,061-660-6268,방재인원,27명,
SY탱크터미널㈜,,,,,
