연번,구분,업소명,소재지,대표전화,대상폐기물
1,종합재활용,㈜세일정유,"경북 칠곡군 약목면 교8길 113-20, 113-8",054-975-3100,"폐유(폐윤활유,내연기관유,산업유,선박유), 그밖의폐유기용제, 폐유성페인트, 폐락카"
2,종합재활용,㈜이화실업,경북 경산시 진량읍 일연로 639-8,053-851-7390,"폐산(폐염산, 폐황산, 기타폐산)"
3,종합재활용,사회복지법인 행복한사람들,경북 칠곡군 왜관읍 공단로3길 17-27,054-974-3030,"절연유 PCBs 농도가 2㎎/L 미만 함유된 폐변압기, 폐유가 5% 이상 함유된 폐베어링 및 폐용접기"
4,종합재활용,㈜케이엠씨,경북 구미시 3공단3로 40(시미동 167),054-472-0051,"폐산(액상), 폐유기용제(고상, 2차전지 제조 공정폐기물)"
5,종합재활용,한국비철㈜,대구시 달성군 논공읍 비슬로264길 23(구. 논공읍 상리 783),053-617-6300,"폐황산이 포함된 2차폐축전지, 그 밖의 폐알칼리, 그 밖의 공정오니, 광재, 분진"
6,종합재활용,㈜영신금속,경북 경산시 진량읍 공단4로 78,053-856-6486~8,폐유(금속성폐촉매)
7,종합재활용,한빛에너지㈜,경북 경산시 자인면 한장군로 480,053-854-4747,폐유(액상)
8,종합재활용,신오케미칼㈜구미1공장,경북 구미시 옥계2공단로 125(구.구미시 구포동 638),054-475-8018,"폐산(폐염화철, 폐염산, 폐염화동, 폐황산), 그 밖의 공정오니, 폐알카리"
9,종합재활용,㈜주원에너지,경북 경주시 안강읍 두류길 207,054-762-9140,"폐유(윤활유, 산업유, 내연기관유, 선박유 등 재생가능한 액상 폐유)"
10,종합재활용,우석클린㈜,경북 영천시 채신2공단길 79-18(채신동 657-1 외 1필지),054-336-8999,"폐유(폐오일휠터,철재.플라스틱용기류), 폐유기용제(플라스틱용기류)"
11,종합재활용,㈜제이씨,경북 고령군 대가야읍 장기공단1길 112(구. 대가야읍 장기리 281),054-956-4508,폐산(폐황산)
12,종합재활용,㈜신성에너텍,경북 영천시 금호읍 오계공단길 28,054-332-3401,"폐유
(06-01-05) 폐오일필터"
13,종합재활용,보강산업,경북 칠곡군 가산면 학신로 94-15,054-971-4145,"폐유(철제 및 프라스틱 용기류), 폐유기용제(철제 및 플라스틱 용기류)"
14,종합재활용,㈜클린코리아 안강공장,경북 경주시 안강읍 두류길 162(구. 두류리 387-1),054-762-7672,"폐유(액상),폐유기용제(비할로겐족액상),폐페인트(액상)"
15,종합재활용,㈜건협(구.금창환경),경북 경산시 진량읍 평사1길 104-34,054-857-0340,"폐유(폐오일휠터, 드럼)"
16,중간재활용,㈜레스코,경북 포항시 남구 동해안로 6262,054-283-7930,"분진(STS DUST), 공정오니"
17,종합재활용,㈜강명산업사 안강지점,경북 경주시 안강읍 두류길 107,054-762-9851,"폐페인트,폐유기용제, 폐유(감압)"
18,종합재활용,㈜드림텍,경북 영천시 채신1공단길 60-7(구. 채신동 595-7),054-338-0277,"폐산(염산,황산,기타폐산)"
19,종합재활용,㈜피제이산업 영천지점,경북 영천시 칠백로 808-11(도남동 409),054-336-2290,"그 밖의 폐유(06-03-00, 액상), 그 밖의 폐광물유(06-01-99, 액상), 그 밖의 폐유기용제(04-02-00, 액상), 할로겐족 폐유기용제(04-01-00, 액상)"
20,종합재활용,홍익이서화학(주)2공장,경북 구미시 옥계2공단로 179-60(구. 구미시 구포동 643-2),054-475-0063,"폐염산(폐염화철, 폐염화동, 액상), 폐황산, 그 밖의 폐알칼리"
21,종합재활용,㈜새빗켐,"경북 김천시 공단로 98(구. 대광동 1000-23,38)",054-431-3586,"폐산(LCD·반도체 공정의 폐산, 그 밖의 폐산)"
22,종합재활용,에스엠(SM)환경산업,경북 구미시 장천면 학신로 278-11(구. 장천면 신장리 71),054-471-7825,"폐유독물(플라스틱용기),폐유기용제(플라스틱용기)"
23,종합재활용,㈜덕성,경북 영천시 채신1공단길 40-5(구. 영천시 채신동 588),054-336-4342,"폐수처리오니, 금속성폐촉매, 분진, 그 밖의 광재, 그 밖의 공정오니"
24,종합재활용,㈜뉴리소스,경북 경산시 자인면 일연로 130(구. 자인면 북사리 52-7),053-710-0714,"(04-02-00) 그 밖의 폐유기용제, (06-01-99) 그 밖의 폐광물유, (06-03-00) 그 밖의 폐유"
25,종합재활용,세일환경유통,경북 칠곡군 약목면 교8길 113-20(구. 약목면 교리 474),054-975-3100,"폐유(폐오일휠터, 기름걸레, 장갑 등)"
26,종합재활용,㈜주성오일[구.호경산업영천공장],경북 영천시 도남공단2길 4,054-337-5211,폐유(폐규조토)
27,종합재활용,㈜광태산업,경북 경주시 외동읍 모화공단길 125-60(구. 외동읍 모화리 50-66),054-774-8334,"폐페인트(아연함유), 공정오니(아연 함유), 동광재, 동분진, 아연분진"
28,종합재활용,㈜삼한알엔텍,경북 영천시 채신1공단길 60-8,054-338-5584,"폐유기용제(할로겐족, 그 밖의 폐유기용제)"
29,종합재활용,소니드리텍㈜,경북 고령군 대가야읍 장기공단1길 46-20(구. 대가야읍 장기리 284-1),054-956-5071,"납함유된 광재, 공정오니, 폐산(폐밧데리)"
30,종합재활용,㈜서원금속,대구시 달성군 논공읍 비슬로262길 75-16(논공읍 상리 682-1),053-614-0316,"공정오니(은함유), 폐페인트"
31,종합재활용,신성비철산업,"대구시 동구 안심로65길 10, 안심로 347(구.  동구 각산동 298-2)",053-963-8877,"절연유의 PCBs 농도가 2㎎/L 미만 함유된 폐변압기, 폐유가 5% 이상 묻은 폐콘덴서
절연유의 PCBs 농도가 2㎎/ℓ 미만 함유된 OF케이블류"
32,종합재활용,㈜성은 구미공장,경북 구미시 1공단로 10길 53-24,054-461-8147,"폐산(염산,황산,기타폐산)"
33,종합재활용,대건,경북 경산시 자인면 금박로 177,053-857-5192,"폐유(산업유,내연기관유)"
34,종합재활용,㈜유림케미칼,경북 경산시 압량면 의송길27길 21,053-818-5402,"폐유(수지,철용기류),폐유기용제(수지)"
35,종합재활용,㈜세신머티리얼즈,경북 칠곡군 북삼읍 칠곡대로 309-9(북삼읍 어로리 743-27),054-975-9228,폐유기용제(반도체 웨이퍼 절단공정에서 발생한 SiC함유 폐유기용제)
36,종합재활용,㈜대흥에스지,대구시 달성군 논공읍 논공로69길 48(구. 논공읍 본리리 29-82),053-615-0500,"폐페인트(고상), 공정오니(고상), 폐유(절연유의 PCBs 농도가 2㎎/L 미만 함유된 폐변압기)"
37,종합재활용,㈜청우리텍 경주지점(구.(주)우종),경북 경주시 내남면 내외로 1078-16(구. 내남면 명계리 63-4),054-748-4600,"금속성폐촉매, 그 밖의 폐유독물질"
38,종합재활용,호경산업,경북 경산시 진량읍 두안길 9(구. 진량읍 선화리 201),053-851-0731,"폐산(폐염산, 폐황산, 기타폐산)"
39,종합재활용,비젼테크놀러지㈜,경북 칠곡군 약목면 경호천동길 62-18(구. 약목면 복성리 375-4),054-975-2034,폐유기용제
40,중간재활용,대신테크,대구시 북구 팔달북로8길 84(구. 북구 노원동 3가 214),053-359-0611,폐변압기(절연유 PCBs 농도가 2㎎/L 미만 함유)
41,종합재활용,㈜형제케미칼,경북 영천시 도남공단1길 33(구. 영천시 도남동 618-1),054-335-5091,"폐황산, LC반도체 공정의 폐산"
42,종합재활용,"한일정유㈜(구.한일정유㈜경산공장, ㈜프리텍, ㈜현일유화)",경북 경산시 자인면 자인공단로 50(북사리 1087-8),053-856-8672,"폐유(윤활유, 산업유, 선박유, 내연기관유 등 재활용 가능한 액상 폐유)"
43,종합재활용,대한정밀화학㈜,경북 경산시 자인면 자인공단로 71-7,053-856-4230,폐유기용제(액상)
44,종합재활용,대한민국상이군경회 대구사업소,대구시 동구 안심로 65길 10,053-963-2235,"폐유(절연유의 PCBs 농도가 2㎎/L 미만 함유된 폐변압기), 폐유가 5% 이상 함유된 폐전선"
45,종합재활용,㈜국제금속,경북 영천시 금호읍 오계공단길 1-61,054-338-6622,"폐산 함유 폐배터리, 납 함유 광재, 공정오니"
46,종합재활용,(주)그린월드,경북 영천시 도남공단3길 2-1(구. 영천시 도남동 283-2),054-333-5934,"폐염산, 폐황산, 기타폐산"
47,종합재활용,㈜성은,경북 칠곡군 북삼읍 외율5길 121-12(구. 북삼읍 율리 769-9),054-972-8147,"폐산(폐염산, 폐황산, 기타폐산), 폐알카리"
48,종합재활용,"(사)한국장애인단체총연맹 김해지점(구,(사)행복한오늘, ㈜천호금속(구, (사)장애인자립지원협회)",경북 경산시 진량읍 문천길 166(구. 진량읍 문천리 478-11),053-857-6488,폐유(절연유의 PCBs 농도가 2㎎/L 미만 함유된 폐변압기)
49,종합재활용,"㈜배터리솔루션즈(구.㈜세기리텍, ㈜아미커스메탈)",경북 영천시 금호읍 오계공단길 1-67,054-334-8383,폐황산이 포함된 2차폐축전지
50,중간재활용,남양캐미칼,경북 영천시 칠백로 808-3,054-333-3047,"폐유기용제(할로겐족 및 기타, 액상), 폐페인트(비할로겐족 유기용제가 함유된 유성페인트)"
51,종합재활용,스틸싸이클(주)(구.㈜징크옥사이드코퍼레이션),경북 경주시 천북면 천북산단로 1길 8-65,054-778-7611,"전기로 제강분진, 그 밖의 공정오니"
52,종합재활용,"사회복지법인 대한장애인
복지회",경북 칠곡군 왜관읍 공단로4길 45-13(금산리 993-8),054-975-8530,"폐유(절연유의 PCBs 농도가 2㎎/L 미만 함유된 폐변압기, 5% 이상 폐유 함유 폐용접기)"
53,종합재활용,㈜에스피켐텍,경북 영천시 금호읍 도남공단1길 5-35(구암리 576-2),054-332-1191,"폐산(폐염산, 폐황산, 기타폐산), 그 밖의 공정오니"
54,중간재활용,"㈜천호금속(구.대한민국상이군경회 경산공장, ㈜천호금속)",경북 경산시 진량읍 문천길 166,053-857-6488,젤리충전통신케이블(기름성분 5% 이상 함유)
55,종합재활용,㈜세화정유,경북 영천시 금호읍 칠백로 746,054-331-7403,폐유(액상)
56,종합재활용,(주)클린솔루션(구.(주)에스이텍 김천지점),경북 김천시 어모면 은림로 50-14,041-523-1056,"폐유기용제(Si, SiC, 유기용제), 공정오니(Si)"
57,종합재활용,㈜벧엘산업 성주지점,경북 성주군 초전면 주천로 308,054-933-3350,"그 밖의 폐광물유(고상, 기름성분을 5%이상 함유한 폐합성수지 : 더블유 스코프 코리아(주), 2공장 및 도레이 배터리 세퍼레이터 필름 한국 유한회사, 더블유씨피(주), SK아이이테크놀러지(주) 증평공장·청주공장에서 배출되는 그 밖의 폐광물유 한함)"
58,종합재활용,"베페사징크코리아(주)(구, 한국알엔엠㈜)",경북 경주시 천북면 천북산단로 265-15,054-750-9721,전기로 제강분진
59,종합재활용,㈜SIMPAC 포항1공장,경북 포항시 남구 괴동로 153,054-271-8733,"성형분진(단광(조개탄), 환단광(pellet))"
60,종합재활용,동일산업㈜,경북 포항시 남구 괴동로 112,054-288-7700,분진
61,종합재활용,㈜뉴에코,경북 영천시 고경면 거곡로 227-26,054-336-3200,"폐유(철용기류, 수지용기류), 폐유기용제(수지용기류)"
62,종합재활용,에스켐텍㈜,경북 경주시 안강읍 두류길 100-39,054-763-7100,"그 밖의 폐합성고분자화합물, 그 밖의 공정오니, 그 밖의 폐유
그 밖의 폐합성고분자화합물"
63,종합재활용,㈜오성케미칼,경북 영천시 금호읍 금창로 208-214,054-332-5568,"폐페인트(액상, 고상)"
64,종합재활용,㈜퓨릿 제1공장,경북 경주시 안강읍 두류길 249-278,054-701-2533,그 밖의 폐유기용제
65,종합재활용,㈜황조,경북 경주시 안강읍 두류길 149,054-742-1773,제강분진(아연함유)
66,종합재활용,아이에스에코솔루션㈜(구. 아이에스티엠씨㈜)(구. 타운마이닝캄파니㈜),경북 구미시 1공단로 216(공단동),054-462-6117,"폐유독물질(폐전지류, 산화코발트리튬니켈망간혼합물, 방전폐전지)"
67,종합재활용,동호테크,경북 구미시 산동읍 동백로 243,054-474-2245,수은함유 폐램프
68,종합재활용,주식회사 엠아이켐(M.I.Chem.)(구. ㈜녹색에너텍),경북 경주시 안강읍 두류길 206,054-763-6945,"폐유(액상), 폐유기용제(액상, 할로겐족.그 밖의 폐유기용제), 폐페인트"
69,종합재활용,㈜리너텍,경북 경산시 자인면 금박로 179,053-854-7167,폐유(액상)
70,종합재활용,주식회사 디케이온,경북 경주시 안강읍 두류길 219,054-763-2464,폐유기용제(SiC함유)
71,종합재활용,"㈜세화이에스(구, ㈜세화브이엘, ㈜세화이앤에프)",경북 구미시 3공단3로 196-5,054-473-5757,"(액상) 폐산, 폐알칼리, (고상) 오니류(폐수처리오니, 그 밖의 공정오니), 분진"
72,종합재활용,케이에스피코리아㈜,경북 포항시 남구 오천읍 송덕로 222,054-286-7230,폐유독물질(폐연료전지)
73,중간재활용,㈜수린철강,경북 경주시 외동읍 관문로 940,054-741-9722,폐유(절연유의 PCBs 농도가 2㎎/L 미만 함유된 폐변압기)
74,종합재활용,㈜비씨에너지,경북 경주시 외동읍 개곡공단길 128,054-748-5960,"폐유(액상, 60톤/일), 폐윤활유(액상, 20톤/일), 폐유기용제, 폐페인트 및 폐락카"
75,종합재활용,"㈜보성산업환경(구.㈜보성산업, 상보)",경북 구미시 장천면 신장1길 75,054-474-1981,"폐유(고상, 기름성분을 5%이상 함유한 폐합성수지)"
76,종합재활용,㈜엔코,"경북 칠곡군 약목면 칠곡대로 472-6,12,13,14",054-975-1050,"LCD, 반도체 공정의 폐산(액상), 그 밖의 폐산(액상)"
77,종합재활용,삼승㈜,"경북 경주시 안강읍 두류길 218-12(426-1, 426-2, 420-9)",054-763-7220,"폐유, 폐동식물유,그 밖의 폐유, 그 밖의 폐유기용제"
78,종합재활용,"양정산업㈜ 경주지점(구, 선일이앤알㈜ 경주지점",경북 경주시 안강읍 두류길 218-96,054-763-0581,"LCD·반도체 공정의 폐산, ,그 밖의 폐산, 분진"
79,종합재활용,㈜새빗켐2공장,경북 김천시 공단1길 11-54,054-431-3586,폐유독물(2차전지 및 2차전지 분쇄물)
80,종합재활용,(주)씨켐,경북 고령군 개진면 개진산단길 40-47,054-956-8841,"폐유(액상), 폐유기용제(액상)"
81,종합재활용,㈜세원케미칼,경북 칠곡군 약목면 교8길 113-19,별도문의,"폐산(폐황산, LCD·반도체 공정폐산, 그 밖의 폐산)"
82,종합재활용,리코씰㈜,경북 칠곡군 약목면 교8길 50-12,054-973-2999,그 밖의 폐유기용제(SiC함유)
83,종합재활용,㈜지엠텍,경북 김천시 어모면 산업단지4로 89-25,054-472-0054,그 밖의 폐유독물질[폐전지류] (고상)
84,종합재활용,㈜승헌,경북 경주시 강동면 강동산단로1길 86-39,054-763-6684,"금속성폐촉매[고상], 그밖의 공정오니(무기성)[고상], 폐수처리오니(고상)"
85,종합재활용,㈜윈켐 경산지점,경북 경산시 자인면 단북길 19-9,별도문의,그밖의 폐유기용제(액상)
86,종합재활용,㈜대성디앤아이,경북 칠곡군 북삼읍 경호천서길 92,054-972-7816,"그밖의 폐유기용제, 폐유, 폐유기용제, 폐알칼리, 폐산(액상)[용기류]"
87,종합재활용,㈜에코프로씨엔지,경북 포항시 북구 흥해읍 영일만산단남로 3,054-720-3826,그 밖의 폐유독물질[폐전지류] (고상)
88,종합재활용,㈜플레이그라운드,경북 칠곡군 약목면 교8길 80-7,054-973-8565,"폐유(액상), 그 밖의 폐유기용제(액상)"
89,종합재활용,㈜엔나노텍,경북 경주시 외동읍 제내1공단길 20,070-7736-3700,"그 밖의 폐산, 금속성 폐촉매"
90,종합재활용,㈜카본엑스리사이클링(김천공장)(변경전 한길산업),경북 김천시 어모면 산업단지4로 70,054-437-7900,"폐유독물질[폐전지류(극판, 배터리)]"
91,종합재활용,"(사복)대한민국보훈복지재단(구, ㈜금백테크)",대구 달성군 논공읍 비슬로 264길 56,053-617-5011,폐절연유(절연유에 대한 PCBs농도 2mg/L미만 함유 폐변압기)
92,종합재활용,㈜두손화학,경북 경주시 외동읍 제내1공단길 37-9,070-4639-4897,그 밖의 폐산(Zn성분을 포함한 폐산)
93,종합재활용,사단법인 순환자원과 함께하는 사람들 환경사업소,대구 달성군 논공읍 비슬로 264길 77,별도문의,폐절연유(절연유에 대한 PCBs농도 2mg/L미만 함유 폐변압기)
94,최종재활용,㈜엔케이합금메탈,경북 경주시 건천읍용명공단길 173-120,054-716-2118,폐황산이 포함된 2차폐축전지
95,종합재활용,㈜오르타머티리얼즈,경북 구미시 장천면 하장2길 274-13,032-433-3694,"(R-3-1) (01-02-99) 그 밖의 공정오니
(R-10) (09-03-00) 그 밖의 폐유독물질, (03-01-99) 그 밖의 광재, (03-02-00) 분진"
96,종합재활용,수림 ENG,대구광역시 서구 팔달로2길 69,별도문의,(06-01-03) 폐기계유·페작동유
97,종합재활용,㈜수영하이텍,대구 달성군 논공읍 논공로 390,053-710-2580,"(02-01-01·02·99) 폐염산, 폐황산, 그 밖의 폐산 
 (02-02-01·99) 폐가성소다수, 그 밖의 폐알칼리"
98,종합재활용,㈜알씨텍,경북 칠곡군 약목면 경호천동길 74 외 84-30,054-977-3090,"(02-01-02·03·99) 폐황산, 폐질산, 그 밖의 폐산
(02-02-99) 폐알칼리"
99,종합재활용,제이에이치화학공업㈜,경북 김천시 어모면 산업단지1로 83,054-421-1700,(09-03-00) 그 밖의 폐유독물질
100,종합재활용,부건산업,경북 칠곡군 가산면 송신로 282-7,별도문의,"(02-01-99) 그 밖의 폐산, (02-02-99) 그 밖의 폐알칼리, (04-02-00) 그 밖의 폐유기용제, (06-03-00) 그 밖의 폐유"
101,종합재활용,㈜하이그린,경북 김천시 남면 영남대로 3123-12,054-434-5999,"(02-01-02·05·99) 폐황산, LCD·반도체 공정의 폐산, 그 밖의 폐산"
102,종합재활용,에너지머티리얼즈㈜,경북 포항시 북구 흥해읍 용한리 810-14,054-727-8583,(09-03-00) 그 밖의 폐유독물질
103,종합재활용,네이처이앤티㈜이차전지지점,경북 포항시 남구 대송면 철강산단로130번길 177,054-271-3195,(09-03-00) 그 밖의 폐유독물질
104,종합재활용,㈜티앤에스,경북 칠곡군 석적읍 3공단2로 5,054-975-1050,"(02-01-06) 폐황산이 포함된 2차 폐축전지, (01-02-99) 그 밖의 공정오니,  (09-03-00) 그 밖의 폐유독물질"
105,종합재활용,㈜엔다이브,경북 포항시 북구 흥해읍 영일만산단로118번길 131,054-223-2580,(09-03-00) 그 밖의 폐유독물질
106,종합재활용,㈜페트로마인코리아,경북 칠곡군 북삼읍 어로4길 74-3,054-973-1888,(09-03-00) 그 밖의 폐유독물질
107,종합재활용,㈜연산케미칼,경북 경주시 천북면 천강로 295-126,054-776-1425,(09-03-00) 그 밖의 폐유독물질
108,종합재활용,㈜씨엠텍코리아,경북 경주시 서면 대경로 3247-9,054-700-9220,"(02-01-99) 그 밖의 폐산, (01-02-01) 폐수처리오니, (01-02-99) 그 밖의 공정오니(폐페인트 고상·분말), (03-02-00) 분진, (03-07-01) 금속성 폐촉매"
109,종합재활용,엠에스케미칼,대구광역시 달성군 논공읍 비슬로 1331-22(상리 1425),053-710-2188,"(06) 폐유, (04-02-00) 그 밖의 폐유기용제, (05-01-00) 폐유성페인트"
110,최종재활용,㈜바이텍,경북 경주시 안강읍 두류길 132,054-762-9949,(02-01-06) 폐황산이 포함된 2차폐축전지
111,중간재활용,㈜가야인더스트리,"경북 고령군
대가야읍
장기공단2길 22",054-954-9335,(02-01-06) 폐황산이 포함된 2차폐축전지
112,종합재활용,㈜고려엠텍,대구광역시 달성군 논공읍 비슬로 264길 46-11 외 46-5,054-954-9335,(02-01-06) 폐황산이 포함된 2차폐축전지
113,수집운반,(주)서광기업,대구시 달성군 화원읍 비슬로 2394,053-561-0790,지정폐기물(고상)
114,수집운반,(주)가람환경산업,경북 포항시 남구 오천읍 문덕로64번길 33,054-293-0110,"지정폐기물(액,고상)"
115,수집운반,(주)태흥환경개발,"경북 구미시 장천면 신장리 626-5, 1, 11",054-475-2288,"지정폐기물(액,고상)"
116,수집운반,신성유통,경북 영천시 금호읍 오계공단길 28,054-332-3402,"지정폐기물(액,고상)"
117,수집운반,금강환경(주),경북 포항시 남구 연일읍 남성길1번길 66,054-285-9277,"지정폐기물(액,고상)"
118,수집운반,(주)면강,"경북 포항시 남구 오천읍 냉천로 540, 미광에너지 2층",054-278-1700,"지정폐기물(액,고상)"
119,수집운반,세일환경유통,경북 칠곡군 약목면 교8길 113-20(구. 약목면 교리 474),054-975-3100,"지정폐기물(액,고상)"
120,수집운반,(주)녹색환경,경북 경주시 안강읍 두류길 178-12,054-762-6224,"지정폐기물(액,고상)"
121,수집운반,(주)남부써비스,경북 경산시 압량읍 신월길 37 (신월리),053-817-3396,폐유(액상)
122,수집운반,(주)민심산업,경북 고령군 다산면 나정길 26 (나정리),054-956-6879,"지정폐기물(액,고상) : 폐유,폐유기용제,폐페인트"
123,수집운반,㈜자연환경(구. ㈜자연과미래),경북 영천시 도남공단3길 2,054-336-5200,"지정폐기물(액,고상)"
124,수집운반,(주)성진티에스,"경북 포항시 남구 효성로 70-20, 2층",054-272-8190,"지정폐기물(고상) : 분진,소각재,폐주물사 및 샌드브라스트, 폐페인트"
125,수집운반,(주)지에스아이,경북 경산시 와촌면 금송로 87길 44,053-853-5511,"지정폐기물 액상(폐유, 폐유기용제, 폐페인트, 폐락카, 폐산, 폐알칼리, 폐합성고분자화합물, 폐유독물, 폐농약, 광재)
고상(폐수처리오니, 폐유, 폐농약, 공정오니, 분진, 폐페인트, 폐락카, 폐석면, 폐주물사 및 폐사, 소각재, 폐촉매, 폐내화물 및 도자기조각, 폐흡착제 및 폐흡수제, 안정화 또는 고형화 처리물, 폐산, 폐알칼리, 폐유기용제, 폐유독물)"
126,수집운반,성진환경,경북 경산시 자인면 자인공단4로 6,053-857-3305,지정폐기물(액상)
127,수집운반,한빛에너지(주),"경북 경산시 자인면 한장군로 480 (교촌리, 한빛에너지㈜)",053-854-4747,"폐유(액.고상,공드럼), 폐유기용제(할로겐.비할로겐족,폐부동액), 폐산, 폐알칼리, 폐페인트 등"
128,수집운반,(주)건협,경북 경산시 진량읍 평사1길 104-34 (평사리),053-856-0340,"지정폐기물(액,고상)"
129,수집운반,(주)유일,경북 포항시 남구 포스코대로 437 (해도동),054-283-9800,"분진,소각재,폐페인트,폐주물사,폐유(단, 고상)"
130,수집운반,호경산업,경북 경산시 진량읍 두인길 9 (선화리 201),053-851-0731,폐산(액상)
131,수집운반,(주)강동환경,대구광역시 수성구 들안로14길 33-4,053-965-3006,지정폐기물(고상) : 폐석면
132,수집운반,열린환경㈜,"대구시 달성군 화원읍 성화로 18, 열린빌딩 2층",053-639-8008,폐석면
133,수집운반,(주)태경환경,대구시 북구 동북로61길 13-2 (복현동),053-958-9596,"폐석면,오니류,폐광재,분진,소각재,폐유,폐페인트,폐유기용제,폐내화물,폐흡착제"
134,수집운반,주은산업(주),경북 구미시 산동면 성수4길 15,054-474-5063,"지정폐기물(고상) : 폐합성고분자화합물,오니류,소각재,폐유,폐석면,폐유기용제,폐페인트,폐락카,분진"
135,수집운반,(유)종운환경,경상북도 포항시 남구 서원재로 1,054-291-1202,"분진, 폐유(고상), 소각재, 폐수처리오니, 폐페인트, 폐주물사, 폐석면, 광재, 폐사, 공정오니, 폐유기용제(고상)"
136,수집운반,동방환경산업(주),경북 안동시 앙실로 333 (수하동),054-859-7979,폐석면
137,수집운반,대영환경(주),경북 포항시 남구 오천읍 문덕서로 155 (문덕리),054-293-5515,"(고상)분진,소각재,폐수처리오니,폐페인트,폐주물사,폐유,폐석면,광재,폐사,공정오니,폐유기용제, 폐농약, 폐내화물, 폐유독물, 폐흡착제, 폐알칼리, 폴리클로리네이티드비페닐(PCBs)함유폐기물(PCBs 함유 폐변압기, 폐축전지, 폐안정기를 원형 그대로 배출할 경우), 폐촉매, 폐락카 / (액상)폐농약, 폐산, 폐알칼리, 폐유기용제. 폐페인트, 폐유독물, 폐유, 폐락카"
138,수집운반,(주)동진환경,"경북 경주시 천북면 모아동산길 207-16 (동산리, 동진환경)",054-742-8572,"폐유(고상), 폐페인트(고상), 분진, 폐주물사"
139,수집운반,주식회사 에스피환경,경북 영천시 도남공단3길 25,054-336-0280,"고상-폐농약,분진,소각재,폐유,폐유기용제,폐사,폐내화물,광재,오니류,폐페인트,폐석면"
140,수집운반,(주)피앤비,경북 포항시 남구 오천읍 정몽주로 793,054-282-0041,분진
141,수집운반,(주)삼우환경,대구시 동구 안심로 102길 39,053-964-2504,폐석면
142,수집운반,대구환경,"대구광역시 달성군 다사읍 서재로7길 23, 207동 603호",053-593-0030,"폐유, 폐유기용제, 폐산, 폐알칼리, 폐합성고분자화합물(액상)"
143,수집운반,(주)대구경북환경공사,경북 고령군 개진면 개경포로 512,053-525-6813,"지정폐기물 [폐유(액상), 폐유, 폐페인트, 분진(고상)]"
144,수집운반,㈜중앙환경산업(구.(주)아스에이원),경북 김천시  아포대로 56-39,054-430-4244,"오니류, 광재, 분진, 폐주물사 및 샌드블라스트폐사, 폐내화물 및 재벌구이 전에 유약을 바른 도자기 조각, 폐페인트 및 폐래커, 폐유, 폐석면"
145,수집운반,삼성석면환경㈜,경북 안동시 서후면 풍산태사로 2671,054-859-1135,"지정폐기물 고상(오니류, 광재, 분진, 소각재. 폐유, 폐석면)"
146,수집운반,시원환경(주),경북 울진군 북면 울진북로 2321 (나곡리),054-783-6441,"폐유, 폐페인트 및 폐래커, 분진, 소각재, 폐흡착제, 공정오니, 폐수오니, 폐촉매, 폐유기용제, 폐농약, 폐산, 폐알칼리, 광재, 안정화 또는 고형화처리물, 그밖의 폐기물"
147,수집운반,(주)에스피켐텍,경북 영천시 금호읍 도남공단1길 5-35 (구암리),054-332-1191,"폐유(액상), 폐유기용제(액상), 폐산, 폐알칼리"
148,수집운반,(주)친환경,대구 달성군 하빈면 달구벌대로 8길 62,054-956-6701,폐유(액상)
149,수집운반,매일환경㈜,경북 포항시 남구 오천읍 냉천로 540 (문덕리),054-292-5677,"액상(폐유기용제, 폐페인트 및 페락카, 폐유), 고상(폐수처리오니, 공정오니, 폐주물사 및 폐사, 폐흡착제 및 폐흡수제, 폐페인트  및 폐락카, 폐유, 폐석면)"
150,수집운반,일성산업㈜,경북 영천시 금호읍 죽방길 279-9,054-334-1900,"(액상)폐유기용제, 폐페인트 및  폐락카, 폐유, 폐산, 폐알칼리, 폐광물유, 폐유독물질/ (고상)폐수처리오니, 공정오니, 폐주물사 및 폐사, 폐흡착제 및 폐흡수제, 폐페인트 및 폐락카, 폐유, 폐석면, 폐합성고분자화합물, 폐유기용제, 폐농약, 광재, 분진, 폐내화물 및 폐도자기 조각, 소각재, 안정화 또는 고형화·고화처리물, 폐촉매, 폐광물유, 폐유독물질"
151,수집운반,(주)세화정유,경북 영천시 금호읍 칠백로 746,054-331-7403,"폐유, 폐유기용제, 폐페인트, 폐산, 폐알칼리, 공정오니"
152,수집운반,대경씨엔,경북 경산시 압량읍 진등길 61,053-817-0791,"액상(폐유, 폐유기용제, 폐페인트 및 폐락카, 폐농약, 폐산, 폐알칼리,PCBs 함유 폐기물정오니), 고상(폐유, 폐유기용제, 폐페인트 및 폐락카, 공정오니, 폐농약, 광재, 분진,폐주물사 및 폐사, 소각재, 폐촉매 폐흡착제 및 폐흡수제)"
153,수집운반,(주)클린코리아 안강공장,경북 경주시 안강읍 두류길 162,054-762-7672,"액상(폐유, 폐유기용제, 폐페인트 및 폐락카, 폐농약, 폐산, 폐알칼리,PCBs 함유 폐기물정오니), 고상(폐유, 폐유기용제, 폐페인트 및 폐락카, 공정오니, 폐농약, 광재, 분진,폐주물사 및 폐사, 소각재, 폐촉매 폐흡착제 및 폐흡수제)"
154,수집운반,(주)에스에이치산업,경북 영천시 채신1공단길 74-22,054-331-1866,액상(폐산)
155,수집운반,(주)보원에코,경북 포항시 남구 연일읍 철강로 107번길 17-6 (오천리),054-285-3088,"지정폐기물(액상, 고상)"
156,수집운반,신진산업,"대구광역시 군위군 군위읍 경북대로 3389, 201호",별도문의,"폐합성고분자화합물, 폐수처리오니, 소각재, 폐내화물, 폐석면"
157,수집운반,신성비철산업,대구 동구 안심로 65길 10,053-963-8877,"폐유 고상(JF 케이블, PCBs 2ppm 미만 폐변압기류), PCBs 함유 폐기물 고상(PCBs 2ppm 이상 폐변압기류)"
158,수집운반,동일환경㈜,경북 포항시 북구 흥해읍 동해대로 878 B동 105호,054-273-3328,"지정폐기물(고상, 액상)"
159,수집운반,(주)한국이앤티,경북 구미시 인동가산로 562,054-474-8087,지정폐기물(액상)
160,수집운반,에이치에스씨케미칼(구.HSC케미칼),경북 칠곡군 석적읍 동중리1길 79 (중리),054-471-1006,폐염산(액상)
161,수집운반,㈜비씨에너지,경북 경주시 외동읍 개곡공단길 140,054-748-5960,"폐유(액상), 폐유기용제(액상), 폐페인트(액상)"
162,수집운반,㈜피제이산업,경북 영천시 도남공단길 21,054-292-2290,"액상(폐유, 폐유기용제, 폐페인트, 폐락카, 폐산, 폐알칼리, 폐농약, 폴리클로리네이티드비페닐 함유 폐기물)
고상(폐유, 폐유기용제, 폐페인트, 폐락카, 분진, 오니류, 폐농약, 광재, 폐주물사 및 폐사, 소각재, 폐촉매, 폐흡착제 및 폐흡수제), 폐유독물질"
163,수집운반,㈜태인산업,경북 칠곡군 기산면 남평로 120,054-974-5599,지정폐기물(고상)
164,수집운반,주식회사 대금,경북 영천시 고경면 호국로 1516-81,별도문의,"지정폐기물[고상(오니류, 광재, 분진, 폐내화물, 소각재, 폐석면, 그 밖의 폐합성고분자화합물, 폐황산이 포함된 2차폐축전지, 폐유성 페인트, 폐수성페인트, 그 밖의 폐광물유, 그 밖의 폐유기용제, 폐흡착제)]"
165,수집운반,㈜에스에이치로지스,"경북 구미시 인동25길 15, 202호(정우빌딩)",054-473-0208,"지정폐기물[액상(폐산, 폐알칼리, 그 밖의 폐유독물질)]"
166,수집운반,㈜금백테크,대구 달성군 논공읍 비슬로 264길 56,053-617-5011,"지정폐기물[폐유(PCBs 농도 2ppm 미만, 2ppm 이상 함유 폐변압기), 폐배터리, 폐합성고분자화합물, 오니류, 폐농약, 폐산, 폐알칼리, 광재, 분진, 폐주물사 및 폐사, 폐촉매, 폐유기용제, 폐페인트 및 폐락카, 폐유, 폴리클로리네이티드비페닐 함유 폐기물]"
167,수집운반,㈜성은,경북 구미시 1공단로 10길 53-24,054-461-8147,"지정폐기물[액상(폐산, 폐알칼리)]"
168,수집운반,한일정유㈜,경북 경산시 자인면 자인공단로 50,053-856-8672,"지정폐기물(액상) : 오니류(폐수처리오니, 공정오니), 폐농약, 폐산, 폐알칼리, 폐유기용제(할로겐족, 그 밖의 폐유기용제), 폐페인트 및 폐래커, 폐유, 폴리클로리네이티드비페닐 함유 폐기물, 폐유독물
지정폐기물(고상) : 오니류(폐수처리오니, 공정오니), 폐농약, 폐산, 폐알칼리, 광재, 분진, 폐주물사 및 샌드블라스트폐사, 폐내화물 및 재벌구이 전에 유약을 바른 도자기 조각, 소각재, 안정화 또는 고형화·고화 처리물, 폐촉매, 폐흡착제 및 폐흡수제, 폐유기용제(할로겐족, 그 밖의 폐유기용제), 폐페인트 및 폐래커, 폐유, 폐석면, 폴리클로리네이티드비페닐 함유폐기물, 폐유독물"
169,수집운반,남문개발㈜,경북 고령군 우곡면 우곡로 1156,054-956-0214,지정폐기물(고상)
170,수집운반,㈜뉴리소스,경북 경산시 자인면 일연로 130,053-710-0714,"지정폐기물[액상(폐유, 폐광물유, 폐유기용제)]"
171,수집운반,㈜한백에코개발,경북 경산시 남산면 성산로 410(경북 경산시 남산면 연하리 407),054-435-4343,지정폐기물(고상)
172,수집운반,㈜클린코리아 대구경북영업소,경북 경산시 자인면 공단로 144-11,053-818-8807,지정폐기물(액고상)
173,수집운반,㈜오엔환경,경북 영천시 천문로 588,054-332-6180,지정폐기물(액고상)
174,수집운반,조영산업,대구광역시 달성군 하빈면 하빈남로 374,053-592-1134,지정폐기물(고상)
175,수집운반,㈜에스엠환경개발,대구 달성군 화원읍 성암로16-40,053-631-2995,지정폐기물(고상)
176,수집운반,㈜레온특수,경북 고령군 개진면 성산로 284,054-956-8841,지정폐기물(액상)
177,수집운반,㈜다산특수,"경북 경산시 자인면 금박로 177, 2층",053-857-5192,지정폐기물(액상)
178,수집운반,㈜더뉴환경,경북 포항시 남구 연일읍 형산강남로436번길 27,054-253-0566,지정폐기물(액상)
179,수집운반,㈜환경코리아 칠곡지점,경북 칠곡군 약목면 경호천동길 74,054-977-3091,지정폐기물(액상)
180,수집운반,㈜우보,"경북 경산시 진량읍 금박로 488-20, 488-18",054-971-1040,"지정폐기물(고상), 지정폐기물(액상)[ 폐산, 폐알칼리, 폐유기용제, 폐페인트 및 폐락카, 폐광물유, 폐동식물유, 그 밖의 폐유]"
181,수집운반,㈜한결건설,경북 김천시 마잠4길 69-30,054-433-7227,"지정폐기물 고상[오니류, 광재, 분진, 폐주물사 및 샌드블라스트 폐사, 폐내화물 및 재벌구이 이전에 유약을 바른 도자기 조각, 소각재, 안정화 또는 고형화·고화처리물, 폐유성페인트, 폐수성페인트, 폐유, 폐석면]"
182,수집운반,세화환경,경북 영천시 금호읍 칠백로 736,054-332-7403,"지정폐기물(고상)[오니류, 폐페인트 및 폐락카, 폐유], 지정폐기물(액상)[폐유기용제, 폐페인트 및 폐락카, 폐유]"
183,수집운반,주식회사 그린다,경북 경주시 서면 갠버불길 98,054-0802-5464,"지정폐기물(고상)[지정폐기물 고상[폐합성고분자화합물, 오니류, 광재, 분진, 폐주물사 및 폐사, 폐내화물 및 폐도자기 조각, 폐페인트 및 폐락카, 폐유, 폐석면]]"
184,수집운반,주식회사 현대유앤아이,"경북 경산시 하양읍 하양로34, 2층 비-04호",053-781-7667,지정폐기물(액상)
185,수집운반,신아물류(주),경북 영천시 대창면 금박로 776-10,053-965-6691,지정폐기물(고상)
186,의료수집운반,㈜영남실업,경북 경산시 경안로30길 19(삼북동),053-813-5524,의료폐기물
187,의료수집운반,제일클린,경북 상주시 함창읍 함창로 379,054-532-3112,의료폐기물
188,의료수집운반,영포위생,"경북 포항시 남구 희망대로 751(상도동), 3층",054-281-0989,의료폐기물
189,의료수집운반,영동위생,경북 울진군 울진읍 읍내8길 27,054-783-8345,의료폐기물
190,의료수집운반,(주)경주환경,경북 경주시 안강읍 사방검단길 156-2(사방리),054-774-1224,의료폐기물
191,의료수집운반,(주)세명유니온,대구시 달성군 논공읍 노이1길 26,053-616-1337,의료폐기물
192,의료수집운반,E-라이프산업사,"경북 구미시 송동로 162(도량동), 202호",054-475-1573,의료폐기물
193,의료수집운반,에코탑,경북 구미시 4공단로 16길 18,054-472-5193,의료폐기물
194,의료수집운반,광명그린텍(주),대구시 북구 검단로 199(검단동),053-381-7587,의료폐기물
195,의료수집운반,파란환경,경북 경산시 진량읍 평사3길 35-2,053-981-2733,의료폐기물
196,의료수집운반,에이스환경산업,경북 경산시 자인면 서원천로 18(옥천리),053-851-6166,의료폐기물
197,의료수집운반,㈜에코비트에너지경주(구.㈜이에스지경주),경북 경주시 안강읍 두류길 178-1(두류리),054-763-0341,의료폐기물
198,의료수집운반,㈜에코,경북 경주시 안강읍 두류길 178-1(두류리),054-763-4555,의료폐기물
199,의료수집운반,(주)에버메디,"대구 달서구 문화회관길 145(장기동), 2층",053-585-0873,의료폐기물
200,의료수집운반,에버그린,경북 경산시 자인면 남촌2길 9-1(교촌리),053-856-0633,의료폐기물
201,의료수집운반,㈜지엘(구. ㈜에스엘디산업),경북 경산시 자인면 공단로 110-24(계림리),053-719-2852,의료폐기물
202,의료수집운반,대구의료공사,경북 영천시 대전강변길 55,054-338-0404,의료폐기물
203,의료수집운반,㈜세본환경,경북 칠곡군 동명면 금암동석 1길 3-1(금암리),054-972-8355,의료폐기물
204,의료수집운반,㈜소올환경,"대구 중구 중앙대로 440-2, 4층",053-762-1038,의료폐기물
205,의료수집운반,성화㈜,대구 달서구 장기로 374(장기동),053-611-4785,의료폐기물
206,의료수집운반,㈜참별환경,"대구 달성군 논공읍 상리 475-2 (우편주소 상이, 메모확인 요망)",053-267-9901,의료폐기물
207,의료수집운반,가람환경산업㈜,"경북 구미시 4공단로 405, 102호(금전동)",054-473-9979,의료폐기물
208,의료수집운반,㈜대경메디,대구 달성군 논공읍 금포로 65(금포리),053-611-7464,의료폐기물
209,의료수집운반,모아모아환경,경북 경주시 천북면 신당소티고개길 54-16(신당리),054-777-7070,의료폐기물
210,의료수집운반,디디에스메디크린,대구 북구 대불서길 56-3(산격동),별도문의,의료폐기물
211,의료수집운반,㈜스트레이트,대구시 수성구 달구벌대로489길 26(범어동),053-759-4142,의료폐기물
212,의료수집운반,엠에이치메디,대구광역시 북구 팔달동 222-1,053-761-5858,의료폐기물
213,의료수집운반,에코의료환경,"경북 포항시 북구 새마을로 71, 301호",054-253-8272,의료폐기물
214,의료수집운반,㈜리더스로지스환경,"경북 포항시 남구 해동로 72번길 12, 비동",054-281-7738,의료폐기물
215,중간처분(소각),네이처이앤티㈜(구.동양에코㈜),경북 포항시 남구 철강로492번길 49,054-271-3154,"폐합성고분자화합물, 오니류, 폐촉매, 폐흡착제 및 폐흡수제, 폐유기용제, 폐유, 그밖에 환경부장관이 정하여 고시하는 물질(30-00-00)"
216,중간처분(소각),주식회사 케이비아이국인산업(구.㈜국인산업),경북 구미시 3공단3로 46-79(시미동),054-473-1116,"폐합성수지,폐페인트및락카,폐유기용제,폐유,폐흡착제등"
217,중간처분(소각),"리뉴에너지경북주식회사(구. 경북환경에너지주식회사, ㈜이앤이)",경북 구미시 4공단로 44(구포동),054-475-4141,"폐합성고분자화합물,폐유,폐유기용제(비할로겐족), (일반폐기물 포함)"
218,중간처분(소각),"주식회사 에스피환경(구.주식회사 에스피네이처영천사업소, (주)네비엔영천사업소)",경북 영천시 도남공단3길 25,054-336-0280,"폐유(고상), 그 밖의 폐유기용제, 폐흡착제, 폐흡수제"
219,중간처분,신성비철산업,대구시 동구 안심로 347(각산동),053-963-8877,"PCBs 함유 폐기물(절연유의 PCBs 농도가 2ppm 이상 함유된 폐변압기, 폐콘덴서)"
220,중간처분,"영천켐 주식회사(구. 오케이테크, 구. 대기케미칼)",경북 영천시 칠백로 808-7,054-333-0555,"폐산(폐불산), 폐알카리"
221,중간처분,㈜에스에이치,대구 달서구 장기로 374(장기동),053-593-8118,"폐산, 폐알카리"
222,중간처분,㈜에스에이치테크놀러지[구. ㈜보광],경북 영천시 금호읍 오계공단길 1-55,053-241-5081,"폐산, 공정오니"
223,중간처분,㈜에스이,경북 구미시 장천면 장천상림3길 83,054-476-6303,공정오니
224,중간처분(소각),㈜에너지정세[구.㈜에코비트에너지정세(구.정세환경기술주식회사)],경북 경주시 안강읍 두류길 218-116,054-761-6767,"폐유(액, 고상), 그밖의폐유기용제(액, 고상)"
225,중간처분,㈜앤씨티,경북 영천시 청통면 용내길 67-32,054-336-8372,폐산(액상)
226,중간처분,㈜대성E.R.C,경북 칠곡군 지천면 칠곡대로 2040-107,054-972-0030,"사업장폐기물소각시설비산재, 그 밖의 공정오니"
227,중간처분,㈜녹색환경,경북 경주시 안강읍 두류길 208,054-762-6224~5,폐석면
228,중간처분,㈜금보머티리얼즈,경북 칠곡군 왜관읍 공단로13길 69-19,054-972-2022,그밖의폐산
229,의료중간처분,㈜에너지경산 [구.㈜에코비트에너지경산(구.㈜이에스지경산)],경북 경산시 진량읍 대구대로 355-26(평사리 513-1),053-857-0360,의료폐기물
230,의료중간처분,㈜씨케이(구. (주)아림환경),경북 고령군 다산면 다산산단로 54-58,054-956-7200,의료폐기물
231,의료중간처분,㈜에너지경주[구. ㈜에코비트에너지경주(구.㈜이에스지경주)],경북 경주시 안강읍 두류길 178-1,054-763-0341,의료폐기물
232,최종처분,네이처이앤티㈜(구.동양에코㈜),경북 포항시 남구 대송면 철강로492번길 49(옥명리 200-1),054-271-3154,지정폐기물
233,최종처분,"㈜그린밸리 구미지점(구.㈜이앤컴퍼니 구미지점, (주)케이엠그린 구미지점)",경북 구미시 산동면 송백로 398-90,054-476-8816,지정폐기물
234,최종처분,(주)포항그린(구.(주)그린바이로),경북 포항시 남구 대송면 송덕로 188(옥명리),054-277-8288,폐기물관리법 시행령〔별표1〕에 규정된 지정폐기물 중 매립가능 지정폐기물
235,최종처분,㈜구미그린(구.(주)에코이앤이),경북 구미시 4공단로 10길 56(금전동),054-715-5563,지정폐기물
236,최종처분,(주)지엠이앤씨,경북 성주군 성주읍 성주산업단지로1길 102,054-933-9611,지정폐기물
237,최종처분,리뉴랜드경주 주식회사(구.(주)와이에스텍),경북 경주시 강동면 강동산단로 1길 94-14,054-705-5800,지정폐기물
238,최종처분,"㈜에코랜드[구. ㈜제넨바이오경주지점, 구. ㈜케이디네이쳐엔바이오 경주지점(구. ㈜태양씨앤엘(구.㈜공감이앤티))]",경북 경주시 건천읍 용명공단길 173-160,054-751-6688,폐기물관리법 시행령〔별표1〕에 규정된 지정폐기물 중 매립가능 지정폐기물
239,최종처분,㈜양원이엔지,경북 고령군 성산면 동고령산단2길 77,054-956-7250,폐기물관리법 시행령〔별표1〕에 규정된 지정폐기물 중 매립가능 지정폐기물
